"Name","Team","G","PA","HR","R","RBI","BB","IBB","SO","HBP","SF","SH","GDP","SB","CS","AVG","OBP","SLG","OPS","playerid"
"Christian Yelich","Brewers","130","580","44","100","97","80","16","118","8","3","0","8","30","2",".329",".429",".671","1.100","11477"
"Mike Trout","Angels","134","600","45","110","104","110","14","120","16","4","0","5","11","2",".291",".438",".645","1.083","10155"
"Yordan Alvarez","Astros","87","369","27","58","78","52","4","94","2","2","0","9","0","0",".313",".412",".655","1.067","19556"
"Alex Bregman","Astros","156","690","41","122","112","119","2","83","9","8","0","9","5","1",".296",".423",".592","1.015","17678"
"Nelson Cruz","Twins","120","521","41","81","108","56","8","131","7","3","0","14","0","1",".311",".392",".639","1.031","2434"
"David Freese","Dodgers","79","186","11","35","29","23","0","44","1","0","0","7","0","0",".315",".403",".599","1.002","9549"
"Cody Bellinger","Dodgers","156","660","47","121","115","95","21","108","3","4","0","10","15","5",".305",".406",".629","1.035","15998"
"Anthony Rendon","Nationals","146","646","34","117","126","80","8","86","12","9","0","13","5","1",".319",".412",".598","1.010","12861"
"Ketel Marte","Diamondbacks","144","628","32","97","92","53","2","86","4","2","0","7","10","2",".329",".389",".592",".981","13613"
"Mitch Garver","Twins","93","359","31","70","67","41","0","87","5","2","0","5","0","0",".273",".365",".630",".995","15161"
"Joey Gallo","Rangers","70","297","22","54","49","52","4","114","2","1","1","0","4","2",".253",".389",".598",".986","14128"
"George Springer","Astros","122","556","39","96","96","67","1","113","6","4","0","12","6","2",".292",".383",".591",".974","12856"
"Howie Kendrick","Nationals","121","370","17","61","62","27","1","49","4","5","0","11","2","1",".344",".395",".572",".966","4229"
"Fernando Tatis Jr.","Padres","84","372","22","61","53","30","1","110","5","3","0","4","16","6",".317",".379",".590",".969","19709"
"Juan Soto","Nationals","150","659","34","110","110","108","3","132","3","6","0","11","12","1",".282",".401",".548",".949","20123"
"Nolan Arenado","Rockies","155","662","41","102","118","62","11","93","4","8","0","14","3","2",".315",".379",".583",".962","9777"
"Anthony Rizzo","Cubs","146","613","27","89","94","71","3","86","27","3","0","15","5","2",".293",".405",".520",".924","3473"
"Xander Bogaerts","Red Sox","155","698","33","110","117","76","2","122","2","6","0","11","4","2",".309",".384",".555",".939","12161"
"Keston Hiura","Brewers","84","348","19","51","49","25","1","107","8","1","0","6","9","3",".303",".368",".570",".938","20003"
"Charlie Blackmon","Rockies","140","634","32","112","86","40","1","104","9","5","0","11","2","5",".314",".364",".576",".940","7859"
"Freddie Freeman","Braves","158","692","38","113","121","87","11","127","6","2","0","17","6","3",".295",".389",".549",".938","5361"
"J.D. Martinez","Red Sox","146","657","36","98","105","72","9","138","4","5","0","19","2","0",".304",".383",".557",".939","6184"
"Mark Canha","Athletics","126","497","26","80","58","67","1","107","18","2","0","10","3","2",".273",".396",".517",".913","11445"
"Jeff McNeil","Mets","133","567","23","83","75","35","2","75","21","1","0","5","5","6",".318",".384",".531",".916","15362"
"Bo Bichette","Blue Jays","46","212","11","32","21","14","0","50","1","1","0","2","4","4",".311",".358",".571",".930","19612"
"Peter Alonso","Mets","161","693","53","103","120","72","6","183","21","3","0","13","1","0",".260",".358",".583",".941","19251"
"Jordan Luplow","Indians","85","261","15","42","38","33","0","61","2","1","0","7","3","2",".276",".372",".551",".923","16424"
"Aaron Judge","Yankees","102","447","27","75","55","64","4","141","3","1","0","11","3","2",".272",".381",".540",".921","15640"
"Eugenio Suarez","Reds","159","662","49","87","103","70","4","189","11","6","0","12","3","2",".271",".358",".572",".930","12552"
"Carlos Correa","Astros","75","321","21","42","59","35","0","75","2","4","0","8","1","0",".279",".358",".568",".926","14162"
"Mookie Betts","Red Sox","150","706","29","135","80","97","6","101","3","9","0","11","16","3",".295",".391",".524",".915","13611"
"Trevor Story","Rockies","145","656","35","111","85","58","0","174","7","3","0","3","23","8",".294",".363",".554",".917","12564"
"Carlos Santana","Indians","158","686","34","110","93","108","12","108","3","2","0","13","4","0",".281",".397",".515",".911","2396"
"Austin Meadows","Rays","138","591","33","83","89","54","6","131","7","0","0","3","12","7",".291",".364",".558",".922","15672"
"Kris Bryant","Cubs","147","634","31","108","77","74","1","145","15","2","0","10","4","0",".282",".382",".521",".903","15429"
"Yoan Moncada","White Sox","132","559","25","83","79","40","2","154","4","3","1","1","10","3",".315",".367",".548",".915","17232"
"Miguel Sano","Twins","105","439","34","76","79","55","0","159","3","1","0","5","0","1",".247",".346",".576",".923","12164"
"Josh Bell","Pirates","143","613","37","94","116","74","13","118","5","7","0","11","0","1",".277",".367",".569",".936","13145"
"Jorge Soler","Royals","162","679","48","95","117","73","3","178","10","4","0","16","3","1",".265",".354",".569",".922","14221"
"Josh Donaldson","Braves","155","659","37","96","94","100","2","155","8","2","0","13","4","2",".259",".379",".521",".900","5038"
"Hunter Pence","Rangers","83","316","18","53","59","26","0","69","2","2","0","2","6","1",".297",".358",".552",".910","8252"
"Rafael Devers","Red Sox","156","702","32","129","115","48","7","119","4","2","1","8","8","8",".311",".361",".555",".916","17350"
"DJ LeMahieu","Yankees","145","655","26","109","102","46","0","90","2","4","1","14","5","2",".327",".375",".518",".893","9874"
"Nick Solak","Rangers","33","135","5","19","17","15","1","29","4","0","0","2","2","0",".293",".393",".491",".884","19294"
"Jose Altuve","Astros","124","548","31","89","74","41","0","82","3","3","1","19","6","5",".298",".353",".550",".903","5417"
"J.D. Davis","Mets","140","453","22","65","57","38","2","97","3","2","0","14","3","0",".307",".369",".527",".895","16219"
"Trey Mancini","Orioles","154","679","35","106","97","63","3","143","9","5","0","22","1","0",".291",".364",".535",".899","15149"
"Marcus Semien","Athletics","162","747","33","123","92","87","2","102","2","1","0","11","10","8",".285",".369",".522",".892","12533"
"Max Muncy","Dodgers","141","589","35","101","98","90","1","149","8","4","0","5","4","1",".251",".374",".515",".889","13301"
"Mike Ford","Yankees","50","163","12","30","25","17","2","28","3","0","0","0","0","0",".259",".350",".559",".909","15585"
"Matt Joyce","Braves","129","238","7","32","23","38","0","45","0","0","0","3","0","0",".295",".408",".450",".858","3353"
"Bryan Reynolds","Pirates","134","546","16","83","68","46","0","121","6","3","0","9","3","2",".314",".377",".503",".880","19326"
"Justin Turner","Dodgers","135","549","27","80","67","51","1","88","14","5","0","11","2","0",".290",".372",".509",".881","5235"
"Giovanny Urshela","Yankees","132","476","21","73","74","25","1","87","5","4","0","13","1","1",".314",".355",".534",".889","10681"
"Ronald Acuna Jr.","Braves","156","715","41","127","101","76","4","188","9","1","0","8","37","9",".280",".365",".518",".883","18401"
"Will Smith","Dodgers","54","196","15","30","42","18","1","52","5","3","0","3","2","0",".253",".337",".571",".907","19197"
"Dominic Smith","Mets","89","197","11","35","25","19","0","44","1","0","0","5","1","2",".282",".355",".525",".881","15653"
"Willson Contreras","Cubs","105","409","24","57","64","38","2","102","9","2","0","4","1","2",".272",".355",".533",".888","11609"
"Matt Olson","Athletics","127","547","36","73","91","51","7","138","12","1","0","11","0","0",".267",".351",".545",".896","14344"
"Ian Happ","Cubs","58","156","11","25","30","15","0","39","0","1","0","1","2","0",".264",".333",".564",".898","17919"
"Brad Miller","- - -","79","170","13","26","25","15","0","45","1","0","0","2","2","0",".260",".329",".565",".894","12775"
"Michael Brantley","Astros","148","637","22","88","90","51","3","66","7","4","0","21","3","2",".311",".372",".503",".875","4106"
"Corey Dickerson","- - -","78","279","12","33","59","16","4","56","0","3","0","4","1","0",".304",".341",".565",".906","10762"
"Bryce Harper","Phillies","157","682","35","98","114","99","11","178","6","4","0","10","15","3",".260",".372",".510",".882","11579"
"Yuli Gurriel","Astros","144","612","31","85","104","37","2","65","5","6","0","12","5","3",".298",".343",".541",".884","19198"
"David Dahl","Rockies","100","413","15","67","61","28","0","110","4","5","2","3","4","4",".302",".353",".524",".877","13744"
"Reese McGuire","Blue Jays","30","105","5","14","11","7","0","18","0","0","0","1","0","0",".299",".346",".526",".872","15674"
"Mike Tauchman","Yankees","87","296","13","46","47","34","0","71","1","1","0","9","6","0",".277",".361",".504",".865","15274"
"Tim Anderson","White Sox","123","518","18","81","56","15","0","109","3","2","0","12","17","5",".335",".357",".508",".865","15172"
"Cameron Maybin","Yankees","82","269","11","48","32","30","0","72","0","0","0","5","9","6",".285",".364",".494",".858","5223"
"Edwin Encarnacion","- - -","109","486","34","81","86","58","1","103","7","3","0","4","0","1",".244",".344",".531",".875","2151"
"Joc Pederson","Dodgers","149","514","36","83","74","50","2","111","12","2","0","4","1","1",".249",".339",".538",".876","11899"
"Yasmani Grandal","Brewers","153","632","28","79","77","109","2","139","5","5","0","16","5","1",".246",".380",".468",".848","11368"
"Luis Arraez","Twins","92","366","4","54","28","36","1","29","1","3","0","2","2","2",".334",".399",".439",".838","18568"
"Adam Duvall","Braves","41","130","10","17","19","7","0","39","2","1","0","0","0","0",".267",".315",".567",".882","10950"
"Aristides Aquino","Reds","56","225","19","31","47","16","2","60","2","2","0","5","7","0",".259",".316",".576",".891","15482"
"Hunter Dozier","Royals","139","586","26","75","84","55","2","148","3","5","0","9","2","2",".279",".348",".522",".870","15117"
"Luke Voit","Yankees","118","510","21","72","62","71","2","142","9","1","0","12","0","0",".263",".378",".464",".842","14811"
"Gleyber Torres","Yankees","144","604","38","96","90","48","3","129","3","6","1","10","5","2",".278",".337",".535",".871","16997"
"Wilmer Flores","Diamondbacks","89","285","9","31","37","15","0","31","4","1","0","9","0","0",".317",".361",".487",".848","5827"
"Andrew McCutchen","Phillies","59","262","10","45","29","43","0","55","0","0","0","1","2","1",".256",".378",".457",".834","9847"
"Michael Conforto","Mets","151","648","33","90","92","84","5","149","10","5","0","11","7","2",".257",".363",".494",".856","16376"
"Lourdes Gurriel Jr.","Blue Jays","84","343","20","52","50","20","0","86","5","3","1","4","6","4",".277",".327",".541",".869","19238"
"Nicholas Castellanos","- - -","151","664","27","100","73","41","1","143","5","3","0","12","2","2",".289",".337",".525",".863","11737"
"Kyle Schwarber","Cubs","155","610","38","82","92","70","5","156","5","6","0","6","2","3",".250",".339",".531",".871","16478"
"Tommy Edman","Cardinals","92","349","11","59","36","16","0","61","7","0","0","3","15","1",".304",".350",".500",".850","19470"
"Ramon Laureano","Athletics","123","481","24","79","67","27","0","123","11","8","1","7","13","2",".288",".340",".521",".860","17128"
"Trea Turner","Nationals","122","569","19","96","57","43","2","113","3","2","0","10","35","5",".298",".353",".497",".850","16252"
"Max Kepler","Twins","134","596","36","98","90","60","0","99","8","4","0","5","1","5",".252",".336",".519",".855","12144"
"Tom Murphy","Mariners","76","281","18","32","40","19","0","87","1","1","0","0","2","0",".273",".324",".535",".858","13499"
"Matt Chapman","Athletics","156","670","36","102","91","73","0","147","11","3","0","12","1","1",".249",".342",".506",".848","16505"
"Brandon Lowe","Rays","82","327","17","42","51","25","0","113","5","1","0","1","5","0",".270",".336",".514",".850","18882"
"Ryan Braun","Brewers","144","508","22","70","75","34","1","105","8","3","0","15","11","1",".285",".343",".505",".849","3410"
"Ozzie Albies","Braves","160","702","24","102","86","54","6","112","4","4","0","2","15","4",".295",".352",".500",".852","16556"
"Eric Thames","Brewers","149","459","25","67","61","51","4","140","10","2","0","0","3","2",".247",".346",".505",".851","3711"
"Shin-Soo Choo","Rangers","151","660","24","93","61","78","3","165","18","1","0","6","15","1",".265",".371",".455",".826","3174"
"Starling Marte","Pirates","132","586","23","97","82","25","1","94","16","4","2","15","25","6",".295",".342",".503",".845","9241"
"Mike Yastrzemski","Giants","107","411","21","64","55","32","1","107","4","3","1","4","2","4",".272",".334",".518",".852","14854"
"Jorge Polanco","Twins","153","704","22","107","79","60","2","116","4","7","2","11","4","3",".295",".356",".485",".841","13152"
"Shohei Ohtani","Angels","106","425","18","51","62","33","1","110","2","4","0","6","12","3",".286",".343",".505",".848","19755"
"Danny Santana","Rangers","130","511","28","81","81","25","2","151","6","5","0","8","21","6",".283",".324",".534",".857","10322"
"Tommy La Stella","Angels","80","321","16","49","44","20","0","28","3","0","0","8","0","0",".295",".346",".486",".832","12371"
"Jesse Winker","Reds","113","384","16","51","38","38","2","60","8","0","0","10","0","2",".269",".357",".473",".830","13590"
"Willie Calhoun","Rangers","83","337","21","51","48","23","0","53","3","2","0","5","0","0",".269",".323",".524",".848","17838"
"Francisco Lindor","Indians","143","654","32","101","74","46","9","98","3","6","1","13","22","5",".284",".335",".518",".854","12916"
"Tommy Pham","Rays","145","654","21","77","68","81","4","123","5","1","0","22","25","4",".273",".369",".450",".818","2967"
"Mike Moustakas","Brewers","143","584","35","80","87","53","5","98","6","2","0","12","3","0",".254",".329",".516",".845","4892"
"Ji-Man Choi","Rays","127","487","19","54","63","64","2","108","6","7","0","7","2","3",".261",".363",".459",".822","5452"
"Mitch Moreland","Red Sox","91","335","19","48","58","34","0","74","1","2","0","12","1","0",".252",".328",".507",".835","3086"
"Javier Baez","Cubs","138","561","29","89","85","28","3","156","0","2","0","16","11","7",".281",".316",".531",".847","12979"
"Rhys Hoskins","Phillies","160","705","29","86","85","116","6","173","11","6","0","10","2","2",".226",".364",".454",".819","16472"
"Gary Sanchez","Yankees","106","446","34","62","77","40","3","125","9","1","0","3","0","1",".232",".316",".525",".841","11442"
"Paul Goldschmidt","Cardinals","161","682","34","97","97","78","2","166","2","3","0","11","3","1",".260",".346",".476",".821","9218"
"Donovan Solano","Giants","81","228","4","27","23","10","0","49","1","2","0","4","0","1",".330",".360",".456",".815","8623"
"Christian Walker","Diamondbacks","152","603","29","86","73","67","6","155","6","1","0","11","8","1",".259",".348",".476",".825","13419"
"Aledmys Diaz","Astros","69","247","9","36","40","26","1","28","5","6","0","10","2","0",".271",".356",".467",".823","15937"
"Omar Narvaez","Mariners","132","482","22","63","55","47","1","92","4","3","0","5","0","0",".278",".353",".460",".813","13338"
"Brett Gardner","Yankees","141","550","28","86","74","52","0","108","4","3","0","6","10","2",".251",".325",".503",".829","9927"
"Jose Abreu","White Sox","159","693","33","85","123","36","4","152","13","10","0","24","2","2",".284",".330",".503",".834","15676"
"Jake Cave","Twins","72","228","8","28","25","21","0","71","8","1","0","5","0","0",".258",".351",".455",".805","14477"
"Eloy Jimenez","White Sox","122","504","31","69","79","30","0","134","4","2","0","11","0","0",".267",".315",".513",".828","17484"
"Cavan Biggio","Blue Jays","100","430","16","66","48","71","0","123","2","2","0","0","14","0",".234",".364",".429",".793","19252"
"Brian Anderson","Marlins","126","520","20","57","66","44","1","114","14","3","0","15","5","1",".261",".342",".468",".811","18289"
"Eric Sogard","- - -","110","442","13","59","40","38","2","63","2","3","3","4","8","0",".290",".353",".457",".810","7927"
"Adam Eaton","Nationals","151","656","15","103","49","65","0","106","13","3","9","8","15","3",".279",".365",".428",".792","11205"
"Alex Verdugo","Dodgers","106","377","12","43","44","26","1","49","2","6","0","8","4","1",".294",".342",".475",".817","17027"
"Yandy Diaz","Rays","79","347","14","53","38","35","1","61","1","4","0","9","2","2",".267",".340",".476",".816","16578"
"Eduardo Escobar","Diamondbacks","158","699","35","94","118","50","3","130","3","10","0","8","5","1",".269",".320",".511",".831","6153"
"Alex Dickerson","- - -","68","190","6","29","28","13","1","42","2","1","0","5","1","1",".276",".332",".489",".820","12649"
"Corey Seager","Dodgers","134","541","19","82","87","44","3","98","4","4","0","8","1","0",".272",".335",".483",".817","13624"
"Byron Buxton","Twins","87","295","10","48","46","19","1","68","2","1","2","3","14","3",".262",".314",".513",".827","14161"
"Whit Merrifield","Royals","162","735","16","105","74","45","5","126","5","4","0","8","20","10",".302",".348",".463",".811","11281"
"J.T. Realmuto","Phillies","145","593","25","92","83","41","2","123","5","8","0","12","9","1",".275",".328",".493",".820","11739"
"Brandon Nimmo","Mets","69","254","8","34","29","46","2","71","5","3","1","1","3","0",".221",".375",".407",".783","12927"
"Kevin Newman","Pirates","130","531","12","61","64","28","2","62","7","1","2","5","16","8",".308",".353",".446",".800","17696"
"Carson Kelly","Diamondbacks","111","365","18","46","47","48","10","79","2","1","0","11","0","0",".245",".348",".478",".826","13620"
"Franmil Reyes","- - -","150","548","37","69","81","47","1","156","0","7","0","15","0","0",".249",".310",".512",".822","14566"
"Victor Caratini","Cubs","95","279","11","31","34","29","0","59","3","3","0","6","1","0",".266",".348",".447",".794","14968"
"David Peralta","Diamondbacks","99","423","12","48","57","35","3","87","5","1","0","9","0","0",".275",".343",".461",".804","2136"
"Kurt Suzuki","Nationals","85","309","17","37","63","20","1","36","6","3","0","10","0","1",".264",".324",".486",".809","8259"
"Austin Nola","Mariners","79","267","10","37","31","23","1","63","4","1","1","8","1","0",".269",".342",".454",".796","15941"
"Garrett Cooper","Marlins","107","421","15","52","50","33","0","110","5","2","0","10","0","0",".281",".344",".446",".791","15279"
"Robinson Chirinos","Astros","114","437","17","57","58","51","1","125","13","5","2","11","1","2",".238",".347",".443",".790","3142"
"Pablo Sandoval","Giants","108","296","14","42","41","18","2","67","1","3","2","8","1","0",".268",".313",".507",".820","5409"
"David Bote","Cubs","127","356","11","47","41","44","4","93","7","2","0","11","5","1",".257",".362",".422",".785","14593"
"Marcell Ozuna","Cardinals","130","549","29","80","89","62","2","114","1","1","0","21","12","2",".241",".328",".472",".800","10324"
"Jonathan Villar","Orioles","162","714","24","111","73","61","0","176","4","4","2","8","40","9",".274",".339",".453",".792","10071"
"Manny Machado","Padres","156","661","32","81","85","65","3","128","6","3","0","24","5","3",".256",".334",".462",".796","11493"
"Jose Ramirez","Indians","129","542","23","68","83","52","3","74","2","6","0","8","24","4",".255",".327",".479",".806","13510"
"Avisail Garcia","Rays","125","530","20","61","72","31","2","125","7","3","0","15","10","4",".282",".332",".464",".796","5760"
"Phillip Ervin","Reds","94","260","7","30","23","18","0","63","4","2","0","4","4","3",".271",".331",".466",".797","14738"
"Derek Dietrich","Reds","113","306","19","41","43","28","2","74","25","1","0","2","1","1",".187",".328",".462",".790","10542"
"Kolten Wong","Cardinals","148","549","11","61","59","47","5","83","13","5","6","2","24","4",".285",".361",".423",".784","12532"
"Shed Long","Mariners","42","168","5","21","15","16","0","40","0","0","0","1","3","3",".263",".333",".454",".787","16542"
"Clint Frazier","Yankees","69","246","12","31","38","16","1","70","2","3","0","2","1","2",".267",".317",".489",".806","15983"
"Brock Holt","Red Sox","87","295","3","38","31","28","1","57","4","4","0","4","1","0",".297",".369",".402",".771","9345"
"Daniel Vogelbach","Mariners","144","558","30","73","76","92","2","149","2","2","0","4","0","0",".208",".341",".439",".780","14130"
"A.J. Pollock","Dodgers","86","342","15","49","47","23","1","74","7","4","0","7","5","1",".266",".327",".468",".795","9256"
"James McCann","White Sox","118","476","18","62","60","30","1","137","6","0","1","10","4","1",".273",".328",".460",".789","12859"
"Brian Goodwin","Angels","136","458","17","65","47","38","2","129","3","3","1","3","7","3",".262",".326",".470",".796","12858"
"Nick Markakis","Braves","116","469","9","61","62","47","1","59","2","6","0","11","2","0",".285",".356",".420",".776","5930"
"Joey Votto","Reds","142","608","15","79","47","76","2","123","4","3","0","14","5","0",".261",".357",".411",".768","4314"
"Kyle Seager","Mariners","106","443","23","55","63","44","0","86","4","2","0","12","2","2",".239",".321",".468",".789","9785"
"Christian Vazquez","Red Sox","138","521","23","66","72","33","3","101","0","3","3","17","4","2",".276",".320",".477",".798","9774"
"Stephen Vogt","Giants","99","280","10","30","40","20","1","66","1","4","0","1","3","1",".263",".314",".490",".804","5000"
"Asdrubal Cabrera","- - -","131","514","18","69","91","57","2","103","3","7","0","9","4","0",".260",".342",".441",".783","4962"
"Chris Taylor","Dodgers","124","414","12","52","52","37","3","115","4","5","2","6","8","0",".262",".333",".462",".794","13757"
"Yasiel Puig","- - -","149","611","24","76","84","44","1","133","8","4","0","13","19","7",".267",".327",".458",".785","14225"
"Tyler Naquin","Indians","89","294","10","34","34","14","2","66","2","2","2","8","4","2",".288",".325",".467",".792","13359"
"Kole Calhoun","Angels","152","632","33","92","74","70","7","162","7","2","0","14","4","1",".232",".325",".467",".792","11200"
"Dustin Garneau","- - -","35","101","3","14","14","10","0","22","4","0","0","1","0","0",".244",".350",".407",".757","9433"
"Ryan McMahon","Rockies","141","539","24","70","83","56","1","160","1","1","1","14","5","1",".250",".329",".450",".779","15112"
"Andrew Benintendi","Red Sox","138","615","13","72","68","59","1","140","7","5","3","6","10","3",".266",".343",".431",".774","17901"
"Michael Brosseau","Rays","51","142","6","17","16","7","0","39","2","0","1","3","1","0",".273",".319",".462",".781","19683"
"Brian Dozier","Nationals","135","482","20","54","50","61","2","105","4","1","0","11","3","4",".238",".340",".430",".771","9810"
"Vladimir Guerrero Jr.","Blue Jays","123","514","15","52","69","46","0","91","2","2","0","17","0","1",".272",".339",".433",".772","19611"
"Scott Kingery","Phillies","126","500","19","64","55","34","1","147","5","2","1","3","15","4",".258",".315",".474",".788","17975"
"Eddie Rosario","Twins","137","590","32","91","109","22","2","86","0","6","0","10","3","1",".276",".300",".500",".800","12155"
"Nathaniel Lowe","Rays","50","169","7","24","19","13","0","50","2","2","0","4","0","0",".263",".325",".454",".779","19566"
"Todd Frazier","Mets","133","499","21","63","67","40","1","106","12","0","0","9","1","2",".251",".329",".443",".772","785"
"Jason Castro","Twins","79","275","13","39","30","33","0","88","3","1","1","0","0","0",".232",".332",".435",".767","8722"
"Daniel Murphy","Rockies","132","478","13","56","78","32","1","74","2","4","0","10","1","1",".279",".328",".452",".780","4316"
"Ian Desmond","Rockies","140","482","20","64","65","34","1","119","2","2","1","12","3","3",".255",".310",".479",".788","6885"
"Jason Heyward","Cubs","147","589","21","78","62","68","5","110","5","3","0","12","8","3",".251",".343",".429",".772","4940"
"Mike Freeman","Indians","75","213","4","27","24","22","0","61","4","4","6","2","1","2",".277",".362",".390",".752","11241"
"Wilson Ramos","Mets","141","524","14","52","73","44","5","69","4","3","0","16","1","0",".288",".351",".416",".768","1433"
"Nomar Mazara","Rangers","116","469","19","69","66","28","2","108","6","6","0","5","4","1",".268",".318",".469",".786","14553"
"Jon Berti","Marlins","73","287","6","52","24","24","0","73","6","1","0","2","17","3",".273",".348",".406",".755","12037"
"Bryan Holaday","Marlins","43","129","4","12","12","11","2","21","1","1","1","5","0","1",".278",".344",".435",".779","11287"
"Domingo Santana","Mariners","121","507","21","63","69","50","1","164","2","2","0","11","8","3",".253",".329",".441",".770","10348"
"Ehire Adrianza","Twins","84","236","5","34","22","20","1","40","6","4","2","2","0","2",".272",".349",".416",".765","8418"
"Dexter Fowler","Cardinals","150","574","19","69","67","74","1","142","8","4","1","6","8","5",".238",".346",".409",".754","4062"
"Roberto Perez","Indians","119","449","24","46","63","45","1","127","4","4","7","12","0","0",".239",".321",".452",".774","2900"
"Mitch Haniger","Mariners","63","283","15","46","32","30","1","81","5","2","0","3","4","0",".220",".314",".463",".778","14274"
"Aaron Hicks","Yankees","59","255","12","41","36","31","0","72","0","3","0","2","1","2",".235",".325",".443",".769","5297"
"Cesar Puello","- - -","44","147","4","14","18","10","1","38","11","0","1","2","0","0",".248",".356",".384",".740","7216"
"C.J. Cron","Twins","125","499","25","51","78","29","3","107","10","2","0","13","0","0",".253",".311",".469",".780","12546"
"Teoscar Hernandez","Blue Jays","125","464","26","58","65","45","1","153","1","1","0","8","6","3",".230",".306",".472",".778","13066"
"Victor Reyes","Tigers","69","292","3","29","25","14","0","64","0","2","0","5","9","3",".304",".336",".431",".767","15487"
"Jonathan Schoop","Twins","121","464","23","61","59","20","1","116","10","1","0","13","1","1",".256",".304",".473",".777","11265"
"Matt Beaty","Dodgers","99","268","9","36","46","17","2","33","2","0","0","6","5","0",".265",".317",".458",".775","17710"
"Justin Smoak","Blue Jays","121","500","22","54","61","79","3","106","6","1","0","11","0","0",".208",".342",".406",".748","9054"
"Alex Avila","Diamondbacks","63","201","9","22","24","36","7","68","1","0","0","8","1","0",".207",".353",".421",".774","7476"
"Michael Chavis","Red Sox","95","382","18","46","58","31","2","127","4","0","0","11","2","1",".254",".322",".444",".766","17321"
"Myles Straw","Astros","56","128","0","27","7","19","0","24","0","0","1","2","8","1",".269",".378",".343",".721","17620"
"Renato Nunez","Orioles","151","599","31","72","90","44","1","143","10","4","0","9","1","1",".244",".311",".460",".771","14503"
"Jose Martinez","Cardinals","128","373","10","45","42","35","0","82","2","2","0","14","3","0",".269",".340",".410",".751","7996"
"Evan Longoria","Giants","129","508","20","59","69","43","1","112","7","5","0","14","3","1",".254",".325",".437",".762","9368"
"Paul DeJong","Cardinals","159","664","30","97","78","62","1","149","13","6","0","15","9","5",".233",".318",".444",".762","18015"
"Anthony Santander","Orioles","93","405","20","46","59","19","0","86","2","3","1","1","1","2",".261",".297",".476",".773","14551"
"Oscar Mercado","Indians","115","482","15","70","54","28","0","84","5","4","7","9","15","4",".269",".318",".443",".761","16375"
"Austin Slater","Giants","68","192","5","20","21","22","1","59","2","0","0","1","1","0",".238",".333",".417",".750","16153"
"Adam Frazier","Pirates","152","608","10","80","50","40","4","75","9","1","4","6","5","5",".278",".336",".417",".753","15223"
"Hunter Renfroe","Padres","140","494","33","64","64","46","1","154","2","6","0","6","5","0",".216",".289",".489",".778","15464"
"Jose Osuna","Pirates","95","285","10","41","36","18","0","48","1","4","0","6","0","0",".264",".310",".456",".766","12937"
"Neil Walker","Marlins","115","381","8","37","38","42","1","77","1","1","0","8","3","0",".261",".344",".395",".738","7539"
"Brandon Belt","Giants","156","616","17","76","57","83","3","127","3","4","0","6","4","3",".234",".339",".403",".742","10264"
"Sean Rodriguez","Phillies","76","139","4","24","12","19","0","41","3","1","4","2","1","1",".223",".348",".375",".723","6589"
"Alex Gordon","Royals","150","633","13","77","76","51","4","100","19","6","1","13","5","3",".266",".345",".396",".741","5209"
"Chance Sisco","Orioles","59","198","8","29","20","22","0","61","9","0","0","5","0","1",".210",".333",".395",".729","15694"
"Greg Garcia","Padres","134","372","4","52","31","53","1","83","5","2","1","4","0","2",".248",".364",".354",".718","10951"
"Miguel Cabrera","Tigers","136","549","12","41","59","48","4","108","3","5","0","18","0","0",".282",".346",".398",".744","1744"
"Hanser Alberto","Orioles","139","550","12","62","51","16","1","50","4","3","3","9","4","4",".305",".329",".422",".751","11902"
"Amed Rosario","Mets","157","655","15","75","72","31","2","124","3","3","2","13","19","10",".287",".323",".432",".755","15518"
"Ender Inciarte","Braves","65","230","5","30","24","26","2","41","4","1","0","1","7","1",".246",".343",".397",".740","4922"
"Jay Bruce","- - -","98","333","26","43","59","19","0","82","1","3","0","5","1","0",".216",".261",".523",".784","9892"
"David Fletcher","Angels","154","653","6","83","49","55","2","64","0","1","1","8","8","3",".290",".350",".384",".734","17992"
"Tim Lopes","Mariners","41","128","1","11","12","15","0","29","1","1","0","1","6","3",".270",".359",".360",".720","14137"
"Dansby Swanson","Braves","127","545","17","77","65","51","2","124","5","5","1","7","10","5",".251",".325",".422",".748","18314"
"Francisco Mejia","Padres","79","244","8","27","22","13","1","56","4","1","0","6","1","1",".265",".316",".438",".754","16403"
"Victor Robles","Nationals","155","617","17","86","65","35","3","140","25","5","6","6","28","9",".255",".326",".419",".745","18363"
"Wil Myers","Padres","155","490","18","58","53","51","0","168","2","1","1","12","16","7",".239",".321",".418",".739","10047"
"Josh VanMeter","Reds","95","260","8","33","23","29","0","56","2","1","0","5","9","3",".237",".327",".408",".735","15170"
"Pedro Severino","Orioles","96","341","13","37","44","29","0","73","4","2","1","5","3","1",".249",".321",".420",".740","14523"
"Trent Grisham","Brewers","51","183","6","24","24","20","0","48","4","3","0","3","1","0",".231",".328",".410",".738","18564"
"Curt Casali","Reds","84","236","8","24","32","25","1","59","1","3","0","1","0","0",".251",".331",".411",".741","12510"
"Niko Goodrum","Tigers","112","472","12","61","45","46","1","138","1","2","0","7","12","3",".248",".322",".421",".743","12092"
"Cesar Hernandez","Phillies","161","667","14","77","71","45","4","100","6","4","0","9","9","2",".279",".333",".408",".741","10556"
"Colin Moran","Pirates","149","503","13","46","80","30","4","117","3","4","0","13","0","1",".277",".322",".429",".751","16909"
"Jean Segura","Phillies","144","618","12","79","60","30","1","73","8","3","1","11","10","2",".280",".323",".420",".743","5933"
"Austin Romine","Yankees","73","240","8","29","35","10","0","50","0","1","1","7","1","1",".281",".310",".439",".748","5491"
"Nick Senzel","Reds","104","414","12","55","42","30","0","101","3","1","0","6","14","5",".256",".315",".427",".742","19293"
"Tim Beckham","Mariners","88","328","15","39","47","21","0","102","3","0","0","7","1","3",".237",".293",".461",".753","7949"
"Matt Carpenter","Cardinals","129","492","15","59","46","63","0","129","7","5","1","3","6","1",".226",".334",".392",".726","8090"
"Nick Ahmed","Diamondbacks","158","625","19","79","82","52","2","113","4","12","1","15","8","2",".254",".316",".437",".753","12147"
"Jordy Mercer","Tigers","74","271","9","24","22","13","1","57","2","0","0","4","0","0",".270",".310",".438",".747","6547"
"Travis d'Arnaud","- - -","103","391","16","52","69","32","0","85","2","6","0","4","0","1",".251",".312",".433",".745","7739"
"Tim Locastro","Diamondbacks","91","250","1","38","17","14","0","44","22","1","1","1","17","0",".250",".357",".340",".697","15124"
"Jackie Bradley Jr.","Red Sox","147","567","21","69","62","56","3","155","12","2","3","6","8","6",".225",".317",".421",".738","12984"
"Ryan Zimmerman","Nationals","52","190","6","20","27","17","0","39","0","2","0","4","0","0",".257",".321",".415",".736","4220"
"Marwin Gonzalez","Twins","114","463","15","52","55","31","2","98","6","1","0","7","1","0",".264",".322",".414",".736","5497"
"Willy Adames","Rays","152","584","20","69","52","46","1","153","3","1","3","9","4","2",".254",".317",".418",".735","15986"
"Mauricio Dubon","- - -","30","111","4","12","9","5","0","20","0","0","0","3","3","1",".274",".306",".434",".740","16530"
"Jorge Alfaro","Marlins","130","465","18","44","57","22","1","154","10","2","0","12","4","4",".262",".312",".425",".736","12180"
"Adeiny Hechavarria","- - -","84","221","9","34","33","14","0","48","3","1","0","3","3","1",".241",".299",".443",".742","10459"
"JaCoby Jones","Tigers","88","333","11","39","26","27","2","94","6","1","1","6","7","2",".235",".310",".430",".740","14818"
"Brian McCann","Braves","85","316","12","28","45","31","1","53","2","6","0","10","0","0",".249",".323",".412",".734","4810"
"Tyler Flowers","Braves","85","310","11","36","34","31","3","105","6","2","0","8","0","0",".229",".319",".413",".733","9134"
"Eric Hosmer","Padres","160","667","22","72","99","40","3","163","3","5","0","12","0","3",".265",".310",".425",".735","3516"
"Adam Haseley","Phillies","67","242","5","30","26","14","1","60","5","0","1","7","4","0",".266",".324",".396",".720","19878"
"Albert Pujols","Angels","131","545","23","55","93","43","1","68","3","8","0","21","3","0",".244",".305",".430",".734","1177"
"Harold Ramirez","Marlins","119","446","11","54","50","18","1","91","5","1","0","8","2","1",".276",".312",".416",".728","14387"
"Adam Jones","Diamondbacks","137","528","16","66","67","31","2","101","8","3","0","15","2","1",".260",".313",".414",".728","6368"
"Ben Gamel","Brewers","134","356","7","47","33","40","2","104","3","2","0","0","2","2",".248",".337",".373",".710","12160"
"Rowdy Tellez","Blue Jays","111","409","21","49","54","29","3","116","7","3","0","9","1","1",".227",".293",".449",".742","15679"
"Robinson Cano","Mets","107","423","13","46","39","25","3","69","5","3","0","16","0","0",".256",".307",".428",".736","3269"
"Tyler O'Neill","Cardinals","60","151","5","18","16","10","0","53","0","0","0","3","1","0",".262",".311",".411",".723","15711"
"Manny Pina","Brewers","76","179","7","10","25","16","1","50","4","1","0","1","0","0",".228",".313",".411",".724","2829"
"Josh Reddick","Astros","141","550","14","57","56","36","1","66","0","9","1","9","5","2",".275",".319",".409",".728","3892"
"Ryon Healy","Mariners","47","187","7","24","26","13","0","40","1","4","0","1","0","0",".237",".289",".456",".744","15447"
"Freddy Galvis","- - -","147","589","23","67","70","28","1","145","1","2","1","14","4","2",".260",".296",".438",".734","6609"
"Jesus Aguilar","- - -","131","369","12","39","50","43","0","81","2","7","0","12","0","0",".236",".325",".389",".714","11342"
"Justin Upton","Angels","63","256","12","34","40","32","0","78","0","5","0","5","1","1",".215",".309",".416",".724","5222"
"Austin Riley","Braves","80","297","18","41","49","16","3","108","5","2","0","4","0","2",".226",".279",".471",".750","18360"
"Raimel Tapia","Rockies","138","447","9","54","44","21","0","100","0","0","0","2","9","3",".275",".309",".415",".724","14350"
"Randal Grichuk","Blue Jays","151","628","31","75","80","35","0","163","5","2","0","20","2","1",".232",".280",".457",".738","10243"
"Starlin Castro","Marlins","162","676","22","68","86","28","2","111","3","9","0","23","2","2",".270",".300",".436",".736","4579"
"Matt Adams","Nationals","111","333","20","42","56","20","1","115","2","1","0","7","0","0",".226",".276",".465",".741","9393"
"Stephen Piscotty","Athletics","93","393","13","46","44","29","0","84","3","3","1","13","2","0",".249",".309",".412",".720","13367"
"Josh Naylor","Padres","94","279","8","29","32","25","1","64","0","1","0","4","1","1",".249",".315",".403",".719","18839"
"Jose Iglesias","Reds","146","530","11","62","59","20","3","70","3","2","1","17","6","6",".288",".318",".407",".724","10231"
"Ronald Guzman","Rangers","87","295","10","34","36","32","1","87","3","4","0","7","1","2",".219",".308",".414",".723","14388"
"Charlie Culberson","Braves","108","144","5","14","20","6","0","44","1","1","1","5","0","1",".259",".294",".437",".731","3298"
"Kevan Smith","Angels","67","211","5","21","20","16","0","37","3","1","0","8","2","0",".251",".318",".393",".710","12284"
"Gregory Polanco","Pirates","42","167","6","23","17","12","1","49","1","0","0","4","3","1",".242",".301",".425",".726","12907"
"Miguel Rojas","Marlins","132","526","5","52","46","32","2","62","5","5","1","15","9","5",".284",".331",".379",".710","7802"
"Tyler Wade","Yankees","43","108","2","16","11","11","0","28","1","0","2","0","7","0",".245",".330",".362",".692","15730"
"Brandon Dixon","Tigers","118","420","15","41","52","21","0","136","4","4","0","5","5","1",".248",".290",".435",".725","15214"
"Chris Iannetta","Rockies","52","164","6","20","21","18","3","54","1","1","0","9","0","0",".222",".311",".417",".728","8267"
"Matt Thaiss","Angels","53","164","8","17","23","17","0","52","0","0","0","4","0","0",".211",".293",".422",".714","19318"
"Ben Zobrist","Cubs","47","176","1","24","17","23","0","24","1","2","0","6","0","0",".260",".358",".313",".671","7435"
"Yadier Molina","Cardinals","113","452","10","45","57","23","0","58","5","5","0","14","6","0",".270",".312",".399",".711","7007"
"Lorenzo Cain","Brewers","148","623","11","75","48","50","0","106","6","4","0","14","18","8",".260",".325",".372",".697","9077"
"Rougned Odor","Rangers","145","581","30","77","93","52","2","178","5","1","1","4","11","9",".205",".283",".439",".721","12282"
"Enrique Hernandez","Dodgers","130","460","17","57","64","36","3","97","6","4","0","9","4","0",".237",".304",".411",".715","10472"
"Jurickson Profar","Athletics","139","518","20","65","67","48","2","75","8","3","0","12","9","1",".218",".301",".410",".711","10815"
"Jason Kipnis","Indians","121","511","17","52","65","40","2","88","2","6","5","7","7","2",".245",".304",".410",".715","9776"
"Melky Cabrera","Pirates","133","397","7","43","47","17","3","41","1","0","1","14","2","0",".280",".313",".399",".713","4022"
"Tucker Barnhart","Reds","114","364","11","32","40","44","7","83","2","1","1","5","1","0",".231",".328",".380",".708","10200"
"Ildemaro Vargas","Diamondbacks","92","211","6","25","24","9","0","24","0","1","0","6","1","0",".269",".299",".413",".712","13324"
"Elvis Andrus","Rangers","147","648","12","81","72","34","1","96","4","10","0","16","31","8",".275",".313",".393",".707","8709"
"Dwight Smith Jr.","Orioles","101","392","13","46","53","26","0","82","4","4","1","8","5","1",".241",".297",".412",".708","13473"
"Matt Duffy","Rays","46","169","1","12","12","19","0","29","2","1","0","4","0","1",".252",".343",".327",".670","13836"
"Robbie Grossman","Athletics","138","482","6","57","38","59","2","86","1","2","0","7","9","4",".240",".334",".348",".682","5254"
"D.J. Stewart","Orioles","44","142","4","15","15","14","1","26","1","1","0","3","1","2",".238",".317",".381",".698","17766"
"Dylan Moore","Mariners","113","282","9","31","28","25","0","93","9","0","1","6","11","9",".206",".302",".389",".691","18042"
"Tyler Austin","- - -","89","179","9","30","24","24","1","67","0","1","0","2","2","0",".188",".296",".409",".705","11850"
"Luis Rengifo","Angels","108","406","7","44","33","40","0","93","5","3","1","6","2","5",".238",".321",".364",".685","19858"
"Logan Forsythe","Rangers","101","367","7","38","39","44","0","100","3","2","0","8","2","0",".227",".325",".353",".678","7185"
"Yan Gomes","Nationals","97","358","12","36","43","38","6","84","5","1","0","7","2","0",".223",".316",".389",".704","9627"
"Adalberto Mondesi","Royals","102","443","9","58","62","19","0","132","0","6","3","6","43","7",".263",".291",".424",".715","13769"
"Chad Pinder","Athletics","124","370","13","45","47","20","0","88","5","3","1","11","0","1",".240",".290",".416",".706","15191"
"Ryan Goins","White Sox","52","163","2","13","10","17","1","44","1","0","1","7","0","1",".250",".333",".347",".681","9807"
"Buster Posey","Giants","114","445","7","43","38","34","1","71","4","1","1","18","0","0",".257",".320",".368",".688","9166"
"Kevin Pillar","- - -","161","645","21","83","88","18","4","89","9","7","0","15","14","5",".259",".287",".432",".719","12434"
"Didi Gregorius","Yankees","82","344","16","47","61","17","1","53","1","2","0","5","2","1",".238",".276",".441",".718","6012"
"Jacob Stallings","Pirates","71","210","6","26","13","16","5","40","2","0","1","3","0","0",".262",".325",".382",".708","13723"
"Jake Lamb","Diamondbacks","78","226","6","26","30","32","1","55","5","2","0","4","1","0",".193",".323",".353",".676","13329"
"Addison Russell","Cubs","82","241","9","25","23","20","2","58","3","2","1","7","2","0",".237",".308",".391",".699","14106"
"Jake Marisnick","Astros","120","318","10","46","34","17","0","95","6","0","3","6","10","3",".233",".289",".411",".700","11339"
"Ty France","Padres","69","201","7","20","24","9","0","49","7","1","0","8","0","2",".234",".294",".402",".696","17982"
"Jake Bauers","Indians","117","423","12","46","43","45","0","115","3","3","0","3","3","3",".226",".312",".371",".683","15194"
"J.P. Crawford","Mariners","93","396","7","43","46","43","0","83","2","3","3","4","5","3",".226",".313",".371",".684","15491"
"Manuel Margot","Padres","151","441","12","59","37","38","1","88","2","0","3","6","20","4",".234",".304",".387",".691","14712"
"Adam Engel","White Sox","89","248","6","26","26","14","0","78","6","0","1","5","3","3",".242",".304",".383",".687","15082"
"Russell Martin","Dodgers","83","249","6","29","20","30","3","60","8","2","0","1","1","0",".220",".337",".330",".667","4616"
"Delino DeShields","Rangers","118","408","4","42","32","38","0","100","3","2","8","8","24","6",".249",".325",".347",".672","11379"
"Leury Garcia","White Sox","140","618","8","93","40","21","0","139","6","3","11","6","15","5",".279",".310",".378",".688","5913"
"Cam Gallagher","Royals","45","142","3","14","12","11","0","28","3","1","1","3","0","1",".238",".312",".365",".677","12981"
"Luis Urias","Padres","71","249","4","27","24","25","0","56","9","0","0","8","0","1",".223",".329",".326",".655","16622"
"Rio Ruiz","Orioles","127","413","12","35","46","40","0","88","0","2","1","12","0","1",".232",".306",".376",".682","14103"
"Christin Stewart","Tigers","104","416","10","32","40","34","3","103","7","6","0","4","0","1",".233",".305",".388",".693","17714"
"Harrison Bader","Cardinals","128","406","12","54","39","46","4","117","10","2","1","3","11","3",".205",".314",".366",".680","18030"
"Harold Castro","Tigers","97","369","5","30","38","9","0","86","0","4","2","6","4","2",".291",".305",".384",".689","14691"
"Matt Wieters","Cardinals","67","183","11","15","27","12","0","47","1","2","0","3","1","1",".214",".268",".435",".702","4298"
"Garrett Hampson","Rockies","105","327","8","40","27","24","1","88","0","2","2","2","15","3",".247",".302",".385",".686","19262"
"Billy McKinney","Blue Jays","84","276","12","37","28","19","0","73","2","2","2","0","0","2",".215",".274",".422",".696","15654"
"Nick Martini","- - -","32","109","1","8","7","14","0","26","1","1","0","0","0","0",".226",".330",".323",".653","12005"
"Josh Phegley","Athletics","106","342","12","44","62","15","0","63","6","5","2","11","0","1",".239",".282",".411",".693","9308"
"Guillermo Heredia","Rays","89","231","5","31","20","18","0","60","6","1","2","4","2","2",".225",".306",".363",".668","18721"
"Joey Rickard","- - -","68","189","3","14","10","18","1","50","3","0","0","1","4","2",".226",".312",".357",".669","13277"
"Andrelton Simmons","Angels","103","424","7","47","40","24","1","37","2","0","0","21","10","2",".264",".309",".364",".673","10847"
"Tony Wolters","Rockies","121","411","1","42","42","36","5","68","8","6","2","9","0","1",".262",".337",".329",".666","11470"
"Roman Quinn","Phillies","44","122","4","18","11","12","0","34","1","0","1","2","8","0",".213",".298",".370",".668","13546"
"Khris Davis","Athletics","133","533","23","61","73","47","3","146","3","2","0","11","0","0",".220",".293",".387",".679","9112"
"Kyle Farmer","Reds","97","197","9","22","27","10","1","59","3","1","0","1","4","1",".230",".279",".410",".689","14813"
"Willians Astudillo","Twins","58","204","4","28","21","5","0","8","5","4","0","6","0","0",".268",".299",".379",".678","15608"
"Martin Maldonado","- - -","105","374","12","46","27","32","1","86","6","1","2","11","0","0",".213",".293",".378",".671","6887"
"Gerardo Parra","- - -","119","301","9","38","48","19","3","59","5","2","1","7","8","3",".234",".293",".391",".684","8553"
"Cheslor Cuthbert","Royals","87","330","9","24","40","19","1","67","2","0","0","14","1","0",".246",".294",".379",".673","10473"
"Welington Castillo","White Sox","72","251","12","19","41","16","0","74","3","2","0","8","0","0",".209",".267",".417",".684","3256"
"Steve Wilkerson","Orioles","119","361","10","41","35","22","0","108","7","2","1","5","3","3",".225",".286",".383",".669","16041"
"Jonathan Lucroy","- - -","101","328","8","30","36","27","1","51","5","3","0","17","0","0",".232",".305",".355",".660","7870"
"Tony Kemp","- - -","110","279","8","31","29","23","1","47","6","4","1","4","4","4",".212",".291",".380",".671","14894"
"Zack Collins","White Sox","27","102","3","10","12","14","1","39","1","0","0","1","0","0",".186",".307",".349",".656","19181"
"Francisco Cervelli","- - -","48","160","3","15","12","13","0","41","5","0","1","7","1","0",".213",".302",".348",".649","5275"
"Derek Fisher","- - -","57","167","7","23","17","21","0","57","0","0","0","3","5","1",".185",".287",".370",".657","16192"
"Kevin Kiermaier","Rays","129","480","14","60","55","26","2","104","5","1","1","8","19","5",".228",".278",".398",".676","11038"
"Joe Panik","- - -","142","491","5","50","39","43","2","47","4","4","2","6","4","2",".244",".315",".336",".651","11936"
"Jeimer Candelario","Tigers","94","386","8","33","32","43","1","99","7","1","0","3","3","1",".203",".306",".337",".643","13621"
"Ronny Rodriguez","Tigers","84","294","14","29","43","13","0","82","0","5","0","5","3","1",".221",".252",".438",".690","11875"
"Dee Gordon","Mariners","117","421","3","36","34","18","1","61","1","6","3","8","22","5",".275",".304",".359",".663","8203"
"Andrew Knapp","Phillies","74","160","2","12","8","18","2","51","3","0","3","2","0","0",".213",".318",".324",".642","14942"
"Maikel Franco","Phillies","123","428","17","48","56","36","19","61","0","3","0","14","0","0",".234",".297",".409",".705","12179"
"Yolmer Sanchez","White Sox","149","555","2","59","43","44","1","117","5","3","7","7","5","4",".252",".318",".321",".638","11602"
"Brandon Crawford","Giants","147","560","11","58","59","53","5","117","3","4","0","10","3","2",".228",".304",".350",".654","5343"
"Yairo Munoz","Cardinals","88","181","2","20","13","7","0","37","1","1","0","5","8","3",".267",".298",".355",".653","16313"
"Jarrod Dyson","Diamondbacks","130","452","7","65","27","47","0","86","2","2","1","1","30","4",".230",".313",".320",".633","4866"
"Ryan Cordell","White Sox","97","247","7","22","24","19","0","69","3","2","6","2","3","1",".221",".290",".355",".645","15181"
"Josh Rojas","Diamondbacks","41","157","2","17","16","18","0","41","1","0","0","3","4","2",".217",".312",".312",".624","19734"
"Johan Camargo","Braves","98","248","7","31","32","15","2","43","0","0","1","5","1","0",".233",".279",".384",".663","14950"
"Ryan O'Hearn","Royals","105","370","14","32","38","39","1","99","1","2","0","7","0","1",".195",".281",".369",".650","16442"
"Mallex Smith","Mariners","134","566","6","70","37","42","0","141","11","1","2","7","46","9",".227",".300",".335",".635","13608"
"Yonder Alonso","- - -","121","335","10","34","37","39","3","70","2","2","0","13","0","1",".199",".296",".346",".641","2530"
"Ian Kinsler","Padres","87","281","9","28","22","19","0","54","3","1","0","5","2","4",".217",".278",".368",".646","6195"
"Austin Dean","Marlins","64","189","6","17","21","9","1","47","0","1","1","5","0","2",".225",".261",".404",".665","18288"
"Jon Jay","White Sox","47","182","0","12","9","8","0","30","3","1","5","1","0","0",".267",".311",".315",".626","5227"
"Curtis Granderson","Marlins","138","363","12","44","34","41","1","98","3","2","0","3","0","3",".183",".281",".356",".637","4747"
"Joey Wendle","Rays","75","263","3","32","19","14","0","47","8","3","0","4","8","3",".231",".293",".340",".633","13853"
"Danny Jansen","Blue Jays","107","384","13","41","43","31","1","79","4","1","1","8","0","1",".207",".279",".360",".640","16535"
"Daniel Robertson","Rays","74","237","2","23","19","24","0","59","6","0","0","10","2","2",".213",".312",".295",".607","14145"
"Gordon Beckham","Tigers","83","240","6","29","15","13","0","68","4","0","0","6","3","1",".215",".271",".372",".643","9015"
"Jose Trevino","Rangers","40","126","2","18","13","3","0","27","0","2","1","6","0","0",".258",".272",".383",".655","16725"
"Greg Allen","Indians","89","256","4","30","27","11","1","53","9","1","4","3","8","2",".229",".290",".346",".636","16623"
"Tyler White","- - -","83","279","3","18","23","36","0","78","0","3","0","7","0","0",".208",".308",".304",".612","15564"
"Kevin Plawecki","Indians","60","174","3","13","17","12","0","31","3","1","0","4","0","1",".222",".287",".342",".629","13807"
"Sam Travis","Red Sox","59","157","6","17","16","11","2","36","1","1","0","6","2","0",".215",".274",".382",".656","16263"
"Odubel Herrera","Phillies","39","139","1","12","16","11","0","33","1","1","0","0","2","2",".222",".288",".341",".629","11476"
"Travis Demeritte","Tigers","48","186","3","24","10","14","0","63","1","1","1","3","3","0",".225",".286",".343",".630","15958"
"Jose Peraza","Reds","141","403","6","37","33","17","0","58","8","2","0","9","7","6",".239",".285",".346",".631","13593"
"Isiah Kiner-Falefa","Rangers","65","222","1","23","21","14","0","49","4","1","1","9","3","0",".238",".299",".322",".620","16512"
"Dawel Lugo","Tigers","77","288","6","28","26","8","1","59","3","4","0","8","0","0",".245",".271",".381",".652","14713"
"Austin Barnes","Dodgers","75","242","5","28","25","23","3","56","5","2","0","8","3","0",".203",".293",".340",".633","12158"
"Brandon Drury","Blue Jays","120","447","15","43","41","25","0","113","1","3","0","6","0","1",".218",".262",".380",".642","11615"
"Albert Almora Jr.","Cubs","130","363","12","41","32","16","4","62","1","2","5","8","2","1",".236",".271",".381",".651","14109"
"Hernan Perez","Brewers","91","246","8","29","18","11","0","66","0","1","2","9","5","1",".228",".262",".379",".642","5751"
"Willi Castro","Tigers","30","110","1","10","8","6","0","34","2","1","1","4","0","1",".230",".284",".340",".624","17338"
"Wilmer Difo","Nationals","43","144","2","15","8","12","3","29","0","0","1","2","0","1",".252",".315",".313",".628","14320"
"Leonys Martin","Indians","65","264","9","32","19","21","0","78","4","0","3","1","4","5",".199",".276",".343",".619","11846"
"Orlando Arcia","Brewers","152","546","15","51","59","43","5","109","1","6","2","15","8","5",".223",".283",".350",".633","13185"
"Mark Reynolds","Rockies","78","162","4","13","20","22","0","57","2","3","0","3","2","0",".170",".290",".311",".601","7619"
"Cory Spangenberg","Brewers","32","102","2","11","10","6","1","36","0","0","1","1","3","0",".232",".277",".358",".635","12294"
"Justin Bour","Angels","52","170","8","18","26","17","0","52","1","1","0","7","0","0",".172",".259",".364",".623","9744"
"Marco Hernandez","Red Sox","61","155","2","18","11","3","0","42","3","0","1","1","1","2",".250",".279",".338",".617","13154"
"Steven Duggar","Giants","73","281","4","26","28","16","0","78","1","3","0","1","1","4",".234",".278",".341",".619","17719"
"Elias Diaz","Pirates","101","332","2","31","28","23","0","56","2","3","1","11","0","0",".241",".296",".307",".603","11680"
"Cole Tucker","Pirates","56","159","2","16","13","10","1","40","1","0","1","2","0","0",".211",".266",".361",".626","17326"
"Kendrys Morales","- - -","53","201","2","16","12","26","0","26","4","1","0","6","0","0",".194",".313",".253",".566","8610"
"Rosell Herrera","Marlins","63","119","2","10","11","11","1","27","2","0","1","2","4","1",".200",".288",".314",".602","11611"
"Chris Davis","Orioles","105","352","12","26","36","39","1","139","3","3","0","6","0","0",".179",".276",".326",".601","9272"
"Erik Gonzalez","Pirates","53","156","1","15","6","9","3","37","1","1","3","5","4","1",".254",".301",".317",".618","13369"
"Pablo Reyes","Pirates","71","157","2","18","19","13","0","36","1","0","0","0","1","1",".203",".274",".322",".596","16357"
"Nicky Lopez","Royals","103","402","2","44","30","18","0","51","1","0","4","5","1","1",".240",".276",".325",".601","19339"
"John Hicks","Tigers","95","333","13","29","35","13","0","109","0","1","0","7","1","1",".210",".240",".379",".620","12547"
"Jace Peterson","Orioles","29","108","2","14","11","6","0","24","1","1","0","1","4","1",".220",".269",".330",".599","12325"
"Juan Lagares","Mets","133","285","5","38","27","22","4","75","2","1","2","8","4","1",".213",".279",".326",".605","5384"
"Jung Ho Kang","Pirates","65","185","10","15","24","11","0","60","1","1","0","4","0","0",".169",".222",".395",".617","17182"
"Charlie Tilson","White Sox","54","157","1","16","12","10","1","38","3","0","0","1","4","0",".229",".293",".285",".578","12983"
"Carlos Gonzalez","- - -","45","166","3","21","10","18","1","52","1","2","0","3","0","3",".200",".289",".283",".572","7287"
"Richie Martin Jr.","Orioles","120","309","6","29","23","14","0","83","6","1","5","6","10","1",".208",".260",".322",".581","17736"
"Billy Hamilton","- - -","119","353","0","41","15","32","1","87","0","2","3","1","22","6",".218",".289",".275",".564","10199"
"J.T. Riddle","Marlins","51","139","6","15","12","5","1","42","2","0","0","3","0","0",".189",".230",".371",".601","17642"
"Isan Diaz","Marlins","49","201","5","17","23","19","0","59","2","1","0","2","0","3",".173",".259",".307",".566","17922"
"Travis Shaw","Brewers","86","270","7","22","16","36","3","89","4","0","0","5","0","0",".157",".281",".270",".551","11982"
"Bubba Starling","Royals","56","197","4","26","12","9","0","56","1","0","1","4","2","0",".215",".255",".317",".572","13356"
"Lucas Duda","Royals","39","119","4","7","15","11","1","32","1","2","0","3","0","0",".171",".252",".324",".576","2502"
"Martin Prado","Marlins","104","260","2","26","15","12","0","41","0","3","0","10","0","0",".233",".265",".294",".559","3312"
"Austin Hedges","Padres","102","347","11","28","36","27","3","109","5","1","2","3","1","0",".176",".252",".311",".563","12976"
"Grayson Greiner","Tigers","58","224","5","18","19","13","0","70","1","1","1","5","0","0",".202",".251",".308",".559","17062"
"Jose Rondon","- - -","56","157","3","10","9","11","0","38","2","0","1","4","0","0",".196",".263",".280",".543","14140"
"Scooter Gennett","- - -","42","139","2","15","11","2","0","41","2","2","0","1","0","0",".226",".245",".323",".568","10339"
"Sandy Leon","Red Sox","65","191","5","14","19","13","0","47","1","1","4","0","0","0",".192",".251",".297",".548","5273"
"Daniel Descalso","Cubs","82","194","2","20","15","23","0","57","0","1","1","3","2","1",".173",".271",".250",".521","8392"
"Meibrys Viloria","Royals","42","148","1","7","15","10","0","44","0","4","1","4","0","1",".211",".259",".286",".544","17109"
"Mike Zunino","Rays","90","289","9","30","32","20","0","98","3","0","0","4","0","0",".165",".232",".312",".544","13265"
"Eduardo Nunez","Red Sox","60","174","2","13","20","4","0","27","0","2","1","6","5","1",".228",".243",".305",".548","6848"
"Mac Williamson","- - -","40","144","4","13","17","14","0","44","2","0","0","3","2","1",".156",".250",".258",".508","14158"
"Keon Broxton","- - -","100","228","6","24","16","20","0","104","1","2","1","5","10","6",".167",".242",".275",".517","9253"
"Tomas Nido","Mets","50","144","4","9","14","7","2","37","0","0","1","4","0","0",".191",".231",".316",".547","13755"
"Jedd Gyorko","- - -","62","101","2","6","9","9","0","24","0","0","0","3","2","0",".174",".248",".250",".498","10816"
"Humberto Arteaga","Royals","41","135","0","11","4","8","0","28","2","0","3","2","1","1",".197",".258",".230",".487","13595"
"Yonathan Daza","Rockies","44","105","0","7","3","7","0","21","0","1","0","2","1","0",".206",".257",".237",".494","15794"
"Jake Rogers","Tigers","35","128","4","11","8","13","0","51","1","0","2","3","0","0",".125",".222",".259",".481","19452"
"Josh Harrison","Tigers","36","147","1","10","8","6","0","27","2","2","0","0","4","2",".175",".218",".263",".480","8202"
"Lewis Brinson","Marlins","75","248","0","15","15","13","1","74","6","1","2","8","1","1",".173",".236",".221",".457","14352"
"Chris Owings","- - -","67","196","3","13","14","14","0","78","2","0","0","2","5","2",".139",".209",".233",".443","10030"
"Luke Maile","Blue Jays","45","129","2","9","9","8","0","33","0","0","2","1","1","0",".151",".205",".235",".440","13355"
"Nick Williams","Phillies","67","112","2","9","5","4","0","43","2","0","0","1","0","0",".151",".196",".245",".442","14330"
"Jeff Mathis","Rangers","88","244","2","17","12","15","1","87","0","1","0","2","1","0",".158",".209",".224",".433","3448"
"Max Stassi","- - -","51","147","1","7","5","12","0","49","1","2","0","3","0","0",".136",".211",".167",".378","10059"
"Zack Cozart","Angels","38","107","0","4","7","5","0","16","2","3","0","2","0","0",".124",".178",".144",".322","2616"
