"Player","Team","Positions","AB","R","HR","RBI","SB","AVG","OBP","H","2B","3B","BB","SO","SLG","OPS"
"Ronald Acuna Jr.","ATL","RF,DH","588","134","38","99","56",".318",".398","187","34","3","78","107",".576",".974"
"Julio Rodriguez","SEA","CF","604","101","33","94","31",".282",".339","171","35","3","52","154",".514",".853"
"Bobby Witt Jr.","KC","3B,DH,SS","617","101","30","93","42",".278",".325","172","32","8","43","117",".502",".827"
"Mookie Betts","LAD","2B,RF,SS","587","113","33","88","15",".280",".367","164","36","2","81","110",".513",".880"
"Corbin Carroll","ARI","CF,LF,RF","591","103","26","83","42",".272",".344","161","32","8","64","138",".485",".828"
"Kyle Tucker","HOU","RF","575","100","33","107","26",".286",".366","165","34","4","73","99",".529",".895"
"Shohei Ohtani","","DH,SP","559","105","37","100","20",".273",".376","153","28","6","92","165",".540",".916"
"Jose Ramirez","CLE","3B,DH","581","93","27","97","23",".282",".362","164","37","4","73","82",".497",".859"
"Freddie Freeman","LAD","1B","584","107","26","92","13",".302",".383","176","39","2","77","112",".509",".892"
"Trea Turner","PHI","SS","617","94","22","83","25",".278",".328","172","35","4","46","135",".456",".784"
"Fernando Tatis Jr.","SD","CF,RF,SS","595","106","37","99","27",".278",".347","165","34","1","64","145",".521",".869"
"Juan Soto","NYY","LF,RF","532","112","39","108","11",".283",".424","151","27","1","131","109",".554",".979"
"Matt Olson","ATL","1B","565","105","41","115","1",".269",".369","152","28","2","89","151",".541",".910"
"Aaron Judge","NYY","CF,RF,DH","552","115","46","108","8",".270",".385","149","24","1","103","178",".565",".949"
"Yordan Alvarez","HOU","LF,DH","520","100","39","111","1",".299",".392","156","32","2","80","122",".589",".981"
"Marcus Semien","TEX","2B,SS","610","101","28","79","16",".265",".332","162","33","3","61","113",".463",".795"
"Austin Riley","ATL","3B","596","97","36","111","3",".275",".339","164","32","2","58","162",".513",".852"
"Corey Seager","TEX","SS","536","95","30","89","3",".292",".362","157","34","1","59","99",".528",".891"
"Rafael Devers","BOS","3B","589","103","35","102","5",".284",".354","168","38","1","64","128",".531",".885"
"Pete Alonso","NYM","1B,DH","575","94","42","111","4",".250",".328","144","25","2","67","144",".517",".845"
"Luis Robert Jr.","CWS","CF","598","84","33","97","19",".267",".310","160","33","1","38","165",".489",".799"
"CJ Abrams","WSH","2B,SS","583","81","18","65","37",".261",".301","152","31","5","33","113",".424",".725"
"Ozzie Albies","ATL","2B","598","98","29","93","13",".276",".328","165","34","4","47","111",".490",".818"
"Randy Arozarena","TB","LF,RF,DH","574","85","23","86","24",".258",".336","148","30","3","67","165",".441",".777"
"Vladimir Guerrero Jr.","TOR","1B,DH","581","97","36","108","7",".285",".361","166","32","1","69","99",".530",".891"
"Gunnar Henderson","BAL","3B,DH,SS","551","90","27","78","12",".260",".337","143","29","6","65","150",".477",".814"
"Adolis Garcia","TEX","CF,RF,DH","583","83","31","95","13",".241",".304","141","29","2","53","185",".456",".760"
"Michael Harris II","ATL","CF","571","86","24","89","23",".290",".332","166","36","3","36","120",".489",".821"
"Bryce Harper","PHI","1B,DH,RF","535","93","30","96","13",".283",".386","152","35","1","90","139",".516",".902"
"Cody Bellinger","","1B,CF","575","80","26","87","19",".257",".319","148","30","2","53","133",".451",".770"
"Manny Machado","SD","3B,DH","583","87","32","100","6",".269",".337","157","29","1","60","126",".489",".826"
"Jose Altuve","HOU","2B","576","101","25","76","16",".273",".348","158","32","2","66","107",".466",".814"
"Francisco Lindor","NYM","SS","589","88","27","90","21",".254",".326","150","28","2","64","131",".442",".769"
"Nico Hoerner","CHC","2B,SS","597","85","12","66","31",".281",".334","168","30","4","48","81",".405",".739"
"Paul Goldschmidt","STL","1B,DH","579","98","28","88","8",".269",".359","156","31","1","82","154",".469",".828"
"Bo Bichette","TOR","SS","608","92","25","87","12",".291",".333","177","36","2","38","128",".477",".809"
"Adley Rutschman","BAL","C,DH","552","92","21","74","3",".272",".370","150","33","1","87","102",".447",".817"
"Nolan Jones","COL","1B,LF,RF","523","78","23","80","16",".265",".352","139","28","4","70","173",".466",".818"
"Josh Lowe","TB","CF,DH,LF,RF","481","67","18","70","22",".258",".321","124","30","2","45","147",".440",".761"
"Ha-Seong Kim","SD","2B,3B,SS","527","72","16","65","25",".248",".327","131","26","1","62","117",".390",".717"
"Christian Yelich","MIL","LF,DH","568","95","21","68","22",".262",".360","149","30","2","88","154",".430",".790"
"Kyle Schwarber","PHI","DH,LF","560","105","42","90","6",".224",".345","126","20","2","104","196",".491",".836"
"Matt McLain","CIN","2B,SS","531","86","24","75","18",".256",".332","136","29","3","61","158",".454",".786"
"Will Smith","LAD","C,DH","503","78","25","83","2",".256",".339","129","26","2","63","101",".462",".801"
"Oneil Cruz","PIT","SS","540","87","26","71","22",".251",".325","136","26","4","59","158",".458",".783"
"J.T. Realmuto","PHI","C","451","60","18","64","14",".252",".309","114","23","3","38","121",".430",".739"
"Mike Trout","LAA","CF","552","98","36","93","3",".258",".347","143","28","2","75","180",".512",".859"
"Jazz Chisholm Jr.","MIA","2B,CF","543","77","28","83","28",".245",".306","133","24","4","48","169",".456",".762"
"Spencer Steer","CIN","1B,2B,3B,LF","516","73","21","76","9",".253",".328","131","29","2","57","126",".438",".766"
"Lane Thomas","WSH","LF,CF,RF","585","82","24","74","15",".249",".305","146","32","3","48","162",".434",".739"
"Nick Castellanos","PHI","RF","599","78","24","90","7",".260",".305","156","35","2","39","162",".447",".751"
"Xander Bogaerts","SD","SS","581","87","20","75","12",".275",".343","160","32","2","60","120",".439",".782"
"Evan Carter","TEX","CF,LF","521","74","17","73","15",".251",".343","131","25","4","74","154",".412",".756"
"Alex Bregman","HOU","3B","573","98","24","87","3",".267",".361","153","32","2","85","86",".453",".814"
"Elly De La Cruz","CIN","3B,SS","501","69","21","71","31",".246",".308","123","24","5","46","168",".438",".746"
"William Contreras","MIL","C,DH","549","85","25","79","5",".273",".348","150","31","1","63","138",".466",".814"
"Yandy Diaz","TB","1B,3B,DH","554","97","21","70","4",".295",".384","164","33","1","80","96",".468",".852"
"Bryan Reynolds","PIT","CF,DH,LF","579","92","25","82","9",".269",".340","156","30","5","63","143",".462",".802"
"Christian Walker","ARI","1B","579","85","30","98","6",".256",".330","148","31","2","64","135",".468",".798"
"Spencer Torkelson","DET","1B","571","83","30","90","3",".242",".326","138","30","1","72","152",".456",".782"
"Ketel Marte","ARI","2B,DH","583","93","21","81","7",".274",".348","160","35","6","66","114",".464",".812"
"Triston Casas","BOS","1B","504","82","28","86","2",".259",".368","131","26","2","87","137",".484",".852"
"Seiya Suzuki","CHC","RF","527","76","23","82","9",".264",".342","139","26","3","63","138",".454",".797"
"Dansby Swanson","CHC","SS","584","78","22","79","11",".249",".315","146","29","2","56","160",".419",".734"
"Gleyber Torres","NYY","2B,DH","570","85","25","88","14",".270",".340","154","29","2","61","112",".459",".799"
"Nolan Arenado","STL","3B,DH","599","85","29","101","4",".263",".320","158","32","2","50","102",".465",".785"
"Esteury Ruiz","OAK","CF,LF,RF","441","55","9","46","48",".248",".299","110","24","2","32","101",".374",".673"
"Josh Naylor","CLE","1B,RF,DH","518","74","23","85","8",".284",".340","147","32","1","44","87",".485",".824"
"George Springer","TOR","CF,RF,DH","575","93","27","75","16",".258",".328","149","26","2","59","124",".449",".777"
"Vinnie Pasquantino","KC","1B,DH","513","78","24","85","2",".275",".357","141","31","2","65","80",".486",".843"
"Ian Happ","CHC","LF","570","82","22","83","11",".248",".342","142","31","3","81","158",".430",".772"
"Andres Gimenez","CLE","2B,SS","585","82","19","76","27",".265",".311","155","31","4","39","122",".429",".740"
"Josh Jung","TEX","3B","590","78","28","89","4",".251",".299","148","30","2","41","184",".448",".747"
"TJ Friedl","CIN","LF,CF,RF","522","83","19","64","22",".255",".326","133","23","6","55","106",".427",".752"
"Teoscar Hernandez","","DH,RF","589","77","28","91","7",".257",".306","152","30","2","42","183",".455",".762"
"Cal Raleigh","SEA","C,DH","496","68","29","80","1",".231",".301","115","24","1","50","148",".458",".759"
"Anthony Santander","BAL","1B,DH,LF,RF","589","83","29","94","4",".251",".314","148","32","1","54","145",".456",".770"
"Jorge Soler","","DH,LF,RF","550","90","34","89","2",".244",".329","134","27","1","70","160",".479",".808"
"Royce Lewis","MIN","3B,SS","550","81","28","91","13",".269",".331","148","30","2","51","136",".484",".815"
"Zack Gelof","OAK","2B","543","75","21","66","20",".238",".305","129","29","2","53","172",".411",".715"
"Marcell Ozuna","ATL","LF,DH","530","80","32","91","2",".254",".320","135","26","1","51","138",".486",".806"
"Masataka Yoshida","BOS","DH,LF","510","73","18","78","4",".291",".356","149","29","2","51","73",".463",".819"
"Bryson Stott","PHI","2B,SS","557","71","15","69","21",".267",".324","149","31","2","47","107",".410",".734"
"Luis Arraez","MIA","1B,2B,DH","572","83","9","60","6",".316",".370","181","32","3","49","45",".428",".798"
"Jordan Walker","STL","3B,LF,RF","499","67","19","72","10",".267",".329","133","26","2","47","125",".440",".769"
"Gabriel Moreno","ARI","C","470","59","12","59","7",".284",".343","134","27","2","42","93",".423",".766"
"Isaac Paredes","TB","1B,2B,3B","510","78","28","83","2",".247",".335","126","25","1","67","103",".461",".796"
"Max Muncy","LAD","2B,3B,DH","470","76","28","81","2",".227",".342","107","19","1","83","144",".447",".789"
"Alec Bohm","PHI","1B,3B","553","72","19","77","4",".277",".329","153","30","1","43","108",".433",".762"
"Thairo Estrada","SF","2B,SS,LF","555","74","17","67","22",".261",".305","145","28","2","36","121",".408",".713"
"Brandon Nimmo","NYM","CF,LF","557","94","20","66","6",".270",".356","150","28","5","75","132",".442",".798"
"James Outman","LAD","CF,LF","479","68","21","69","10",".230",".315","110","21","3","60","174",".414",".729"
"Jonah Heim","TEX","C","465","59","19","64","3",".245",".308","114","25","1","42","101",".423",".731"
"Sean Murphy","ATL","C,DH","356","54","17","56","1",".249",".328","89","20","1","42","93",".456",".784"
"Nathaniel Lowe","TEX","1B","570","81","22","82","3",".268",".353","153","29","2","75","151",".440",".793"
"Christopher Morel","CHC","2B,3B,CF,DH,RF,SS","500","71","27","76","11",".243",".311","122","24","4","50","164",".467",".778"
"Riley Greene","DET","CF,RF","560","82","18","70","8",".272",".340","153","29","6","57","159",".437",".776"
"Eloy Jimenez","CWS","DH,LF,RF","547","76","29","89","1",".276",".332","151","27","1","46","124",".489",".821"
"Cedric Mullins II","BAL","CF","540","74","19","67","28",".250",".314","135","28","3","51","123",".415",".729"
"Edouard Julien","MIN","2B,DH","443","73","16","51","6",".239",".353","106","23","1","78","157",".400",".753"
"Jake Burger","MIA","3B,DH","549","73","28","86","2",".250",".301","137","28","2","40","164",".456",".757"
"Nolan Gorman","STL","2B,3B,DH","443","65","27","73","6",".245",".320","109","20","1","49","144",".476",".796"
"Francisco Alvarez","NYM","C,DH","428","61","26","69","3",".232",".308","99","18","1","48","122",".461",".769"
"J.P. Crawford","SEA","SS","555","81","14","58","4",".259",".350","144","32","1","79","113",".393",".743"
"Chas McCormick","HOU","LF,CF,RF","451","62","19","64","13",".244",".320","110","18","2","50","137",".415",".735"
"Carlos Correa","MIN","SS","532","77","21","78","1",".261",".341","139","30","2","64","127",".443",".783"
"Kerry Carpenter","DET","DH,LF,RF","474","63","21","73","4",".256",".311","121","23","3","38","129",".448",".759"
"J.D. Martinez","","DH","490","66","23","76","1",".248",".311","122","27","2","45","154",".453",".764"
"Salvador Perez","KC","1B,C,DH","550","71","28","86","1",".260",".291","143","26","1","24","141",".461",".752"
"Daulton Varsho","TOR","C,CF,LF,RF","524","72","26","78","17",".238",".304","125","25","3","50","136",".440",".744"
"Anthony Volpe","NYY","SS","521","73","21","71","22",".228",".300","119","26","3","54","144",".407",".707"
"Lourdes Gurriel Jr.","","DH,LF","533","69","20","76","4",".271",".318","145","33","2","37","104",".451",".769"
"Steven Kwan","CLE","LF,RF","589","89","9","57","20",".280",".354","165","32","5","67","72",".397",".751"
"Keibert Ruiz","WSH","C,DH","484","61","18","68","3",".270",".321","131","26","1","36","58",".441",".761"
"Ryan Mountcastle","BAL","1B,DH","499","68","25","77","4",".261",".322","130","24","1","45","136",".459",".781"
"Willson Contreras","STL","C,DH","426","65","21","67","5",".251",".327","107","22","1","48","113",".455",".782"
"Willy Adames","MIL","SS","575","81","27","87","7",".238",".318","137","31","2","68","170",".440",".757"
"Justin Turner","","1B,2B,3B,DH","500","66","16","67","3",".260",".325","130","27","1","48","105",".416",".742"
"Tommy Edman","STL","2B,CF,RF,SS","509","70","13","62","27",".264",".317","135","28","3","39","92",".405",".721"
"Jonathan India","CIN","2B,DH","449","70","17","58","11",".256",".332","115","24","1","51","109",".426",".758"
"Matt Chapman","","3B","530","72","24","76","4",".229",".317","122","28","2","68","177",".424",".741"
"Bo Naylor","CLE","C","319","45","14","44","6",".229",".332","73","16","1","50","88",".417",".749"
"Tim Anderson","","SS","543","71","9","52","15",".279",".314","152","27","2","28","123",".384",".698"
"Jorge Polanco","MIN","2B,3B,DH","541","75","21","77","6",".251",".329","136","29","1","64","140",".424",".753"
"Jeimer Candelario","CIN","1B,3B","531","70","20","76","5",".248",".317","132","31","2","54","136",".424",".740"
"Lars Nootbaar","STL","LF,CF,RF","462","73","19","68","9",".257",".358","119","23","2","73","111",".441",".799"
"Jeremy Pena","HOU","SS","562","75","19","75","14",".264",".309","148","29","3","37","130",".424",".733"
"Andrew Vaughn","CWS","1B,LF,RF,DH","581","81","26","81","1",".263",".316","153","31","2","46","128",".455",".771"
"Brandon Drury","LAA","1B,2B,3B,DH","537","71","25","81","3",".248",".294","133","28","2","35","145",".448",".742"
"Ke'Bryan Hayes","PIT","3B","559","74","17","74","17",".266",".322","149","32","5","47","126",".430",".752"
"Byron Buxton","MIN","CF,DH","455","66","27","71","9",".232",".301","106","25","2","45","152",".470",".770"
"Jarred Kelenic","ATL","CF,LF,RF","403","59","17","59","12",".244",".319","99","23","2","44","122",".434",".753"
"Brent Rooker","OAK","DH,LF,RF","488","66","26","74","3",".224",".301","109","22","1","54","183",".432",".733"
"Austin Hays","BAL","CF,LF,RF","523","67","19","71","5",".255",".305","134","31","2","38","129",".428",".733"
"Tommy Pham","","CF,DH,LF,RF","501","69","18","67","16",".247",".323","124","24","2","56","137",".410",".732"
"Logan O'Hoppe","LAA","C","348","49","19","55","3",".250",".321","87","16","1","37","82",".467",".788"
"Tyler O'Neill","STL","LF,CF","311","44","14","46","8",".241",".313","75","14","1","33","97",".429",".742"
"Eugenio Suarez","ARI","3B","545","73","23","78","2",".231",".314","126","25","1","66","184",".408",".722"
"Ezequiel Tovar","COL","SS","588","77","18","71","13",".259",".298","153","34","3","33","150",".414",".712"
"Taylor Ward","LAA","CF,LF,RF","524","77","22","78","6",".263",".339","138","29","1","60","127",".448",".787"
"Starling Marte","NYM","RF","537","71","15","67","31",".264",".309","142","24","3","36","123",".403",".712"
"Yainer Diaz","HOU","1B,C,DH","402","55","22","65","1",".272",".306","110","22","1","20","82",".494",".800"
"Jose Abreu","HOU","1B,DH","548","74","19","81","1",".260",".322","143","28","1","50","131",".419",".741"
"Joey Meneses","WSH","1B,DH,RF","586","72","21","82","1",".267",".316","157","32","1","42","136",".433",".749"
"Max Kepler","MIN","RF","497","71","23","75","4",".250",".329","124","25","2","59","113",".444",".773"
"Alex Verdugo","NYY","LF,RF","490","65","14","63","5",".268",".324","131","27","2","41","85",".415",".739"
"Jake McCarthy","ARI","LF,CF,RF","333","45","8","40","23",".260",".319","87","15","5","29","77",".398",".717"
"Leody Taveras","TEX","CF","505","66","16","66","16",".257",".313","130","28","3","41","123",".421",".734"
"Jake Fraley","CIN","CF,DH,LF,RF","404","62","19","60","17",".249",".337","101","20","1","54","103",".441",".778"
"Josh Bell","MIA","1B,DH","541","80","23","77","1",".258",".343","140","28","1","70","122",".440",".783"
"Ryan McMahon","COL","2B,3B","508","68","21","70","7",".244",".325","124","25","2","61","166",".425",".750"
"Brandon Lowe","TB","2B","438","64","23","65","5",".240",".322","105","21","2","54","132",".449",".771"
"Giancarlo Stanton","NYY","RF,DH","391","59","27","69","1",".230",".312","90","14","1","46","131",".476",".788"
"Jeff McNeil","NYM","2B,LF,RF","566","77","12","68","6",".288",".337","163","33","3","42","71",".420",".757"
"Harold Ramirez","TB","1B,DH,LF,RF","206","26","6","27","2",".285",".323","59","12","1","12","41",".431",".753"
"Andrew Benintendi","CWS","LF","550","75","12","55","12",".269",".337","148","29","2","57","99",".392",".730"
"Javier Baez","DET","SS","453","53","15","57","9",".241",".278","109","21","3","24","124",".396",".674"
"Ezequiel Duran","TEX","2B,3B,DH,LF,SS","201","27","7","27","5",".254",".298","51","12","1","13","55",".429",".727"
"Luke Raley","TB","1B,CF,DH,LF,RF","266","36","12","37","7",".231",".292","62","12","1","23","95",".412",".704"
"Ryan O'Hearn","BAL","1B,DH,RF","397","51","17","60","3",".257",".302","102","19","1","26","104",".438",".740"
"Joc Pederson","","DH,LF,RF","440","68","23","70","2",".254",".334","112","19","3","53","114",".470",".804"
"Michael Conforto","SF","DH,LF,RF","478","64","18","65","3",".250",".335","120","23","1","61","126",".412",".747"
"C.J. Cron","","1B,DH","463","61","22","70","1",".237",".300","110","21","1","42","136",".429",".729"
"Willi Castro","MIN","2B,3B,CF,LF,RF,SS","398","52","11","47","21",".249",".299","99","20","3","29","103",".393",".692"
"Adalberto Mondesi","","SS","242","28","7","28","12",".231",".275","56","12","1","15","77",".374",".649"
"Mitch Haniger","SF","LF,RF","396","49","18","56","2",".240",".302","95","18","2","35","111",".427",".729"
"Anthony Rendon","LAA","3B","469","66","16","66","4",".256",".346","120","27","1","65","99",".418",".764"
"Charlie Blackmon","COL","RF,DH","501","74","14","56","6",".277",".335","139","26","5","44","94",".430",".765"
"Harrison Bader","","CF","405","51","13","52","19",".251",".298","102","20","3","28","86",".407",".706"
"Wander Franco","TB","SS","512","84","19","73","24",".287",".350","147","31","6","49","72",".483",".833"
"MJ Melendez","KC","C,LF,RF,DH","514","79","22","67","7",".241",".330","124","27","4","69","150",".434",".764"
"Hunter Renfroe","","1B,RF","374","50","19","57","1",".245",".305","92","20","1","33","95",".455",".761"
"Ramon Laureano","CLE","CF,RF","486","62","17","64","14",".231",".295","112","25","3","45","151",".394",".690"
"Rowdy Tellez","","1B,DH","259","36","14","41","1",".244",".319","63","11","1","29","65",".451",".769"
"Alex Kirilloff","MIN","1B,LF,RF","353","49","14","51","2",".259",".323","92","17","1","33","94",".431",".753"
"Christian Encarnacion-Strand","CIN","1B,3B,DH","430","62","24","72","3",".271",".324","117","22","1","34","121",".488",".812"
"Oscar Gonzalez","NYY","DH,RF","7","1","0","1","0",".308",".308","2","0","0","0","2",".154",".462"
"Anthony Rizzo","NYY","1B","482","72","24","78","5",".242",".316","117","20","1","53","116",".438",".755"
"Ty France","SEA","1B,3B","573","76","19","78","1",".268",".321","154","32","1","45","112",".427",".749"
"Austin Meadows","","LF,RF","234","35","10","35","2",".261",".331","61","13","1","25","51",".451",".782"
"Rhys Hoskins","","1B","559","90","30","84","4",".242",".328","135","30","2","72","163",".460",".788"
"Jesse Winker","","DH,LF","311","46","10","40","1",".248",".356","77","15","1","52","73",".399",".755"
"Noelvi Marte","CIN","3B,SS","461","60","16","63","13",".268",".331","124","25","2","43","106",".432",".763"
"Trevor Story","BOS","2B,SS","555","73","21","75","23",".233",".297","129","32","2","51","176",".409",".707"
"Jackson Holliday","BAL","SS","443","58","10","52","8",".255",".348","113","23","3","63","120",".385",".733"
"Luis Campusano","SD","C","401","50","16","55","1",".265",".318","106","19","1","32","79",".437",".755"
"Kris Bryant","COL","1B,DH,LF,RF","481","68","19","72","2",".268",".336","129","27","1","49","111",".446",".783"
"Jack Suwinski","PIT","LF,CF,RF","457","68","25","74","9",".226",".326","104","21","2","68","163",".445",".771"
"Wyatt Langford","TEX","LF","340","53","16","51","9",".262",".346","89","19","2","44","91",".463",".809"
"Mitch Garver","","C,DH","348","50","18","54","1",".240",".328","84","15","1","46","102",".445",".773"
"Jarren Duran","BOS","CF,LF,RF","526","79","15","60","26",".257",".317","135","33","5","46","150",".422",".738"
"Junior Caminero","TB","3B","114","16","5","16","1",".269",".317","31","5","1","8","28",".463",".779"
"Jackson Chourio","MIL","CF","475","56","17","63","17",".253",".301","120","24","2","33","115",".415",".716"
"Ronny Mauricio","NYM","2B,3B,SS","305","39","11","40","9",".256",".298","78","15","1","19","71",".420",".718"
"Tyler Stephenson","CIN","C,DH","330","44","11","43","2",".255",".323","84","16","1","34","91",".405",".728"
"Danny Jansen","TOR","C","405","58","23","67","1",".235",".304","95","20","1","41","93",".456",".760"
"Pete Crow-Armstrong","CHC","LF,CF","383","49","12","46","16",".243",".299","93","18","3","31","116",".396",".694"
"Kyle Manzardo","CLE","1B","345","46","15","50","2",".242",".326","84","19","1","43","86",".435",".761"
"Whit Merrifield","","2B,CF,LF,RF","505","61","10","53","22",".258",".305","130","27","1","34","95",".374",".678"
"Alejandro Kirk","TOR","C,DH","338","48","12","48","1",".275",".354","93","18","1","42","44",".433",".788"
"Jordan Lawlar","ARI","SS","243","30","6","28","9",".233",".298","57","11","1","23","67",".358",".656"
"Gavin Lux","LAD","2B,LF","460","63","13","61","8",".267",".342","123","24","4","53","103",".418",".761"
"Brett Baty","NYM","3B","361","48","15","51","3",".248",".316","90","16","1","36","105",".420",".736"
"Elias Diaz","COL","C","399","47","13","51","1",".252",".304","101","21","1","30","93",".402",".706"
"Sal Frelick","MIL","CF,RF","504","64","11","63","12",".264",".338","133","27","3","57","86",".395",".733"
"Eddie Rosario","","DH,LF,RF","460","56","18","62","6",".249",".301","115","21","2","34","111",".417",".718"
"Shea Langeliers","OAK","C,DH","360","44","17","50","3",".225",".286","81","16","2","31","112",".418",".704"
"Heston Kjerstad","BAL","DH,LF,RF","178","23","6","24","1",".262",".311","47","10","1","13","44",".428",".739"
"Jake Cronenworth","SD","1B,2B,SS","537","71","15","69","5",".249",".320","134","29","5","57","112",".406",".727"
"Henry Davis","PIT","C,DH,RF","476","63","18","64","11",".244",".328","116","24","2","60","129",".413",".741"
"Colton Cowser","BAL","CF,LF,RF","58","8","2","7","1",".235",".333","14","3","0","9","20",".400",".733"
"Nelson Velazquez","KC","CF,DH,LF,RF","427","57","22","64","7",".237",".298","101","21","2","38","138",".448",".746"
"Will Benson","CIN","CF,LF,RF","372","56","14","50","15",".225",".335","84","16","4","62","134",".401",".736"
"Maikel Garcia","KC","3B,SS","470","61","7","49","21",".268",".330","126","26","3","44","106",".381",".712"
"Ryan Jeffers","MIN","C","304","42","15","44","3",".234",".311","71","14","1","34","96",".426",".737"
"Jose Siri","TB","CF","443","55","20","61","17",".221",".271","98","19","3","30","164",".411",".682"
"Amed Rosario","","2B,LF,SS","552","71","11","63","15",".275",".313","152","26","7","31","105",".406",".719"
"Wilmer Flores","SF","1B,2B,3B,DH","492","68","21","74","1",".262",".331","129","26","1","50","85",".448",".778"
"Bryan De La Cruz","MIA","LF,CF,RF","551","68","20","75","4",".261",".311","144","31","1","40","139",".430",".741"
"Vaughn Grissom","ATL","2B,SS","270","37","6","34","5",".278",".340","75","16","1","25","51",".410",".750"
"Endy Rodriguez","PIT","C","401","50","11","50","2",".253",".320","102","23","3","40","86",".406",".726"
"Zach Neto","LAA","SS","502","69","19","66","10",".250",".303","126","27","1","38","126",".417",".720"
"Elehuris Montero","COL","1B,3B,DH","321","42","16","48","1",".251",".301","81","16","2","23","98",".456",".757"
"Miguel Vargas","LAD","1B,2B","354","48","12","48","7",".245",".329","87","19","2","45","84",".410",".739"
"Matt Mervis","CHC","1B","360","50","17","53","1",".246",".322","89","18","1","41","105",".438",".760"
"Matt Wallner","MIN","LF,RF","392","54","17","56","3",".235",".321","92","21","2","50","151",".430",".751"
"Luis Rengifo","LAA","2B,3B,RF,SS","505","72","20","63","9",".260",".317","132","22","4","42","99",".437",".753"
"Chris Taylor","LAD","2B,3B,CF,LF,RF,SS","460","59","16","59","15",".226",".306","104","23","2","53","166",".386",".692"
"Parker Meadows","DET","CF","497","70","15","52","13",".234",".306","116","22","6","52","131",".391",".696"
"Brendan Rodgers","COL","2B","522","67","16","71","1",".275",".326","144","30","3","40","108",".435",".761"
"James Wood","WSH","CF","49","6","2","6","1",".227",".292","11","3","0","5","18",".402",".695"
"Connor Wong","BOS","C","315","39","10","39","6",".235",".284","74","18","1","22","102",".390",".674"
"Michael Massey","KC","2B","439","52","15","56","7",".253",".298","111","24","1","28","104",".410",".708"
"Jorge Mateo","BAL","SS","110","14","3","13","9",".232",".278","26","6","1","7","31",".386",".664"
"Brice Turang","MIL","2B,SS","460","56","11","53","19",".246",".318","113","20","3","49","101",".371",".689"
"Xavier Edwards","MIA","2B","192","24","2","20","7",".276",".346","53","9","1","21","27",".362",".708"
"Travis d'Arnaud","ATL","C","299","40","13","44","1",".246",".296","74","15","1","22","77",".430",".726"
"Jake Rogers","DET","C","295","37","14","40","3",".214",".276","63","12","1","26","104",".400",".676"
"Liover Peguero","PIT","2B,SS","391","48","11","47","13",".248",".297","97","19","2","28","97",".389",".686"
"Brandon Marsh","PHI","CF,LF","461","61","13","58","11",".246",".325","114","23","4","54","161",".398",".723"
"Ryan Noda","OAK","1B,LF","457","70","19","52","6",".211",".329","97","21","1","80","182",".382",".711"
"Yan Gomes","CHC","C,DH","356","40","11","45","2",".252",".289","90","17","1","19","76",".394",".683"
"Matt Vierling","DET","3B,LF,CF,RF","356","43","9","41","8",".256",".318","91","17","3","33","83",".389",".707"
"Oswald Peraza","NYY","2B,3B,SS","267","35","9","35","10",".246",".303","66","12","1","22","66",".396",".699"
"Alek Thomas","ARI","CF","525","66","15","69","10",".261",".311","137","28","6","38","111",".417",".728"
"J.D. Davis","SF","1B,3B,DH","450","57","16","58","2",".245",".324","110","22","1","53","151",".403",".727"
"Jordan Westburg","BAL","2B,3B,SS","352","48","12","46","6",".253",".317","89","20","2","33","94",".425",".743"
"Austin Wells","NYY","C","269","38","12","37","4",".232",".301","63","14","0","27","73",".409",".710"
"Carlos Santana","","1B,DH","480","65","20","70","3",".239",".328","115","22","1","64","100",".413",".740"
"Yoan Moncada","CWS","3B","553","69","18","73","3",".250",".320","138","29","1","57","170",".402",".722"
"Brendan Donovan","STL","1B,2B,3B,DH,LF,RF,SS","461","74","12","53","7",".279",".358","129","23","2","57","82",".414",".772"
"Mauricio Dubon","HOU","2B,SS,LF,CF","295","38","8","34","5",".263",".304","78","14","1","18","49",".393",".697"
"Jasson Dominguez","NYY","CF","85","12","3","11","3",".229",".311","20","4","0","10","27",".388",".699"
"Orlando Arcia","ATL","2B,LF,SS","490","68","18","67","3",".250",".313","123","24","1","45","107",".413",".726"
"Colt Keith","DET","3B","316","41","10","41","2",".261",".323","83","19","2","29","78",".427",".750"
"Adam Duvall","","CF,LF,RF","468","59","25","70","4",".216",".270","101","20","2","35","163",".424",".693"
"Curtis Mead","TB","2B,3B","55","7","2","7","1",".245",".314","14","3","0","6","13",".409",".723"
"LaMonte Wade Jr.","SF","1B,LF,RF","456","72","19","55","4",".245",".344","112","20","2","69","108",".417",".760"
"Gary Sanchez","","C,DH","380","51","20","56","2",".215",".290","82","16","1","41","119",".415",".705"
"Drew Waters","KC","CF,RF","214","27","7","27","9",".241",".309","52","11","3","21","71",".407",".715"
"Zach McKinstry","DET","2B,3B,LF,RF,SS","293","35","7","33","8",".238",".305","70","14","3","29","74",".376",".681"
"Luis Garcia","WSH","2B,SS","467","57","13","59","8",".279",".322","130","26","3","30","73",".430",".752"
"Patrick Wisdom","CHC","1B,3B,DH,RF","353","49","22","55","6",".207",".286","73","14","1","39","143",".435",".721"
"Freddy Fermin","KC","C","219","28","8","29","1",".249",".316","55","11","1","22","52",".418",".734"
"Tyler Black","MIL","2B","335","48","10","42","16",".241",".335","81","17","4","48","89",".405",".740"
"Tyler Soderstrom","OAK","1B,C,DH","326","36","13","41","1",".218",".267","71","14","1","22","101",".384",".651"
"Masyn Winn","STL","SS","455","58","11","54","12",".247",".305","113","21","4","38","95",".379",".684"
"Coby Mayo","BAL","3B","24","3","1","3","0",".234",".321","6","1","0","3","8",".383",".704"
"DJ LeMahieu","NYY","1B,2B,3B","525","78","15","59","5",".256",".338","135","23","2","65","114",".390",".727"
"Jesus Sanchez","MIA","CF,LF,RF","403","53","18","58","3",".252",".320","102","20","3","40","117",".446",".766"
"Rene Pinto","TB","C","374","46","15","49","3",".227",".268","85","19","1","21","124",".404",".672"
"Geraldo Perdomo","ARI","2B,3B,SS","400","53","7","43","13",".242",".335","97","18","3","56","83",".352",".686"
"Jonathan Aranda","TB","1B,2B,3B,DH","77","11","3","10","0",".253",".335","20","4","0","10","22",".403",".738"
"Mickey Moniak","LAA","CF,LF,RF","471","55","19","61","8",".234",".271","110","22","4","25","159",".415",".687"
"Edward Olivares","KC","DH,LF,RF","277","35","9","37","8",".265",".315","74","15","2","20","56",".428",".743"
"Wilyer Abreu","BOS","CF,LF,RF","380","52","14","50","8",".243",".340","93","21","1","56","115",".414",".754"
"Brenton Doyle","COL","CF,RF","498","60","16","59","21",".230",".272","115","21","4","29","175",".383",".654"
"Taylor Walls","TB","2B,3B,SS","231","29","6","26","10",".208",".307","48","11","1","33","69",".338",".646"
"Tom Murphy","","C","272","36","12","37","2",".241",".314","66","13","1","29","84",".422",".736"
"Seth Brown","OAK","1B,CF,DH,LF,RF","440","57","21","65","6",".235",".302","104","22","2","42","133",".439",".741"
"Brandon Belt","","1B,DH","361","52","17","52","1",".225",".328","81","16","1","56","135",".417",".746"
"Mark Canha","DET","1B,CF,DH,LF,RF","454","61","14","59","7",".258",".334","117","24","1","52","93",".404",".738"
"Johan Rojas","PHI","CF","363","46","8","41","21",".252",".294","92","18","3","22","81",".381",".675"
"Blake Sabol","SF","C,DH,LF","156","18","5","19","2",".232",".293","36","7","1","14","54",".386",".679"
"Davis Schneider","TOR","2B","348","49","15","48","5",".230",".332","80","19","1","53","110",".414",".746"
"Sean Bouchard","COL","LF,RF","170","25","8","24","4",".251",".339","43","10","1","23","52",".454",".793"
"Dylan Crews","WSH","CF","191","22","5","21","4",".228",".279","44","10","1","14","56",".373",".652"
"Luis Matos","SF","CF,LF,RF","246","30","6","30","5",".265",".319","65","14","1","20","37",".401",".720"
"Ivan Herrera","STL","C","157","23","5","21","2",".249",".353","39","8","0","25","43",".396",".749"
"Nolan Schanuel","LAA","1B","432","62","14","56","3",".258",".359","112","20","2","68","87",".406",".765"
"Oscar Colas","CWS","CF,RF","374","42","14","46","5",".251",".298","94","18","1","25","102",".414",".713"
"Michael Busch","LAD","2B,3B","376","53","15","52","4",".233",".306","88","19","1","40","119",".409",".715"
"Tyrone Taylor","MIL","LF,CF,RF","406","53","18","59","9",".240",".285","98","21","2","26","106",".432",".717"
"Ji Man Choi","","1B,DH","339","48","14","48","1",".233",".329","79","17","1","49","113",".412",".741"
"Christian Vazquez","MIN","C,1B","294","33","7","33","2",".247",".297","73","15","1","21","65",".366",".662"
"Nick Pratto","KC","1B,LF","245","32","9","30","2",".213",".300","52","12","1","31","95",".378",".678"
"Jon Berti","MIA","2B,3B,SS,LF","395","50","7","43","22",".257",".325","102","19","3","40","91",".373",".698"
"Luken Baker","STL","1B,DH","25","3","1","4","0",".245",".327","6","1","0","3","7",".367",".695"
"Joey Wiemer","MIL","CF,RF","165","22","7","22","5",".224",".293","37","9","0","16","51",".397",".690"
"Marco Luciano","SF","SS","407","50","13","48","6",".219",".292","89","19","1","42","142",".364",".656"
"Mark Vientos","NYM","1B,3B,DH","414","59","22","63","3",".244",".306","101","18","1","37","126",".447",".753"
"Miguel Amaya","CHC","C,DH","213","28","8","27","2",".225",".304","48","11","1","24","66",".392",".696"
"Colson Montgomery","CWS","SS","187","23","5","21","1",".227",".312","43","8","1","23","53",".364",".676"
"Josh Rojas","SEA","2B,3B","339","42","8","36","12",".241",".315","82","17","1","37","88",".365",".680"
"Ceddanne Rafaela","BOS","CF,SS","465","55","15","60","18",".255",".290","119","28","3","23","112",".423",".713"
"Jared Triolo","PIT","1B,2B,3B,SS","415","50","6","46","9",".252",".332","105","23","2","50","120",".359",".691"
"Garrett Mitchell","MIL","CF","162","20","5","19","6",".238",".306","39","7","1","16","54",".370",".677"
"Akil Baddoo","DET","CF,LF","250","34","8","30","11",".242",".330","61","12","2","33","70",".401",".731"
"Patrick Bailey","SF","C","333","37","9","38","2",".229",".289","76","17","1","29","97",".361",".650"
"Michael A. Taylor","","CF","405","50","15","51","10",".231",".286","94","16","2","32","132",".389",".675"
"Jo Adell","LAA","CF,LF,RF","389","50","20","56","7",".222",".278","87","18","2","30","140",".431",".709"
"Kyle Farmer","MIN","2B,3B,SS","207","25","6","25","2",".249",".293","52","10","1","13","47",".389",".682"
"Nick Fortes","MIA","C","323","40","11","40","7",".240",".295","78","15","1","25","66",".389",".684"
"Cavan Biggio","TOR","1B,2B,3B,RF","402","54","12","49","6",".229",".327","92","20","1","59","124",".367",".695"
"Randal Grichuk","","CF,DH,LF,RF","430","52","16","57","3",".244",".288","105","22","2","27","105",".414",".702"
"Nick Gonzales","PIT","2B,SS","190","22","4","21","2",".234",".304","45","11","2","19","60",".374",".678"
"Jordan Diaz","OAK","1B,2B,3B,DH","185","22","7","24","1",".260",".300","48","10","0","11","40",".415",".715"
"Korey Lee","CWS","C","261","29","8","29","6",".213",".261","56","12","1","17","80",".353",".614"
"Everson Pereira","NYY","CF,LF","13","2","0","2","0",".240",".296","3","1","0","1","4",".320",".616"
"Trent Grisham","NYY","CF","201","30","9","28","6",".219",".315","44","10","1","28","63",".406",".722"
"Will Brennan","CLE","CF,LF,RF","273","31","5","32","7",".275",".319","75","16","1","18","43",".396",".715"
"Christian Bethancourt","CLE","C,1B","207","24","8","27","2",".242",".281","50","11","0","12","56",".401",".682"
"Joey Votto","","1B,DH","397","52","16","53","1",".218",".310","87","18","1","53","129",".384",".694"
"Yasmani Grandal","","C,DH","210","27","7","26","1",".234",".328","49","9","0","30","53",".365",".694"
"Jacob Young","WSH","CF,RF","172","20","3","17","8",".256",".310","44","9","1","14","34",".360",".670"
"Kike Hernandez","","1B,2B,3B,CF,LF,SS","350","42","10","41","3",".241",".301","85","20","1","30","74",".384",".686"
"Justyn-Henry Malloy","DET","3B,LF","57","8","2","7","0",".237",".341","14","3","0","9","18",".404",".744"
"Nick Gordon","MIN","2B,SS,LF,CF","150","18","3","18","3",".253",".291","38","9","1","8","36",".383",".674"
"Mike Yastrzemski","SF","CF,LF,RF","477","65","19","66","5",".234",".318","112","28","2","59","143",".419",".737"
"Gio Urshela","","1B,3B,SS","356","42","9","44","3",".274",".321","98","19","2","25","72",".413",".734"
"Brayan Rocchio","CLE","2B,SS","320","38","6","36","7",".250",".313","80","18","2","30","63",".370",".684"
"Stone Garrett","WSH","LF,RF","361","43","16","49","6",".237",".290","86","19","1","27","114",".427",".717"
"Kyle Isbel","KC","LF,CF,RF","397","49","11","48","11",".250",".307","99","23","3","33","95",".401",".708"
"Garrett Cooper","","1B,DH","405","53","15","54","1",".247",".313","100","20","1","39","125",".413",".725"
"Hunter Goodman","COL","1B,C,RF","435","61","24","69","2",".254",".304","111","25","2","31","124",".480",".784"
"Gavin Sheets","CWS","1B,DH,RF","319","40","15","44","1",".245",".306","78","15","0","29","74",".428",".734"
"Dylan Carlson","STL","CF,RF","233","33","7","31","3",".258",".335","60","14","1","27","52",".411",".746"
"Nick Senzel","WSH","3B,CF,LF,RF","254","30","7","29","6",".239",".299","61","12","1","22","58",".375",".674"
"Michael Toglia","COL","1B,RF","133","17","6","18","1",".226",".298","30","6","1","14","43",".411",".709"
"Gabriel Arias","CLE","1B,3B,RF,SS","256","31","9","33","4",".239",".303","61","13","1","24","78",".403",".706"
"Isiah Kiner-Falefa","","3B,CF,LF,SS","333","38","5","35","14",".265",".313","88","16","1","24","59",".361",".674"
"Adam Frazier","","2B,LF,RF","412","50","8","45","10",".260",".316","107","22","3","34","62",".380",".697"
"Oswaldo Cabrera","NYY","3B,LF,RF,SS","147","19","5","19","4",".235",".296","35","7","1","13","38",".392",".688"
"Andy Ibanez","DET","1B,2B,3B,LF,RF","174","22","5","22","1",".259",".314","45","10","1","14","34",".417",".730"
"Jace Jung","DET","2B","96","12","3","12","1",".229",".305","22","5","0","11","29",".365",".670"
"Kevin Kiermaier","","CF","362","45","9","42","11",".245",".300","89","18","4","29","94",".386",".686"
"JJ Bleday","OAK","CF,LF,RF","420","53","16","52","6",".217",".320","91","20","2","64","125",".386",".705"
"Dominic Smith","","1B","269","34","8","34","1",".258",".320","70","14","1","25","57",".405",".725"
"Alexander Canario","CHC","CF,DH","141","19","6","20","2",".228",".286","32","7","1","12","45",".420",".706"
"James McCann","BAL","C","153","18","5","18","2",".236",".281","36","7","0","10","44",".367",".648"
"Connor Joe","PIT","1B,LF,RF,DH","350","49","10","42","5",".243",".331","85","19","2","46","93",".394",".725"
"Connor Norby","BAL","2B","19","2","1","2","0",".243",".300","5","1","0","2","5",".486",".786"
"Luis Urias","SEA","2B,3B,SS","370","46","13","45","3",".230",".315","85","18","1","46","96",".386",".701"
"Thomas Saggese","STL","2B","37","5","1","5","0",".257",".304","10","2","0","3","10",".378",".682"
"Mike Tauchman","CHC","CF,DH,LF,RF","318","48","8","32","6",".243",".340","77","17","1","47","90",".375",".715"
"Alec Burleson","STL","1B,DH,LF,RF","69","9","3","10","1",".268",".318","19","4","0","5","12",".471",".789"
"Andrew Knizner","","C","160","20","5","20","1",".235",".295","38","8","0","14","43",".370",".665"
"Jonny Deluca","LAD","CF,LF,RF","232","31","11","34","4",".235",".294","55","12","1","20","55",".431",".725"
"Corey Julks","HOU","3B,DH,LF,RF","61","8","2","8","2",".240",".303","15","3","0","6","17",".388",".691"
"Mike Moustakas","","1B,3B,DH","248","29","9","32","1",".226",".284","56","12","0","20","71",".377",".661"
"Orelvis Martinez","TOR","SS","230","30","11","31","1",".211",".280","49","10","1","22","67",".405",".686"
"Nick Loftin","KC","1B,2B,CF,SS","140","17","4","17","3",".254",".311","36","8","1","12","26",".398",".709"
"Enmanuel Valdez","BOS","2B","328","44","13","45","5",".246",".319","81","18","2","35","85",".424",".743"
"Dominic Canzone","SEA","DH,LF,RF","409","50","17","57","6",".254",".309","104","21","1","33","94",".434",".743"
"Andruw Monasterio","MIL","2B,3B,SS","265","33","5","28","7",".245",".325","65","13","1","32","69",".351",".676"
"Jakob Marsee","SD","CF","204","27","6","23","7",".231",".324","47","9","1","28","55",".359",".683"
"Manuel Margot","TB","LF,CF,RF","340","42","7","40","9",".266",".320","91","20","1","27","66",".388",".708"
"Ramon Urias","BAL","1B,2B,3B","261","31","7","31","2",".247",".306","65","13","1","22","71",".377",".683"
"Santiago Espinal","TOR","2B,3B,SS","309","37","5","35","5",".267",".324","83","18","1","26","50",".383",".707"
"Emmanuel Rivera","ARI","1B,3B","254","32","8","33","2",".252",".310","64","13","2","22","61",".409",".720"
"Lenyn Sosa","CWS","2B,3B,SS","100","12","4","13","1",".246",".282","25","5","0","5","23",".412",".694"
"AJ Pollock","","CF,DH,LF,RF","220","28","8","29","2",".251",".300","55","12","1","16","51",".421",".721"
"Jeferson Quero","MIL","C","125","15","4","15","1",".236",".293","30","6","0","10","30",".372",".665"
"Estevan Florial","NYY","CF","6","1","0","1","0",".167",".286","1","0","0","1","2",".167",".452"
"Jose Trevino","NYY","C","257","30","8","32","2",".242",".280","62","13","1","14","49",".390",".669"
"Nick Madrigal","CHC","2B,3B","350","43","4","37","9",".284",".325","100","19","3","21","41",".389",".713"
"Carter Kieboom","WSH","3B","401","48","12","48","2",".233",".309","94","17","1","44","109",".368",".677"
"Miguel Rojas","LAD","1B,SS","264","32","5","30","6",".254",".300","67","14","1","18","39",".371",".671"
"Reese McGuire","BOS","C","226","24","4","24","2",".244",".288","55","14","1","14","57",".361",".650"
"Myles Straw","CLE","CF","353","41","2","32","16",".246",".316","87","17","2","36","72",".324",".641"
"Jace Peterson","ARI","2B,3B,RF","171","21","4","19","6",".231",".313","40","7","2","21","48",".357",".670"
"Bobby Dalbec","BOS","1B,3B","258","34","13","37","3",".221",".288","57","10","1","25","105",".407",".695"
"Matt Thaiss","LAA","1B,C","60","8","2","8","1",".227",".319","14","2","0","8","18",".345",".663"
"Addison Barger","TOR","3B,SS","133","17","4","17","1",".242",".312","32","7","0","14","36",".381",".693"
"Donovan Solano","","1B,2B,3B,DH","330","41","5","36","1",".272",".327","90","19","1","27","78",".381",".708"
"Casey Schmitt","SF","2B,3B,SS","241","26","6","27","3",".243",".286","59","13","1","15","60",".372",".658"
"Trevor Larnach","MIN","LF,RF","208","28","8","28","1",".227",".317","47","10","1","28","77",".398",".715"
"Brennen Davis","CHC","CF","18","2","0","2","0",".222",".300","4","1","0","2","6",".250",".550"
"Elvis Andrus","","2B,SS","274","33","6","30","9",".252",".300","69","15","1","19","52",".378",".678"
"Richie Palacios","STL","CF,LF","59","8","1","7","1",".248",".333","15","3","0","8","12",".333",".667"
"Josh H. Smith","TEX","3B,LF,SS","105","15","3","13","2",".238",".319","25","5","1","13","27",".381",".700"
"Joshua Palacios","PIT","CF,LF,RF","308","38","11","40","7",".265",".319","82","15","2","25","69",".427",".746"
"Jurickson Profar","","DH,LF","328","46","9","36","3",".243",".326","80","17","1","41","66",".377",".703"
"Omar Narvaez","NYM","C","266","32","7","31","1",".244",".317","65","12","1","29","60",".374",".692"
"Dairon Blanco","KC","CF,LF,RF","97","13","2","11","10",".259",".313","25","5","1","8","26",".383",".696"
"Jason Heyward","LAD","CF,RF","371","48","14","50","4",".251",".316","93","19","1","35","80",".416",".731"
"Michael Brantley","","LF,DH","381","55","10","48","2",".295",".360","113","22","1","39","50",".436",".796"
"Vidal Brujan","MIA","2B,RF","284","35","6","31","17",".238",".303","68","14","2","27","63",".362",".665"
"Lawrence Butler","OAK","CF,RF","291","33","9","34","6",".241",".293","70","15","1","22","81",".390",".683"
"Miguel Andujar","OAK","LF,RF","251","30","8","32","3",".267",".320","67","13","1","20","44",".423",".744"
"Victor Caratini","HOU","C","220","29","8","29","2",".246",".315","54","10","1","22","54",".403",".718"
"Aaron Hicks","","CF,LF,RF","415","54","12","49","8",".233",".334","97","17","2","64","115",".364",".698"
"Cristian Pache","PHI","CF,LF","235","29","7","28","6",".228",".289","54","12","1","20","70",".377",".666"
"Garrett Hampson","KC","2B,3B,CF,LF,RF,SS","194","22","3","20","6",".240",".303","47","10","1","18","53",".345",".648"
"Joey Gallo","","1B,CF,LF,RF","311","46","18","46","3",".193",".311","60","10","1","54","141",".399",".710"
"DJ Stewart","NYM","LF,RF","397","55","21","57","3",".222",".314","88","16","1","54","131",".424",".739"
"Ryan Bliss","SEA","SS","191","22","5","22","9",".228",".282","44","9","1","15","51",".364",".646"
"Josh Donaldson","","3B,DH","318","44","15","46","1",".223",".311","71","15","1","41","97",".412",".723"
"Tyler Freeman","CLE","2B,3B,SS","91","12","2","11","2",".269",".321","25","5","0","7","16",".390",".712"
"Luke Maile","CIN","C","216","27","6","25","3",".230",".298","50","11","0","21","65",".364",".662"
"Brian Anderson","","3B,LF,RF","253","31","8","31","2",".227",".303","58","11","1","28","81",".372",".675"
"Sam Huff","TEX","C","190","25","10","27","1",".232",".293","44","8","0","17","68",".418",".711"
"Owen Miller","MIL","1B,2B,3B,DH","315","37","7","37","6",".251",".301","79","18","1","23","71",".380",".681"
"Francisco Mejia","","C","229","26","7","29","1",".247",".283","57","14","1","12","53",".408",".691"
"Darell Hernaiz","OAK","SS","393","43","7","39","9",".249",".299","98","20","2","28","74",".361",".661"
"Jose Caballero","SEA","2B,SS","220","30","5","24","15",".226",".320","50","11","1","31","60",".353",".673"
"Martin Maldonado","","C","249","29","9","29","1",".195",".257","49","10","0","21","89",".335",".593"
"Spencer Horwitz","TOR","1B,DH","197","28","5","25","2",".261",".356","52","12","0","29","48",".396",".752"
"Samad Taylor","KC","2B,LF","59","8","1","7","4",".246",".326","15","3","0","7","17",".339",".665"
"Jake Meyers","HOU","CF","336","44","11","42","7",".238",".300","80","16","2","30","98",".390",".689"
"Michael Stefanic","LAA","2B,3B","70","9","1","8","1",".271",".350","19","3","0","9","11",".350",".700"
"Travis Jankowski","","LF,CF,RF","240","30","3","24","11",".248",".341","60","11","1","34","53",".334",".675"
"Jackson Merrill","SD","SS","88","10","2","10","1",".246",".286","22","5","0","5","16",".371",".658"
"Carson Kelly","DET","C","203","25","7","24","2",".230",".304","47","10","1","22","51",".373",".676"
"Joey Ortiz","BAL","2B,SS","80","10","2","10","1",".264",".312","21","5","1","6","17",".415",".727"
"Wade Meckler","SF","CF,RF","114","14","2","12","2",".259",".329","30","6","1","12","31",".382",".711"
"Justin Foscue","TEX","2B","6","1","0","1","0",".167",".286","1","0","0","1","1",".167",".452"
"Victor Robles","WSH","CF","420","53","10","47","19",".244",".300","103","22","3","34","108",".381",".681"
"Troy Johnston","MIA","1B","145","19","5","18","2",".242",".307","35","8","1","14","36",".408",".715"
"Roman Anthony","BOS","CF","100","13","2","12","2",".230",".316","23","6","0","13","33",".335",".651"
"Tony Kemp","","2B,LF","343","47","7","36","11",".254",".330","87","17","2","39","47",".377",".707"
"Trey Cabbage","LAA","1B,CF,LF,RF","37","5","2","5","1",".219",".278","8","2","0","3","15",".425",".703"
"Jake Alu","WSH","2B,3B,LF","266","29","6","30","6",".258",".310","69","15","1","20","58",".384",".694"
"Riley Adams","WSH","C","231","28","9","29","1",".225",".292","52","12","1","22","79",".392",".684"
"Alex Call","WSH","CF,LF,RF","120","16","4","15","3",".233",".328","28","6","1","17","27",".392",".720"
"Rece Hinds","CIN","3B,SS,RF","44","6","2","6","1",".230",".280","10","2","0","3","17",".414",".693"
"Kyren Paris","LAA","SS","23","3","1","3","1",".217",".308","5","1","0","3","9",".391",".699"
"Nick Maton","DET","2B,3B,DH,LF,RF","218","28","6","25","2",".221",".315","48","11","1","30","64",".356",".671"
"Andrew McCutchen","","LF,RF,DH","441","63","16","58","9",".243",".338","107","21","1","64","117",".405",".743"
"Avisail Garcia","MIA","LF,RF","418","48","15","52","6",".238",".291","100","17","2","31","130",".389",".679"
"Brandon Crawford","","SS","384","46","12","47","4",".237",".303","91","18","2","37","101",".384",".687"
"Eduardo Escobar","","2B,3B","372","44","13","47","2",".234",".288","87","15","4","28","96",".398",".686"
"Cade Marlowe","SEA","LF,CF","416","47","13","48","16",".213",".276","89","16","3","36","148",".359",".634"
"Nathan Lukes","TOR","CF,RF","306","39","6","35","5",".260",".321","80","17","1","28","65",".381",".703"
"Robbie Grossman","","DH,LF,RF","358","47","11","42","5",".228",".326","82","18","1","52","107",".369",".694"
"David Peralta","","LF,RF","295","36","8","37","3",".263",".314","78","18","1","22","64",".404",".718"
"Romy Gonzalez","CWS","2B","235","27","8","28","8",".224",".272","53","11","2","16","81",".386",".658"
"Ildemaro Vargas","WSH","2B,3B,LF,SS","280","31","6","31","3",".261",".308","73","16","2","19","36",".391",".699"
"Jean Segura","","2B,3B","285","34","6","33","7",".267",".319","76","13","2","22","49",".383",".702"
"Dominic Fletcher","ARI","CF,RF","298","33","6","34","4",".247",".303","74","15","3","24","80",".372",".675"
"Austin Slater","SF","CF,LF,RF","252","35","8","29","7",".248",".327","63","13","1","30","80",".401",".728"
"Jake Bauers","MIL","1B,LF,RF","268","34","12","35","6",".215",".304","58","12","1","35","96",".394",".698"
"Kolten Wong","","2B","243","31","6","28","7",".249",".309","61","13","1","21","51",".384",".693"
"Evan Longoria","","3B,DH","259","33","11","36","1",".228",".297","59","11","0","26","86",".392",".689"
"Yuli Gurriel","","1B","252","30","6","30","3",".264",".317","67","14","1","20","40",".400",".717"
"Daniel Vogelbach","","DH","225","33","11","33","1",".236",".347","53","9","0","38","66",".412",".759"
"Kole Calhoun","","1B,DH,LF,RF","248","30","9","32","1",".228",".287","57","11","1","21","71",".381",".668"
"Trey Mancini","","1B,LF,RF,DH","234","30","8","30","1",".240",".305","56","12","0","22","67",".392",".697"
"Joey Wendle","NYM","2B,3B,SS","228","25","4","24","6",".244",".280","56","13","1","12","51",".365",".645"
"Kyle Lewis","","DH","128","17","5","17","1",".239",".314","31","5","0","14","41",".388",".703"
"Zach Remillard","CWS","2B,SS","233","26","4","22","6",".221",".291","52","10","1","23","67",".324",".615"
"Jose Rodriguez","CWS","2B,SS","57","6","2","7","2",".237",".275","14","3","0","3","13",".395",".670"
"Mike Ford","","1B,DH","210","28","10","30","1",".221",".307","47","9","1","26","65",".402",".710"
"Canaan Smith-Njigba","PIT","LF,RF","226","28","6","27","6",".241",".325","55","13","1","28","72",".376",".701"
"Kevin Pillar","","LF,RF","211","25","8","27","4",".237",".276","50","10","1","12","53",".396",".672"
"Luke Voit","","1B,DH","213","28","9","30","1",".225",".304","48","9","0","24","78",".392",".696"
"Kevin Newman","","1B,2B,3B,SS","235","27","3","24","5",".260",".305","61","13","1","16","36",".360",".665"
"Eric Hosmer","","1B,DH","204","25","6","26","1",".260",".321","53","10","0","18","43",".396",".716"
"Nick Ahmed","","SS","247","27","5","27","5",".229",".280","57","13","1","18","64",".347",".627"
"Matt Carpenter","SD","1B,DH,RF","259","34","10","33","2",".211",".315","55","12","1","40","90",".377",".693"
"Dylan Moore","SEA","2B,CF,LF,RF,SS","290","38","10","34","17",".207",".294","60","14","1","36","103",".358",".651"
"Raimel Tapia","","LF,CF,RF","204","24","4","22","8",".255",".308","52","10","1","16","46",".370",".678"
"Josh Harrison","","2B,3B","220","25","4","24","2",".248",".289","55","12","1","13","43",".369",".658"
"Jonathan Schoop","","2B,3B","214","25","6","26","2",".248",".292","53","11","1","14","50",".383",".675"
"Jacob Amaya","MIA","SS","203","24","5","22","2",".230",".308","47","10","1","23","49",".351",".659"
"Stuart Fairchild","CIN","CF,LF,RF","191","25","7","25","5",".226",".296","43","9","1","19","62",".381",".677"
"Alan Trejo","COL","2B,3B,SS","179","21","6","22","3",".246",".291","44","11","1","12","45",".411",".702"
"Nick Allen","OAK","2B,SS","144","16","3","14","4",".243",".299","35","7","1","12","28",".354",".653"
"Corey Dickerson","","LF,RF,DH","196","23","5","24","2",".256",".299","50","11","1","12","43",".396",".695"
"Paul DeJong","CWS","SS","254","29","11","32","4",".205",".266","52","11","0","21","83",".373",".639"
"Hunter Dozier","","1B,3B,LF,RF,DH","215","26","7","27","3",".223",".288","48","10","1","20","68",".374",".662"
"Jon Singleton","HOU","1B","161","23","7","22","1",".212",".322","34","7","1","26","54",".399",".720"
"Alex Jackson","TB","C","169","21","8","23","1",".214",".272","36","7","1","14","59",".401",".673"
"Rougned Odor","","2B,RF","181","22","7","23","2",".224",".286","41","9","1","16","49",".393",".679"
"Jorge Alfaro","","C,DH","172","19","5","20","2",".233",".267","40","8","1","8","56",".366",".633"
"Jonathan Davis","","CF","187","23","4","20","6",".225",".300","42","8","1","20","57",".340",".639"
"Austin Barnes","LAD","C","156","20","5","18","3",".222",".297","35","7","0","17","39",".347",".644"
"Manny Pina","","C","145","18","6","19","2",".228",".288","33","6","0","12","34",".391",".679"
"Wil Myers","","1B,LF,RF","185","22","6","23","2",".228",".293","42","9","0","17","62",".374",".667"
"Max Stassi","LAA","C","187","22","6","22","1",".209",".283","39","7","1","20","64",".353",".636"
"Jose Azocar","SD","LF,CF,RF","295","34","6","31","16",".239",".280","71","14","2","17","78",".355",".635"
"Austin Hedges","","C","188","20","6","20","2",".202",".256","38","7","0","14","52",".327",".583"
"Pablo Reyes","BOS","2B,SS","223","28","5","26","6",".256",".320","57","13","1","21","45",".388",".708"
"Brett Sullivan","SD","C","121","14","3","13","2",".236",".297","29","7","1","11","23",".364",".660"
"Ji Hwan Bae","PIT","2B,CF","273","35","4","29","16",".257",".325","70","16","2","28","66",".374",".699"
"Taylor Trammell","SEA","LF,RF","306","38","13","39","9",".208",".293","64","13","0","37","114",".369",".662"
"Abraham Toro","OAK","2B,3B,DH","308","37","9","37","4",".244",".312","75","18","1","31","64",".392",".704"
"Rob Refsnyder","BOS","CF,LF,RF","270","38","6","31","5",".256",".343","69","15","1","36","73",".384",".727"
"Nicky Lopez","CWS","2B,3B,SS","301","33","2","28","10",".249",".314","75","13","2","29","52",".322",".636"
"David Fletcher","LAA","2B,SS","264","30","3","26","4",".269",".310","71","13","1","16","29",".359",".669"
"Sam Haggerty","SEA","2B,DH,LF,RF","202","25","5","23","12",".241",".309","49","10","1","20","53",".365",".674"
"Aledmys Diaz","OAK","1B,2B,3B,LF,SS","252","28","7","29","1",".240",".283","61","14","1","15","52",".381",".664"
"Cal Mitchell","SD","RF","215","25","7","27","3",".242",".299","52","11","1","18","60",".395",".694"
"Carlos Perez","CWS","C","199","23","7","24","1",".234",".283","47","9","0","14","31",".383",".666"
"Pavin Smith","ARI","1B,RF,DH","176","23","6","22","1",".245",".327","43","9","1","22","44",".402",".729"
"Jared Walsh","","1B,RF","192","23","7","25","1",".217",".279","42","9","1","17","70",".384",".663"
"Edmundo Sosa","PHI","3B,SS","167","20","5","20","3",".246",".279","41","8","1","8","43",".384",".663"
"Ben Gamel","","1B,LF,RF,DH","163","21","5","20","2",".237",".322","39","8","1","21","48",".385",".707"
"Zach DeLoach","SEA","CF,RF","211","24","6","23","2",".211",".282","45","9","1","21","77",".348",".631"
"Deyvison De Los Santos","CLE","1B,3B","165","19","6","20","1",".234",".270","39","8","1","8","49",".398",".668"
"Hanser Alberto","","2B,3B,RP","160","17","3","18","2",".266",".291","43","9","1","6","25",".395",".686"
"Jacob Stallings","","C,RP","206","24","4","22","1",".228",".300","47","10","0","21","55",".328",".627"
"Brad Miller","","3B,DH,LF","161","21","6","20","2",".218",".299","35","6","1","19","53",".371",".670"
"Tyler Naquin","","LF,RF","150","18","5","18","2",".233",".283","35","8","1","11","47",".387",".670"
"Mike Zunino","","C","166","20","8","22","1",".190",".256","32","6","0","15","67",".360",".615"
"Harold Castro","","1B,2B,3B,CF,SS","172","18","2","18","1",".259",".292","45","9","0","8","41",".344",".637"
"Matt Duffy","","1B,2B,3B","167","19","2","18","1",".254",".306","43","8","0","13","37",".335",".642"
"Matthew Batten","SD","2B,3B","188","21","3","19","7",".213",".293","40","8","0","21","59",".296",".589"
"Jesus Aguilar","","1B,DH","145","18","5","19","0",".235",".298","34","6","0","13","39",".377",".676"
"Austin Nola","","C","164","20","3","18","1",".241",".310","40","8","0","17","34",".341",".652"
"David Fry","CLE","1B,C,RF","142","18","5","18","1",".233",".295","33","8","1","13","38",".403",".698"
"Paul McIntosh","MIA","C","165","20","5","19","2",".215",".290","36","7","1","18","50",".352",".642"
"Tyler Gentry","KC","RF","130","17","4","16","2",".246",".326","32","7","0","16","37",".385",".711"
"J.P. Martinez","TEX","CF,LF","131","17","4","15","7",".214",".297","28","6","1","16","48",".355",".652"
"Roberto Perez","","C","169","20","6","20","2",".199",".276","34","6","0","18","62",".338",".614"
"Jake Cave","PHI","1B,LF,RF","126","16","4","17","1",".239",".303","30","7","1","12","39",".398",".701"
"Jordan Luplow","","LF,RF","108","15","5","15","2",".219",".306","24","5","0","14","31",".409",".715"
"David Hamilton","BOS","2B,SS","112","15","2","13","8",".223",".301","25","5","1","13","32",".335",".636"
"Miles Mastrobuoni","CHC","2B,3B,RF","118","15","2","13","4",".255",".337","30","6","1","15","30",".383",".720"
"Damiano Palmegiani","TOR","3B","120","16","5","16","1",".213",".288","26","6","0","13","39",".381",".669"
"Brett Wisely","SF","2B,CF","142","16","3","15","4",".223",".295","32","7","1","15","43",".353",".648"
"David Dahl","","LF,RF","123","15","3","15","1",".244",".295","30","7","0","9","32",".366",".661"
"Otto Lopez","TOR","2B,SS","130","15","1","13","3",".254",".312","33","6","1","11","26",".335",".647"
"Trayce Thompson","","LF,CF,RF","111","15","5","15","1",".207",".299","23","5","0","15","47",".378",".677"
"Tommy La Stella","","DH","117","14","3","13","1",".245",".307","29","6","0","11","22",".378",".685"
"Jake Marisnick","","CF,LF","116","14","3","13","4",".224",".271","26","6","1","8","38",".371",".642"
"Eguy Rosario","SD","3B","97","13","3","12","3",".238",".303","23","5","1","9","25",".409",".713"
"Tucker Barnhart","","C","174","18","3","17","1",".216",".282","38","8","0","16","54",".311",".594"
"Curt Casali","","C","150","18","4","16","1",".207",".290","31","6","0","18","49",".328",".618"
"Tyler Nevin","DET","1B,3B,DH","102","13","3","13","1",".245",".316","25","5","1","11","25",".407",".722"
"Jackie Bradley Jr.","","CF,RF","139","15","3","15","2",".219",".269","31","7","0","10","40",".324",".593"
"Ehire Adrianza","","2B,3B,SS","138","16","2","14","2",".229",".298","32","7","1","14","33",".335",".633"
"Darin Ruf","","1B,LF,RF,DH","103","14","4","13","1",".224",".312","23","4","0","13","35",".371",".682"
"Michael Chavis","","1B,2B,3B","109","12","4","14","1",".230",".271","25","5","0","6","35",".378",".649"
"Ernie Clement","TOR","2B,3B,LF,SS","100","12","2","12","1",".261",".310","26","5","0","7","13",".367",".677"
"Franmil Reyes","","RF,DH","87","11","4","13","1",".230",".295","20","3","0","8","31",".391",".686"
"Joey Bart","SF","C","127","14","4","14","1",".213",".274","27","6","0","11","46",".340",".614"
"Sam Hilliard","BAL","LF,CF","83","11","4","11","2",".217",".297","18","4","0","10","31",".380",".677"
"Ali Sanchez","PIT","C","102","12","2","11","1",".241",".303","25","5","0","9","26",".350",".653"
"Jose Herrera","ARI","C","118","14","2","12","1",".225",".304","27","5","1","14","33",".326",".630"
"Franchy Cordero","","1B,LF,RF","78","10","3","10","1",".239",".314","19","4","0","9","27",".406",".720"
"Braden Shewmake","CWS","SS","99","11","3","11","2",".222",".270","22","5","0","7","24",".359",".629"
"Seby Zavala","SEA","C","142","15","4","15","1",".190",".260","27","6","0","14","59",".310",".570"
"Brian Serven","COL","C","95","11","3","12","1",".211",".261","20","4","0","7","28",".342",".603"
"Drew Romo","COL","C","75","9","2","9","1",".248",".296","19","4","1","5","16",".403",".698"
"Edgar Quero","CWS","C","97","12","2","10","1",".222",".311","22","5","0","13","25",".330",".640"
"George Valera","CLE","CF,RF","70","9","3","9","1",".221",".314","16","3","0","10","23",".364",".679"
"Nick Martini","CIN","DH,LF,RF","63","9","3","9","0",".238",".319","15","3","0","8","18",".397",".716"
"Garrett Stubbs","PHI","C","92","11","2","10","2",".219",".299","20","4","1","11","25",".355",".654"
"Diego Castillo","ARI","2B,SS,RF","78","9","2","9","1",".237",".312","19","4","0","9","20",".365",".678"
"Billy McKinney","","CF,LF,RF","72","9","3","9","1",".217",".296","16","3","0","8","23",".364",".659"
"Michael Perez","","C","88","10","3","11","1",".200",".271","18","3","0","9","27",".337",".608"
"Peyton Burdick","MIA","CF,LF,RF","82","10","3","10","1",".202",".286","17","4","0","10","34",".350",".635"
"Adam Engel","","CF,RF","92","10","2","9","4",".201",".258","19","4","0","7","34",".310",".567"
"Cam Eden","TOR","CF,LF","86","10","1","8","4",".216",".276","19","4","0","7","28",".292",".568"
"Alfonso Rivas","CLE","1B","65","8","2","8","1",".238",".322","16","3","0","8","22",".346",".668"
"Jose Barrero","CIN","CF,SS","66","8","3","8","2",".214",".270","14","3","0","5","24",".382",".651"
"Rafael Ortega","","LF,CF,RF,DH","66","9","2","7","2",".227",".311","15","3","0","8","17",".364",".674"
"Brett Phillips","","CF,RF","89","10","3","10","3",".175",".259","16","3","1","10","40",".350",".609"
"Osleivis Basabe","TB","3B,SS","68","8","1","7","1",".265",".315","18","4","1","5","14",".382",".697"
"Jahmai Jones","MIL","2B,CF,DH","71","9","2","8","1",".220",".313","16","3","0","10","23",".340",".653"
"Rodolfo Castro","PHI","2B,3B,SS","55","7","2","8","1",".227",".292","13","2","0","5","18",".355",".646"
"Forrest Wall","ATL","2B,CF,LF","55","7","1","6","4",".236",".300","13","3","0","5","17",".327",".627"
"Cam Gallagher","","C","94","10","2","9","1",".213",".264","20","5","0","7","28",".319",".583"
"Austin Martin","MIN","SS,CF","70","9","1","7","2",".229",".312","16","4","0","9","17",".321",".634"
"Chad Wallach","","C","77","9","2","9","1",".201",".272","16","3","0","8","27",".312",".584"
"Tim Locastro","","LF","61","7","1","7","3",".221",".269","14","3","0","4","18",".311",".581"
"Jake Lamb","","1B,LF","65","8","2","8","0",".223",".308","15","3","0","8","22",".362",".670"
"Zack Short","NYM","2B,3B,RP,SS","75","10","2","8","1",".193",".297","15","3","0","11","27",".313",".610"
"Sandy Leon","","C","98","11","2","10","1",".195",".273","19","4","0","11","32",".287",".560"
"Heliot Ramos","SF","LF,RF","49","6","2","6","1",".237",".295","12","2","0","4","15",".361",".656"
"Jimmy Herron","COL","CF","43","6","1","5","2",".247",".312","11","2","0","4","11",".341",".653"
"Austin Wynns","","C","66","8","1","7","1",".229",".294","15","3","0","6","18",".313",".607"
"Leury Garcia","ATL","2B,3B,SS,LF,RF","56","6","1","6","1",".241",".286","14","3","0","4","14",".366",".652"
"Jeter Downs","WSH","2B,SS","44","6","2","5","2",".205",".278","9","2","0","5","15",".330",".608"
"Jason Delay","PIT","C","67","7","1","7","1",".226",".280","15","4","0","5","19",".323",".603"
"Will Banfield","MIA","C","65","7","2","7","0",".217",".252","14","3","0","3","18",".357",".608"
"Willie Calhoun","LAA","DH,RF","37","5","1","5","0",".257",".313","10","2","0","3","7",".378",".691"
"Wes Clarke","MIL","C","47","6","2","6","0",".204",".302","10","2","0","7","18",".376",".678"
"Jose Iglesias","NYM","SS","45","5","1","5","0",".256",".287","12","2","0","2","8",".356",".643"
"Blake Perkins","MIL","CF,LF,RF","47","6","1","5","1",".223",".311","11","2","0","6","15",".309",".620"
"Rafael Lantigua","TOR","2B","35","5","1","4","1",".243",".329","9","2","0","5","10",".400",".729"
"Jorge Barrosa","ARI","LF,CF","48","6","1","5","1",".232",".305","11","2","0","5","12",".326",".631"
"Grae Kessinger","HOU","SS","61","7","1","6","1",".205",".276","13","2","0","6","19",".270",".547"
"David Villar","SF","1B,2B,3B","36","5","2","5","0",".208",".288","8","2","0","4","13",".403",".690"
"Jonathan Ornelas","TEX","3B,SS","56","6","1","5","1",".225",".289","13","2","0","5","17",".306",".596"
"Jose Tena","CLE","SS","50","5","1","5","1",".232",".276","12","3","0","3","16",".343",".620"
"Brett Harris","OAK","3B","49","6","1","5","1",".227",".286","11","2","0","4","12",".320",".605"
"Ryan McKenna","BAL","LF,CF,RF","43","5","1","5","1",".224",".290","10","2","0","4","16",".329",".620"
"Tucupita Marcano","SD","2B,LF,SS","37","5","1","4","1",".243",".300","9","2","0","3","8",".378",".678"
"Niko Kavadas","BOS","1B","40","6","2","5","0",".200",".312","8","2","0","7","18",".413",".724"
"Dane Myers","MIA","CF,LF,RF","31","4","1","4","1",".246",".292","8","1","0","2","9",".377",".669"
"Aaron Shackelford","PIT","SS","49","6","1","6","1",".196",".271","10","2","0","5","17",".289",".560"
"Victor Mesa Jr.","MIA","CF","44","5","1","5","1",".218",".269","10","2","0","3","12",".333",".602"
"Johnathan Rodriguez","CLE","RF","37","5","1","5","0",".230",".288","9","2","0","3","13",".351",".639"
"Kenedy Corona","HOU","LF","37","5","1","5","1",".216",".275","8","2","0","3","12",".351",".626"
"Oliver Dunn","MIL","2B","41","5","1","5","1",".207",".293","9","2","0","5","16",".317",".611"
"Cooper Hummel","NYM","C,DH,LF","47","6","1","5","2",".194",".299","9","2","0","7","17",".301",".600"
"Alika Williams","PIT","SS","42","5","1","5","0",".226",".286","10","2","0","4","11",".345",".631"
"Spencer Packard","SEA","LF","42","5","1","5","0",".238",".304","10","2","0","4","10",".357",".661"
"Jose Fermin","STL","2B,3B","30","4","1","4","1",".237",".308","7","1","0","3","5",".373",".681"
"Dustin Harris","TEX","LF","30","4","1","4","1",".233",".303","7","1","0","3","9",".350",".653"
"Bubba Thompson","CIN","LF,CF,RF","25","3","1","3","2",".245",".288","6","1","0","2","8",".408",".697"
"Tyler Fitzgerald","SF","CF,SS","31","4","1","4","1",".213",".262","7","1","0","2","11",".344",".606"
"Ben Rortvedt","NYY","C","38","5","1","5","0",".211",".286","8","2","0","4","13",".316",".602"
"Donny Sands","DET","C","33","4","1","4","0",".227",".311","8","2","0","4","8",".394",".705"
"Ryan Kreidler","DET","3B,SS","30","4","1","3","1",".220",".292","7","1","0","3","10",".339",".631"
"Darick Hall","PHI","1B,DH","25","3","1","4","0",".245",".302","6","1","0","2","7",".367",".669"
"Blake Hunt","SEA","C","40","4","1","4","0",".213",".267","9","2","0","3","12",".325",".592"
"Vinny Capra","MIL","3B,LF,RF","30","4","1","3","0",".233",".313","7","1","0","4","7",".300",".613"
"TJ Hopkins","CIN","CF,LF","24","3","1","3","0",".229",".302","6","1","0","3","8",".396",".698"
"Drew Millas","WSH","C","28","3","1","3","0",".236",".311","7","1","0","3","7",".382",".693"
"Aaron Schunk","COL","3B","25","3","1","3","0",".240",".283","6","1","0","2","7",".400",".683"
"Jordyn Adams","LAA","CF,RF","25","3","1","3","1",".204",".264","5","1","0","2","9",".306",".570"
"Hunter Stovall","COL","2B","25","3","0","3","1",".240",".296","6","1","0","2","5",".260",".556"
"Lazaro Armenteros","OAK","LF","30","3","1","3","1",".200",".273","6","1","0","3","14",".333",".606"
"Pedro Leon","HOU","CF","18","2","1","2","1",".194",".275","4","1","0","2","7",".333",".608"
"Austin Shenton","TB","3B","24","3","1","3","0",".213",".302","5","1","0","3","9",".383",".685"
"Jonah Bride","OAK","2B,3B","24","3","1","3","0",".213",".302","5","1","0","3","6",".404",".706"
"Pedro Pages","STL","C","28","3","1","3","0",".214",".290","6","1","0","3","8",".357",".647"
"Kyle Stowers","BAL","LF,RF","12","2","1","2","0",".261",".320","3","1","0","1","4",".696","1.016"
"Rafael Marchan","PHI","C","28","3","0","3","0",".236",".311","7","1","0","3","5",".236",".548"
"Evan White","ATL","1B","13","2","1","2","0",".240",".296","3","1","0","1","4",".560",".856"
"Yunior Severino","MIN","2B,3B","13","2","1","2","0",".240",".296","3","1","0","1","5",".640",".936"
"Kody Clemens","PHI","1B,2B,3B,LF","13","2","1","2","0",".240",".296","3","1","0","1","4",".560",".856"
"Chase Strumpf","CHC","2B","18","2","1","2","0",".200",".282","4","1","0","2","8",".457",".739"
"Jared Young","STL","1B,DH","18","2","1","2","0",".222",".300","4","1","0","2","5",".500",".800"
"Jair Camargo","MIN","C","18","2","1","2","0",".229",".270","4","1","0","1","6",".457",".727"
"Tyler Heineman","TOR","C","27","3","0","3","0",".222",".300","6","1","0","3","7",".241",".541"
"Kyle McCann","OAK","C","28","3","1","3","0",".179",".233","5","1","0","2","12",".321",".555"
"Max Schuemann","OAK","2B","24","3","0","2","1",".213",".302","5","1","0","3","8",".213",".515"
"Jack Dunn","WSH","SS","18","2","0","2","1",".229",".325","4","1","0","3","5",".229",".554"
"Luke Williams","ATL","2B,3B,LF,SS","19","2","0","2","1",".216",".293","4","1","0","2","6",".270",".563"
"Weston Wilson","PHI","3B,LF","12","2","0","2","0",".250",".308","3","0","0","1","4",".167",".474"
"P.J. Higgins","CIN","C,1B","17","2","0","2","0",".242",".324","4","1","0","2","5",".303",".627"
"Logan Driscoll","TB","C","17","2","0","2","0",".235",".278","4","1","0","1","6",".235",".513"
"Dillon Dingler","DET","C","17","2","0","2","0",".212",".257","4","1","0","1","6",".242",".500"
"Hunter Feduccia","LAD","C","17","2","0","2","0",".212",".297","4","1","0","2","5",".242",".540"
"Stephen Scott","BOS","C","17","2","0","2","0",".212",".297","4","1","0","2","5",".242",".540"
"Livan Soto","LAA","SS","18","2","0","2","0",".222",".300","4","1","0","2","5",".278",".578"
"Andre Lipcius","DET","3B","18","2","0","2","0",".229",".308","4","1","0","2","4",".286",".593"
"Matt Rudick","NYM","LF","12","2","0","1","0",".261",".346","3","1","0","2","3",".348",".694"
"Simon Muzziotti","PHI","CF","6","1","0","1","0",".250",".308","2","0","0","1","1",".167",".474"
"Julio Carreras","COL","3B,SS","6","1","0","1","0",".250",".250","2","0","0","0","2",".167",".417"
"Yoyner Fajardo","MIN","LF","6","1","0","1","0",".250",".308","2","0","0","1","1",".167",".474"
"Jacob Hurtubise","CIN","CF","9","2","0","1","0",".235",".350","2","0","0","2","2",".176",".526"
"Bryce Windham","CHC","2B","11","1","0","1","0",".227",".292","3","0","0","1","3",".182",".473"
"Cesar Salazar","HOU","C","17","2","0","2","0",".182",".229","3","1","0","1","5",".242",".471"
"David Bote","CHC","1B,2B,3B","12","1","0","1","0",".261",".320","3","1","0","1","4",".348",".668"
"Jordan Groshans","MIA","3B","12","1","0","1","0",".261",".320","3","1","0","1","3",".348",".668"
"Gilberto Celestino","PIT","LF,CF,RF","12","1","0","1","0",".261",".346","3","1","0","2","3",".348",".694"
"Nick Sogard","BOS","SS","12","1","0","1","0",".261",".320","3","1","0","1","3",".348",".668"
"David Hensley","HOU","2B,DH","12","1","0","1","0",".217",".308","3","1","0","2","4",".348",".656"
"Daz Cameron","OAK","CF,RF","13","1","0","1","0",".240",".296","3","1","0","1","4",".320",".616"
"Brandon McIlwain","MIA","CF","6","1","0","1","0",".167",".286","1","0","0","1","2",".167",".452"
"Logan Davidson","OAK","SS","6","1","0","1","0",".167",".231","1","0","0","1","2",".167",".397"
"Ruben Cardenas","TB","RF","6","1","0","1","0",".167",".286","1","0","0","1","2",".167",".452"
"Maverick Handley","BAL","C","6","1","0","1","0",".182",".308","1","0","0","1","2",".182",".490"
"Cody Milligan","ATL","2B","6","1","0","1","0",".167",".286","1","0","0","1","2",".167",".452"
"Alex Isola","MIN","C","6","1","0","1","0",".167",".286","1","0","0","1","2",".167",".452"
"Chris Roller","MIL","CF","6","1","0","1","0",".167",".286","1","0","0","1","2",".167",".452"
"Daniel Schneemann","CLE","SS","6","1","0","1","0",".167",".286","1","0","0","1","2",".167",".452"
"Phil Clarke","TOR","C","11","1","0","1","0",".182",".250","2","0","0","1","3",".182",".432"
"Nick Kahle","MIL","C","11","1","0","1","0",".182",".250","2","0","0","1","4",".091",".341"
"Logan Porter","KC","1B,C","11","1","0","1","0",".190",".261","2","1","0","1","3",".286",".547"
"Chadwick Tromp","ATL","C","12","1","0","1","0",".174",".240","2","0","0","1","3",".130",".370"
"Israel Pineda","WSH","C","12","1","0","1","0",".174",".240","2","0","0","1","3",".130",".370"
"Shohei Ohtani","LAA","DH","559","105","37","100","20",".273",".376","153","28","6","92","165",".540",".916"