"Name","Team","W","L","ERA","G","GS","CG","ShO","SV","BS","IP","TBF","H","R","ER","HR","BB","IBB","HBP","WP","SO","HLD","playerid"
"Matt Moore","Tigers","0","0","0.00","2","2","0","0","0","0","10.0","33","3","0","0","0","1","0","0","0","9","0","1890"
"Brent Suter","Brewers","4","0","0.49","9","0","0","0","0","0","18.1","65","10","1","1","1","1","0","0","0","15","2","13942"
"Tyler Rogers","Giants","2","0","1.02","17","0","0","0","0","2","17.2","70","12","3","2","0","3","0","1","1","16","5","15541"
"Kirby Yates","Padres","0","5","1.19","60","0","0","0","41","3","60.2","243","41","14","8","2","13","1","7","2","101","0","9073"
"Sean Manaea","Athletics","4","0","1.21","5","5","0","0","0","0","29.2","109","16","4","4","3","7","0","2","1","30","0","15873"
"Jacob Webb","Braves","4","0","1.39","36","0","0","0","2","2","32.1","131","24","10","5","4","12","0","1","3","28","9","19274"
"Kevin Ginkel","Diamondbacks","3","0","1.48","25","0","0","0","2","0","24.1","96","15","7","4","2","9","0","0","2","28","8","19876"
"Luis Severino","Yankees","1","1","1.50","3","3","0","0","0","0","12.0","48","6","2","2","0","6","0","1","0","17","0","15890"
"Jesus Luzardo","Athletics","0","0","1.50","6","0","0","0","2","0","12.0","46","5","2","2","1","3","0","1","2","16","2","19959"
"Will Harris","Astros","4","1","1.50","68","0","0","0","4","1","60.0","229","42","14","10","6","14","0","0","3","62","26","3192"
"Matt Shoemaker","Blue Jays","3","0","1.57","5","5","0","0","0","0","28.2","108","16","7","5","3","9","0","1","1","24","0","4776"
"Randy Dobnak","Twins","2","1","1.59","9","5","0","0","1","0","28.1","118","27","9","5","1","5","0","3","0","23","0","23798"
"Felipe Vazquez","Pirates","5","1","1.65","56","0","0","0","28","3","60.0","236","43","12","11","5","13","0","4","3","90","0","12076"
"James Pazos","Rockies","0","0","1.74","12","0","0","0","0","0","10.1","39","7","2","2","1","4","1","0","0","10","3","13323"
"Tyler Glasnow","Rays","6","1","1.78","12","12","0","0","0","0","60.2","230","40","13","12","4","14","0","0","2","76","0","14374"
"Joe Smith","Astros","1","0","1.80","28","0","0","0","0","1","25.0","96","19","6","5","2","5","0","0","0","22","4","3281"
"Liam Hendriks","Athletics","4","4","1.80","75","2","0","0","25","7","85.0","332","61","18","17","5","21","5","2","7","124","8","3548"
"Ken Giles","Blue Jays","2","3","1.87","53","0","0","0","23","1","53.0","208","36","11","11","5","17","1","0","2","83","0","12910"
"Brandon Workman","Red Sox","10","1","1.88","73","0","0","0","16","6","71.2","286","29","18","15","1","45","4","2","4","104","15","11428"
"Adam Ottavino","Yankees","6","5","1.90","73","0","0","0","2","7","66.1","283","47","17","14","5","40","3","2","3","88","28","1247"
"Zack Britton","Yankees","3","1","1.91","66","0","0","0","3","4","61.1","245","38","13","13","3","32","1","1","3","53","29","3240"
"Keone Kela","Pirates","2","0","2.12","32","0","0","0","1","4","29.2","119","19","7","7","3","11","0","1","1","33","6","14696"
"Aaron Bummer","White Sox","0","0","2.13","58","0","0","0","1","2","67.2","262","43","17","16","4","24","2","3","4","60","27","16258"
"Casey Sadler","- - -","4","0","2.14","33","1","0","0","1","1","46.1","194","41","14","11","5","13","2","4","0","31","2","11209"
"Aroldis Chapman","Yankees","3","2","2.21","60","0","0","0","37","5","57.0","235","38","18","14","3","25","0","1","6","85","0","10233"
"Scott Oberg","Rockies","6","1","2.25","49","0","0","0","5","3","56.0","223","39","18","14","5","23","2","0","3","58","8","13911"
"Shane Greene","- - -","0","3","2.30","65","0","0","0","23","5","62.2","252","46","22","16","8","17","1","3","0","64","10","10756"
"Giovanny Gallegos","Cardinals","3","2","2.31","66","0","0","0","1","3","74.0","279","44","19","19","9","16","2","3","3","93","19","14986"
"Emilio Pagan","Rays","4","2","2.31","66","0","0","0","20","8","70.0","267","45","19","18","12","13","1","1","3","96","7","14771"
"Eric Yardley","Padres","0","1","2.31","10","0","0","0","0","0","11.2","52","12","5","3","1","3","0","1","0","7","0","15538"
"Emmanuel Clase","Rangers","2","3","2.31","21","1","0","0","1","0","23.1","94","20","8","6","2","6","0","1","1","21","4","21032"
"Hyun-Jin Ryu","Dodgers","14","5","2.32","29","29","1","1","0","0","182.2","723","160","53","47","17","24","2","4","0","163","0","14444"
"Ryan Pressly","Astros","2","3","2.32","55","0","0","0","3","5","54.1","211","37","15","14","6","12","0","0","4","72","31","7005"
"Aaron Civale","Indians","3","4","2.34","10","10","0","0","0","0","57.2","227","44","18","15","4","16","0","1","2","46","0","19479"
"Sam Tuivailala","Mariners","1","0","2.35","23","2","0","0","0","1","23.0","94","13","6","6","1","11","0","2","1","27","7","13485"
"Ryan Eades","- - -","0","1","2.38","8","0","0","0","0","1","11.1","50","11","3","3","2","6","0","1","0","10","1","14808"
"Jacob deGrom","Mets","11","8","2.43","32","32","0","0","0","0","204.0","804","154","59","55","19","44","1","7","2","255","0","10954"
"Rowan Wick","Cubs","2","0","2.43","31","0","0","0","2","0","33.1","140","22","13","9","0","16","1","3","0","35","5","14646"
"Rich Hill","Dodgers","4","1","2.45","13","13","0","0","0","0","58.2","242","48","20","16","10","18","2","4","0","72","0","4806"
"Daniel Hudson","- - -","9","3","2.47","69","1","0","0","8","4","73.0","304","56","25","20","8","27","2","4","2","71","11","7146"
"Hansel Robles","Angels","5","1","2.48","71","1","0","0","23","4","72.2","283","58","20","20","6","16","1","0","4","75","2","11801"
"Rafael Montero","Rangers","2","0","2.48","22","0","0","0","0","1","29.0","113","23","8","8","5","5","0","2","0","34","7","12760"
"Julio Urias","Dodgers","4","3","2.49","37","8","0","0","4","1","79.2","326","59","28","22","7","27","1","5","2","85","5","14765"
"Evan Marshall","White Sox","4","2","2.49","55","0","0","0","0","4","50.2","209","42","16","14","5","24","2","0","1","41","19","12297"
"Tyler Duffey","Twins","5","1","2.50","58","0","0","0","0","2","57.2","238","44","23","16","8","14","1","3","3","82","15","13758"
"Gerrit Cole","Astros","20","5","2.50","33","33","0","0","0","0","212.1","817","142","66","59","29","48","0","3","4","326","0","13125"
"Justin Wilson","Mets","4","2","2.54","45","0","0","0","4","1","39.0","166","33","12","11","4","19","1","2","4","44","9","4301"
"Justin Verlander","Astros","21","6","2.58","34","34","2","1","0","0","223.0","847","137","66","64","36","42","0","6","4","300","0","8700"
"Taylor Rogers","Twins","2","4","2.61","60","0","0","0","30","6","69.0","278","58","20","20","8","11","2","6","2","90","10","13449"
"Josh Hader","Brewers","3","5","2.62","61","0","0","0","37","7","75.2","289","41","24","22","15","20","2","4","0","138","6","14212"
"Frankie Montas","Athletics","9","2","2.63","16","16","0","0","0","0","96.0","394","84","35","28","8","23","1","4","5","103","0","14309"
"Roberto Osuna","Astros","4","3","2.63","66","0","0","0","38","6","65.0","253","45","20","19","8","12","0","2","1","73","0","13764"
"Connor Sadzeck","Mariners","0","1","2.66","20","0","0","0","1","1","23.2","107","18","10","7","3","15","1","2","4","27","1","13483"
"Zack Littell","Twins","6","0","2.68","29","0","0","0","0","1","37.0","146","34","12","11","4","9","1","0","0","32","1","15823"
"Mike Soroka","Braves","13","4","2.68","29","29","0","0","0","0","174.2","701","153","56","52","14","41","1","7","3","142","0","18383"
"Brandon Kintzler","Cubs","3","3","2.68","62","0","0","0","1","2","57.0","227","45","18","17","5","13","3","4","0","48","17","9939"
"Seth Lugo","Mets","7","4","2.70","61","0","0","0","6","5","80.0","314","56","28","24","8","16","4","5","2","104","21","12447"
"Luke Farrell","Rangers","1","0","2.70","9","1","0","0","0","0","13.1","48","6","4","4","3","3","0","0","0","12","0","15101"
"Yusmeiro Petit","Athletics","5","3","2.71","80","0","0","0","0","1","83.0","308","57","25","25","11","10","0","0","2","71","29","4020"
"Mike Clevinger","Indians","13","4","2.71","21","21","0","0","0","0","126.0","499","96","38","38","10","37","0","2","0","169","0","12808"
"Jose Rodriguez","Angels","0","1","2.75","9","1","0","0","0","0","19.2","84","17","6","6","5","11","0","0","1","13","0","17860"
"Alec Mills","Cubs","1","0","2.75","9","4","0","0","1","0","36.0","152","31","11","11","5","11","0","7","0","42","0","13834"
"Jack Flaherty","Cardinals","11","8","2.75","33","33","0","0","0","0","196.1","772","135","62","60","25","55","2","7","6","231","0","17479"
"Will Smith","Giants","6","0","2.76","63","0","0","0","34","4","65.1","257","46","20","20","10","21","2","0","3","96","0","8048"
"Alex Colome","White Sox","4","5","2.80","62","0","0","0","30","3","61.0","249","42","28","19","7","23","2","1","4","55","0","6661"
"Nick Wittgren","Indians","5","1","2.81","55","0","0","0","4","2","57.2","231","47","22","18","10","15","1","0","0","60","12","15594"
"Zac Gallen","- - -","3","6","2.81","15","15","0","0","0","0","80.0","334","62","26","25","8","36","1","4","3","96","0","19291"
"Reyes Moronta","Giants","3","7","2.86","56","0","0","0","0","5","56.2","246","41","19","18","4","33","1","3","3","70","15","14966"
"Sonny Gray","Reds","11","8","2.87","31","31","0","0","0","0","175.1","708","122","59","56","17","68","1","7","7","205","0","12768"
"Jimmy Cordero","- - -","1","1","2.89","31","0","0","0","0","0","37.1","146","26","12","12","4","11","0","3","1","31","4","15690"
"Tyler Clippard","Indians","1","0","2.90","53","3","0","0","0","0","62.0","241","38","20","20","8","15","0","7","3","64","8","5640"
"Jason Adam","Blue Jays","3","0","2.91","23","0","0","0","0","1","21.2","91","15","8","7","1","10","1","3","1","18","4","11861"
"Michael Lorenzen","Reds","1","4","2.92","73","0","0","0","7","4","83.1","343","68","29","27","9","28","1","2","2","85","21","14843"
"Max Scherzer","Nationals","11","7","2.92","27","27","0","0","0","0","172.1","693","144","59","56","18","33","2","7","0","243","0","3137"
"Tony Gonsolin","Dodgers","4","2","2.93","11","6","0","0","1","0","40.0","163","26","15","13","4","15","0","1","2","37","0","19388"
"Hector Neris","Phillies","3","6","2.93","68","0","0","0","28","6","67.2","275","45","24","22","10","24","1","6","2","89","2","11804"
"Zack Greinke","- - -","18","5","2.93","33","33","0","0","0","0","208.2","810","175","73","68","21","30","2","4","2","187","0","1943"
"Luke Weaver","Diamondbacks","4","3","2.94","12","12","0","0","0","0","64.1","260","55","22","21","6","14","1","3","0","69","0","16918"
"Trevor May","Twins","5","3","2.94","65","0","0","0","2","2","64.1","266","43","24","21","8","26","1","3","3","79","17","6398"
"Ryan Helsley","Cardinals","2","0","2.95","24","0","0","0","0","1","36.2","153","34","13","12","5","12","2","0","2","32","1","18138"
"Steve Cishek","Cubs","4","6","2.95","70","0","0","0","7","4","64.0","267","48","22","21","7","29","1","7","4","57","11","6483"
"Jandel Gustave","Giants","0","0","2.96","23","0","0","0","1","1","24.1","99","18","11","8","1","9","0","0","0","14","4","14665"
"Hunter Wood","- - -","1","1","2.98","36","2","0","0","1","0","45.1","195","46","20","15","7","12","1","1","5","39","2","15091"
"Ryan Buchter","Athletics","1","1","2.98","64","0","0","0","0","4","45.1","198","42","16","15","8","23","2","2","1","50","12","9456"
"Grant Dayton","Braves","0","1","3.00","14","0","0","0","0","1","12.0","51","12","5","4","4","4","0","0","0","14","1","11203"
"Jarlin Garcia","Marlins","4","2","3.02","53","0","0","0","0","1","50.2","206","40","17","17","4","16","2","2","4","39","6","18282"
"Clayton Kershaw","Dodgers","16","5","3.03","29","28","0","0","0","0","178.1","706","145","63","60","28","41","0","2","7","189","0","2036"
"Michel Baez","Padres","1","1","3.03","24","1","0","0","0","0","29.2","131","25","10","10","3","14","2","3","1","28","0","20100"
"Josh Taylor","Red Sox","2","2","3.04","52","1","0","0","0","1","47.1","194","40","17","16","5","16","1","2","3","62","4","17359"
"Charlie Morton","Rays","16","6","3.05","33","33","0","0","0","0","194.2","790","154","71","66","15","57","0","12","5","240","0","4676"
"Pedro Baez","Dodgers","7","2","3.10","71","0","0","0","1","6","69.2","276","43","30","24","6","23","1","4","0","69","25","5420"
"David Hale","Yankees","3","0","3.11","20","0","0","0","2","0","37.2","157","39","13","13","2","7","1","1","2","23","0","9756"
"Jordan Hicks","Cardinals","2","2","3.14","29","0","0","0","14","1","28.2","110","16","10","10","2","11","0","1","2","31","3","19618"
"Ranger Suarez","Phillies","6","1","3.14","37","0","0","0","0","1","48.2","205","52","18","17","6","12","2","1","1","42","6","17277"
"Sean Newcomb","Braves","6","3","3.16","55","4","0","0","1","2","68.1","293","61","28","24","8","29","1","3","4","65","16","16943"
"Carlos Martinez","Cardinals","4","2","3.17","48","0","0","0","24","3","48.1","200","39","18","17","2","18","1","3","2","53","3","11682"
"A.J. Puk","Athletics","2","0","3.18","10","0","0","0","0","1","11.1","47","10","4","4","1","5","0","0","2","13","2","19343"
"Oliver Drake","Rays","5","2","3.21","50","0","0","0","2","1","56.0","219","36","20","20","9","19","1","1","1","70","10","8823"
"Amir Garrett","Reds","5","3","3.21","69","0","0","0","0","3","56.0","246","44","22","20","7","35","1","4","5","78","22","14375"
"Marcus Stroman","- - -","10","13","3.22","32","32","0","0","0","0","184.1","774","183","77","66","18","58","1","1","7","159","0","13431"
"Cam Bedrosian","Angels","3","3","3.23","59","7","0","0","1","2","61.1","258","48","30","22","7","22","0","3","9","64","15","13360"
"Cody Stashak","Twins","0","1","3.24","18","1","0","0","0","0","25.0","104","29","9","9","3","1","0","1","0","25","1","18088"
"Patrick Corbin","Nationals","14","7","3.25","33","33","1","1","0","0","202.0","835","169","81","73","24","70","2","3","4","238","0","9323"
"Walker Buehler","Dodgers","14","4","3.26","30","30","2","0","0","0","182.1","737","153","77","66","20","37","0","7","4","215","0","19374"
"Adam Kolarek","- - -","6","3","3.27","80","0","0","0","1","0","55.0","229","48","22","20","7","16","4","3","1","45","17","10843"
"Shane Bieber","Indians","15","8","3.28","34","33","3","2","0","0","214.1","859","186","86","78","31","40","1","6","6","259","0","19427"
"Craig Stammen","Padres","8","7","3.29","76","0","0","0","4","9","82.0","339","80","36","30","13","15","2","2","0","73","31","7274"
"Brad Hand","Indians","6","4","3.30","60","0","0","0","34","5","57.1","242","53","21","21","6","18","5","4","0","84","0","9111"
"Austin Voth","Nationals","2","1","3.30","9","8","0","0","0","0","43.2","174","33","16","16","5","13","2","3","0","44","0","15047"
"Stephen Strasburg","Nationals","18","6","3.32","33","33","0","0","0","0","209.0","841","161","79","77","24","56","4","10","8","251","0","10131"
"Sam Dyson","- - -","5","1","3.32","61","0","0","0","2","2","62.1","249","53","26","23","6","13","0","3","1","55","23","11710"
"Nick Anderson","- - -","5","4","3.32","68","0","0","0","1","4","65.0","264","52","24","24","8","18","4","2","4","110","16","18337"
"Chris Paddack","Padres","9","7","3.33","26","26","0","0","0","0","140.2","568","107","58","52","23","31","1","6","1","153","0","20099"
"Dakota Hudson","Cardinals","16","7","3.35","33","32","0","0","1","0","174.2","757","160","80","65","22","86","8","9","5","136","0","19206"
"Jose Alvarez","Phillies","3","4","3.36","67","1","0","0","1","2","59.0","255","66","25","22","8","18","4","1","3","51","16","5358"
"Kyle Keller","Marlins","0","0","3.38","10","0","0","0","0","0","10.2","46","5","4","4","3","8","0","2","0","11","0","18890"
"Chris Martin","- - -","1","3","3.40","58","0","0","0","4","2","55.2","216","52","23","21","9","5","0","0","0","65","18","11847"
"Luis Castillo","Reds","15","8","3.40","32","32","0","0","0","0","190.2","781","139","76","72","22","79","0","7","5","226","0","15689"
"Diego Castillo","Rays","5","8","3.41","65","6","0","0","8","2","68.2","290","59","32","26","8","26","4","5","5","81","17","17496"
"David Phelps","- - -","2","1","3.41","41","1","0","0","1","4","34.1","147","31","14","13","5","17","1","1","3","36","5","6316"
"Ian Kennedy","Royals","3","2","3.41","63","0","0","0","30","4","63.1","266","64","24","24","6","17","1","1","3","73","1","6986"
"Yoan Lopez","Diamondbacks","2","7","3.41","70","0","0","0","1","3","60.2","246","52","27","23","11","17","2","0","1","42","21","17181"
"Lucas Giolito","White Sox","14","9","3.41","29","29","3","2","0","0","176.2","705","131","69","67","24","57","1","4","6","228","0","15474"
"Austin Brice","Marlins","1","0","3.43","36","0","0","0","0","1","44.2","199","37","21","17","7","18","2","7","2","46","6","17237"
"Sergio Romo","- - -","2","1","3.43","65","0","0","0","20","3","60.1","249","50","27","23","7","17","3","2","3","60","17","9817"
"Kyle Hendricks","Cubs","11","10","3.46","30","30","1","1","0","0","177.0","730","168","78","68","19","32","1","9","1","150","0","12049"
"Francisco Liriano","Pirates","5","3","3.47","69","0","0","0","0","4","70.0","301","60","32","27","8","35","1","3","1","63","12","3201"
"Ross Stripling","Dodgers","4","4","3.47","32","15","0","0","0","0","90.2","370","84","40","35","11","20","0","2","4","93","3","13273"
"Nate Jones","White Sox","0","1","3.48","13","0","0","0","1","0","10.1","47","10","4","4","2","7","1","1","2","10","2","4696"
"Gio Gonzalez","Brewers","3","2","3.50","19","17","0","0","0","0","87.1","366","76","36","34","9","37","0","0","5","78","0","7448"
"Jake Odorizzi","Twins","15","7","3.51","30","30","0","0","0","0","159.0","658","139","65","62","16","53","0","4","4","178","0","6397"
"Archie Bradley","Diamondbacks","4","5","3.52","66","1","0","0","18","3","71.2","317","67","30","28","5","36","2","5","0","87","7","12918"
"Jeff Samardzija","Giants","11","12","3.52","32","32","0","0","0","0","181.1","740","152","78","71","28","49","4","6","5","140","0","3254"
"Nick Goody","Indians","3","2","3.54","39","0","0","0","0","0","40.2","173","30","18","16","7","22","1","0","0","50","10","13685"
"Kyle Ryan","Cubs","4","2","3.54","73","0","0","0","0","2","61.0","260","55","26","24","5","29","2","1","1","58","14","11753"
"Junior Guerra","Brewers","9","5","3.55","72","0","0","0","3","8","83.2","344","58","35","33","11","36","2","4","5","77","20","5702"
"Zach Davies","Brewers","10","7","3.55","31","31","0","0","0","0","159.2","672","155","73","63","20","51","0","2","4","102","0","13183"
"Stefan Crichton","Diamondbacks","1","0","3.56","28","0","0","0","0","0","30.1","123","23","12","12","3","8","1","2","1","33","3","16058"
"Anthony Bass","Mariners","2","4","3.56","44","0","0","0","5","5","48.0","189","30","20","19","5","17","2","1","6","43","6","7982"
"Alex Young","Diamondbacks","7","5","3.56","17","15","0","0","0","0","83.1","349","72","40","33","14","27","4","4","2","71","0","18333"
"Sam Coonrod","Giants","5","1","3.58","33","0","0","0","0","1","27.2","114","19","11","11","3","15","1","4","2","20","0","17264"
"J.B. Wendelken","Athletics","3","1","3.58","27","0","0","0","0","1","32.2","131","21","14","13","2","9","2","2","2","34","1","14506"
"Mike Minor","Rangers","14","10","3.59","32","32","2","1","0","0","208.1","863","190","86","83","30","68","1","7","2","200","0","10021"
"John Brebbia","Cardinals","3","4","3.59","66","0","0","0","0","1","72.2","304","59","31","29","6","27","2","3","0","87","12","12777"
"John Means","Orioles","12","11","3.60","31","27","0","0","0","0","155.0","637","138","68","62","23","38","0","5","5","121","0","16269"
"Harrison Musgrave","Rockies","0","0","3.60","10","0","0","0","0","0","10.0","47","9","4","4","0","7","1","0","1","12","0","16532"
"Mark Melancon","- - -","5","2","3.61","66","0","0","0","12","0","67.1","284","71","28","27","4","18","2","2","4","68","5","4264"
"Yimi Garcia","Dodgers","1","4","3.61","64","0","0","0","0","3","62.1","247","40","28","25","15","14","2","6","1","66","4","12095"
"Brandon Woodruff","Brewers","11","3","3.62","22","22","0","0","0","0","121.2","493","109","49","49","12","30","0","5","1","143","0","16162"
"Tim Hill","Royals","2","0","3.63","46","0","0","0","1","1","39.2","161","31","17","16","4","13","2","4","0","39","9","16814"
"Dustin May","Dodgers","2","3","3.63","14","4","0","0","0","1","34.2","141","33","17","14","2","5","0","4","0","32","4","19716"
"Scott Alexander","Dodgers","3","2","3.63","28","0","0","0","0","0","17.1","76","17","7","7","2","7","2","1","0","9","6","10591"
"Taylor Guilbeau","Mariners","0","0","3.65","17","0","0","0","0","2","12.1","51","10","6","5","2","3","1","1","0","7","3","18306"
"Tyler Kinley","Marlins","3","1","3.65","52","0","0","0","1","2","49.1","221","43","20","20","5","36","2","1","3","46","1","18297"
"Matt Bowman","Reds","2","0","3.66","27","0","0","0","0","0","32.0","137","27","15","13","2","13","3","0","0","25","0","13528"
"John Gant","Cardinals","11","1","3.66","64","0","0","0","3","3","66.1","269","51","29","27","4","34","1","0","1","60","18","13684"
"Tommy Kahnle","Yankees","3","2","3.67","72","0","0","0","0","5","61.1","248","45","27","25","9","20","0","2","8","88","27","11384"
"Lance Lynn","Rangers","16","11","3.67","33","33","0","0","0","0","208.1","875","195","89","85","21","59","0","8","18","246","0","2520"
"Jose Berrios","Twins","14","8","3.68","32","32","1","0","0","0","200.1","842","194","94","82","26","51","0","9","8","195","0","14168"
"Daniel Ponce de Leon","Cardinals","1","2","3.70","13","8","0","0","0","0","48.2","203","36","21","20","6","26","3","2","2","52","0","16110"
"Hector Rondon","Astros","3","2","3.71","62","1","0","0","0","3","60.2","257","56","25","25","10","20","0","4","0","48","19","2391"
"Kenley Jansen","Dodgers","5","3","3.71","62","0","0","0","33","8","63.0","263","51","28","26","9","16","0","4","2","80","0","3096"
"Adrian Houser","Brewers","6","7","3.72","35","18","0","0","0","0","111.1","462","101","49","46","14","37","2","5","2","117","1","12718"
"Richard Rodriguez","Pirates","4","5","3.72","72","0","0","0","1","4","65.1","285","65","30","27","14","23","3","2","1","63","16","13549"
"Josh Staumont","Royals","0","0","3.72","16","0","0","0","0","1","19.1","88","21","13","8","4","10","1","1","0","15","0","18335"
"Buck Farmer","Tigers","6","6","3.72","73","1","0","0","0","3","67.2","288","62","32","28","8","24","2","5","4","73","15","14814"
"Josh Tomlin","Braves","2","1","3.74","51","1","0","0","2","2","79.1","320","82","35","33","14","7","0","0","2","51","7","9388"
"Carlos Estevez","Rockies","2","2","3.75","71","0","0","0","0","2","72.0","308","70","34","30","12","23","1","1","1","81","11","14542"
"Dallas Keuchel","Braves","8","8","3.75","19","19","0","0","0","0","112.2","487","115","50","47","16","39","1","9","6","91","0","9434"
"Tyler Chatwood","Cubs","5","3","3.76","38","5","0","0","2","2","76.2","324","65","33","32","8","37","0","5","8","74","3","4338"
"Robert Stephenson","Reds","3","2","3.76","57","0","0","0","0","4","64.2","262","43","30","27","9","24","4","0","3","81","11","13594"
"Andrew Chafin","Diamondbacks","2","2","3.76","77","0","0","0","0","4","52.2","225","52","23","22","6","18","0","2","2","68","23","12988"
"Tyler Webb","Cardinals","2","1","3.76","65","0","0","0","1","0","55.0","221","33","23","23","7","23","3","2","2","48","8","14974"
"Jake Newberry","Royals","1","0","3.77","27","0","0","0","0","1","31.0","137","29","13","13","7","16","2","1","0","29","4","15136"
"Wei-Chung Wang","- - -","3","0","3.77","25","0","0","0","0","0","31.0","129","27","13","13","4","14","0","1","0","18","0","14382"
"Matt Barnes","Red Sox","5","4","3.78","70","0","0","0","4","8","64.1","285","51","29","27","8","38","2","2","13","110","26","12863"
"J. D. Hammer","Phillies","1","0","3.79","20","0","0","0","0","1","19.0","81","15","8","8","2","12","0","0","1","13","0","19548"
"Eduardo Rodriguez","Red Sox","19","6","3.81","34","34","0","0","0","0","203.1","859","195","88","86","24","75","2","7","3","213","0","13164"
"Marcus Walden","Red Sox","9","2","3.81","70","0","0","0","2","4","78.0","327","61","38","33","6","32","1","5","6","76","6","8004"
"A.J. Cole","Indians","3","1","3.81","25","0","0","0","1","0","26.0","118","31","16","11","4","8","0","0","0","30","0","11467"
"Ryne Harper","Twins","4","2","3.81","61","0","0","0","1","3","54.1","225","54","25","23","7","10","0","1","5","50","12","12680"
"Cole Hamels","Cubs","7","7","3.81","27","27","0","0","0","0","141.2","617","141","64","60","17","56","1","7","1","143","0","4972"
"Chris Bassitt","Athletics","10","5","3.81","28","25","0","0","0","0","144.0","612","125","66","61","21","47","0","13","3","141","0","12304"
"Zach Plesac","Indians","8","6","3.81","21","21","1","1","0","0","115.2","475","102","52","49","19","40","0","3","1","88","0","19979"
"Julio Teheran","Braves","10","11","3.81","33","33","0","0","0","0","174.2","754","148","81","74","22","83","3","14","5","162","0","6797"
"James Paxton","Yankees","15","6","3.82","29","29","0","0","0","0","150.2","633","138","71","64","23","55","0","2","7","186","0","11828"
"Luke Jackson","Braves","9","2","3.84","70","0","0","0","18","7","72.2","315","76","34","31","10","26","4","2","3","106","9","11752"
"Jon Gray","Rockies","11","8","3.84","26","25","0","0","0","0","150.0","637","147","70","64","19","56","4","4","7","150","0","14916"
"Yonny Chirinos","Rays","9","5","3.85","26","18","0","0","0","0","133.1","530","112","61","57","23","28","1","3","4","114","0","16401"
"Anibal Sanchez","Nationals","11","8","3.85","30","30","0","0","0","0","166.0","712","153","77","71","22","58","10","4","1","134","0","3284"
"Devin Smeltzer","Twins","2","2","3.86","11","6","0","0","1","0","49.0","202","50","23","21","8","12","0","1","1","38","1","19487"
"Travis Lakins","Red Sox","0","1","3.86","16","3","0","0","0","0","23.1","102","23","11","10","1","10","1","1","1","18","1","18600"
"Justin Shafer","Blue Jays","2","1","3.86","34","0","0","0","1","0","39.2","182","41","19","17","6","25","4","1","1","39","3","16132"
"Heath Hembree","Red Sox","1","0","3.86","45","0","0","0","2","1","39.2","173","34","20","17","7","18","2","3","2","46","4","11632"
"Aaron Nola","Phillies","12","7","3.87","34","34","0","0","0","0","202.1","852","176","91","87","27","80","3","11","3","229","0","16149"
"Sandy Alcantara","Marlins","6","14","3.88","32","32","2","2","0","0","197.1","838","179","94","85","23","81","5","8","4","151","0","18684"
"Brett Anderson","Athletics","13","9","3.89","31","31","0","0","0","0","176.0","743","181","80","76","20","49","2","4","4","90","0","8223"
"Anthony DeSclafani","Reds","9","9","3.89","31","31","0","0","0","0","166.2","696","151","77","72","29","49","5","4","2","167","0","13050"
"Jerry Blevins","Braves","1","0","3.90","45","0","0","0","1","0","32.1","141","25","15","14","5","16","2","2","2","37","10","7841"
"Mike Fiers","Athletics","15","4","3.90","33","33","1","1","0","0","184.2","754","166","82","80","30","53","0","9","13","126","0","7754"
"Madison Bumgarner","Giants","9","9","3.90","34","34","0","0","0","0","207.2","844","191","99","90","30","43","3","10","3","203","0","5524"
"Juan Minaya","White Sox","0","0","3.90","22","0","0","0","0","0","27.2","126","31","13","12","4","12","0","2","3","27","0","10341"
"Tanner Rainey","Nationals","2","3","3.91","52","0","0","0","0","3","48.1","214","32","22","21","6","38","2","4","7","74","9","17610"
"Andres Munoz","Padres","1","1","3.91","22","0","0","0","1","1","23.0","97","16","10","10","2","11","0","0","1","30","8","20373"
"Phillips Valdez","Rangers","0","0","3.94","11","0","0","0","0","0","16.0","75","17","7","7","3","9","0","2","1","18","0","15605"
"Austin Adams","- - -","2","2","3.94","30","2","0","0","0","2","32.0","130","20","14","14","4","16","0","1","4","53","10","13801"
"Adam Morgan","Phillies","3","3","3.94","40","0","0","0","0","2","29.2","120","20","14","13","4","10","1","3","0","29","19","12580"
"Jose Urquidy","Astros","2","1","3.95","9","7","0","0","0","0","41.0","167","38","18","18","6","7","0","0","4","40","0","18413"
"Devin Williams","Brewers","0","0","3.95","13","0","0","0","0","0","13.2","67","18","9","6","2","6","0","2","1","14","2","15816"
"Roenis Elias","- - -","4","2","3.96","48","0","0","0","14","3","50.0","216","46","32","22","10","18","1","1","1","47","2","12673"
"Zack Wheeler","Mets","11","8","3.96","31","31","0","0","0","0","195.1","828","196","93","86","22","50","4","2","5","195","0","10310"
"Ryne Stanek","- - -","0","4","3.97","63","27","0","0","1","4","77.0","327","61","39","34","11","39","3","0","5","89","7","15947"
"Yu Darvish","Cubs","6","8","3.98","31","31","0","0","0","0","178.2","731","140","82","79","33","56","1","11","11","229","0","13074"
"Wade Miley","Astros","14","6","3.98","33","33","0","0","0","0","167.1","720","164","83","74","23","61","0","5","4","140","0","8779"
"Ty Buttrey","Angels","6","7","3.98","72","0","0","0","2","4","72.1","309","69","34","32","8","23","0","5","6","84","26","14719"
"Oliver Perez","Indians","2","4","3.98","67","0","0","0","1","4","40.2","173","38","20","18","5","12","2","3","1","48","22","1514"
"Marco Gonzales","Mariners","16","13","3.99","34","34","0","0","0","0","203.0","866","210","106","90","23","56","1","6","2","147","0","15467"
"Noe Ramirez","Angels","5","4","3.99","51","7","0","0","0","0","67.2","280","59","30","30","9","20","1","5","2","79","3","12800"
"Michael Feliz","Pirates","4","4","3.99","58","1","0","0","0","1","56.1","239","44","27","25","11","27","1","2","0","73","3","11903"
"Rogelio Armenteros","Astros","1","1","4.00","5","2","0","0","1","0","18.0","75","17","9","8","1","5","0","0","0","18","0","17679"
"Luis Perdomo","Padres","2","4","4.00","47","1","0","0","0","1","72.0","296","69","34","32","6","18","1","2","3","55","7","14682"
"Michael Pineda","Twins","11","5","4.01","26","26","0","0","0","0","146.0","600","141","68","65","23","28","1","5","8","140","0","5372"
"Seranthony Dominguez","Phillies","3","0","4.01","27","0","0","0","0","2","24.2","110","24","13","11","3","12","0","1","1","29","9","19249"
"Max Fried","Braves","17","6","4.02","33","30","1","0","0","0","165.2","702","174","80","74","21","47","3","5","11","173","0","13743"
"Justin Miller","Nationals","1","0","4.02","17","0","0","0","0","1","15.2","65","16","8","7","5","4","0","2","0","11","4","8580"
"Domingo German","Yankees","18","4","4.03","27","24","0","0","0","0","143.0","594","125","69","64","30","39","0","5","5","153","0","17149"
"Jared Hughes","- - -","5","5","4.04","72","0","0","0","1","3","71.1","289","57","37","32","13","27","1","2","1","54","7","9325"
"Kenta Maeda","Dodgers","10","8","4.04","37","26","0","0","3","0","153.2","624","114","70","69","22","51","1","4","3","169","4","18498"
"Sean Doolittle","Nationals","6","5","4.05","63","0","0","0","29","6","60.0","260","63","27","27","11","15","2","2","0","66","2","1581"
"Buddy Boshers","Blue Jays","0","3","4.05","28","1","0","0","0","0","20.0","91","20","10","9","3","10","0","1","2","26","4","8490"
"Trevor Richards","- - -","6","12","4.06","30","23","0","0","0","0","135.1","580","127","63","61","19","56","6","5","4","127","1","19309"
"Chaz Roe","Rays","1","3","4.06","71","0","0","0","1","4","51.0","229","49","27","23","3","31","2","1","3","65","23","9866"
"Alex Claudio","Brewers","2","2","4.06","83","0","0","0","0","3","62.0","267","57","29","28","8","24","2","6","1","44","22","12890"
"Cory Gearrin","- - -","1","3","4.07","66","2","0","0","0","0","55.1","241","55","25","25","5","25","1","4","4","47","13","7947"
"Nick Ramirez","Tigers","5","4","4.07","46","0","0","0","0","1","79.2","348","76","45","36","11","35","4","1","6","74","1","12575"
"Dinelson Lamet","Padres","3","5","4.07","14","14","0","0","0","0","73.0","313","62","38","33","12","30","0","5","6","105","0","17186"
"Matt Magill","- - -","5","2","4.09","50","0","0","0","5","2","50.2","229","51","31","23","7","20","3","2","5","64","1","3950"
"Jameson Taillon","Pirates","2","3","4.10","7","7","1","0","0","0","37.1","158","34","24","17","4","8","1","2","1","30","0","11674"
"Luis Cessa","Yankees","2","1","4.11","43","0","0","0","1","0","81.0","343","75","42","37","14","31","1","3","1","75","4","13345"
"Colten Brewer","Red Sox","1","2","4.12","58","0","0","0","0","1","54.2","253","59","26","25","6","34","1","2","9","52","6","12997"
"Brad Peacock","Astros","7","6","4.12","23","15","0","0","0","0","91.2","383","78","43","42","15","31","0","5","1","96","0","5401"
"Ryan Yarbrough","Rays","11","6","4.13","28","14","0","0","0","0","141.2","563","121","69","65","15","20","2","9","0","117","0","16502"
"Zach Eflin","Phillies","10","13","4.13","32","28","2","1","0","0","163.1","705","172","88","75","28","48","5","6","1","129","0","13774"
"Jordan Lyles","- - -","12","8","4.15","28","28","0","0","0","0","141.0","599","131","72","65","25","55","2","1","4","146","0","7593"
"Zac Grotz","Mariners","1","0","4.15","14","0","0","0","0","0","17.1","73","14","9","8","0","8","1","1","6","18","1","18256"
"Fernando Abad","Giants","0","2","4.15","21","0","0","0","0","0","13.0","49","9","6","6","2","3","0","0","1","9","8","4994"
"Miles Mikolas","Cardinals","9","14","4.16","32","32","1","1","0","0","184.0","764","193","90","85","27","32","1","12","5","144","0","9803"
"Raisel Iglesias","Reds","3","12","4.16","68","0","0","0","34","6","67.0","279","61","31","31","12","21","4","2","3","89","3","17130"
"Tony Watson","Giants","2","2","4.17","60","0","0","0","0","3","54.0","231","56","26","25","9","12","1","5","1","41","25","3132"
"Andrew Kittredge","Rays","1","0","4.17","37","7","0","0","0","0","49.2","210","51","25","23","7","12","0","2","2","58","2","12828"
"Chad Green","Yankees","4","4","4.17","54","15","0","0","2","0","69.0","295","66","35","32","10","19","0","6","2","98","4","15552"
"Joey Lucchesi","Padres","10","10","4.18","30","30","0","0","0","0","163.2","686","144","78","76","23","56","0","2","8","158","0","19320"
"Brad Keller","Royals","7","14","4.19","28","28","0","0","0","0","165.1","709","154","80","77","15","70","2","9","9","122","0","15734"
"Adam Wainwright","Cardinals","14","10","4.19","31","31","0","0","0","0","171.2","745","181","83","80","22","64","7","8","2","153","0","2233"
"Chase Anderson","Brewers","8","4","4.21","32","27","0","0","0","0","139.0","592","126","67","65","23","50","2","8","1","124","0","6895"
"Steven Matz","Mets","11","10","4.21","32","30","1","1","0","0","160.1","691","163","83","75","27","52","7","7","3","153","1","13361"
"Scott Barlow","Royals","3","3","4.22","61","0","0","0","1","2","70.1","310","64","33","33","6","37","3","3","5","92","14","14993"
"Dylan Floro","Dodgers","5","3","4.24","50","0","0","0","0","3","46.2","201","46","25","22","4","14","5","2","1","42","6","13394"
"Sean Reid-Foley","Blue Jays","2","4","4.26","9","6","0","0","0","0","31.2","150","33","20","15","5","21","0","2","3","28","0","17034"
"David Price","Red Sox","7","5","4.28","22","22","0","0","0","0","107.1","458","109","57","51","15","32","0","3","3","128","0","3184"
"Noah Syndergaard","Mets","10","8","4.28","32","32","1","1","0","0","197.2","825","194","101","94","24","50","2","6","4","202","0","11762"
"Blake Snell","Rays","6","8","4.29","23","23","0","0","0","0","107.0","441","96","53","51","14","40","1","1","11","147","0","13543"
"Tyler Skaggs","Angels","7","7","4.29","15","15","0","0","0","0","79.2","335","73","41","38","9","28","0","2","2","78","0","10190"
"Mike Leake","- - -","12","11","4.29","32","32","2","1","0","0","197.0","835","227","114","94","41","27","2","10","2","127","0","10130"
"Joakim Soria","Athletics","2","4","4.30","71","1","0","0","1","5","69.0","278","51","33","33","9","20","1","3","5","79","21","6941"
"Jalen Beeks","Rays","6","3","4.31","33","3","0","0","1","0","104.1","464","115","56","50","12","40","1","9","3","89","2","17192"
"Jonathan Hernandez","Rangers","2","1","4.32","9","2","0","0","0","0","16.2","78","14","10","8","3","13","0","0","1","19","1","17464"
"Jose Leclerc","Rangers","2","4","4.33","70","3","0","0","14","4","68.2","299","52","34","33","7","39","1","6","7","100","7","14524"
"Jose Cisnero","Tigers","0","4","4.33","35","0","0","0","0","2","35.1","162","35","21","17","5","19","3","3","1","40","4","6399"
"Robbie Ray","Diamondbacks","12","8","4.34","33","33","0","0","0","0","174.1","747","150","91","84","30","84","5","5","7","235","0","11486"
"Danny Duffy","Royals","7","6","4.34","23","23","0","0","0","0","130.2","555","125","69","63","21","46","0","8","4","115","0","3542"
"Daniel Stumpf","Tigers","1","1","4.34","48","0","0","0","0","2","29.0","135","35","18","14","5","15","1","0","0","28","5","13780"
"Tanner Roark","- - -","10","10","4.35","31","31","0","0","0","0","165.1","722","180","84","80","28","51","1","13","3","158","0","8753"
"Jake McGee","Rockies","0","2","4.35","45","0","0","0","0","2","41.1","180","47","25","20","11","11","1","3","0","35","4","7550"
"Luis Garcia","Angels","2","1","4.35","64","2","0","0","1","2","62.0","278","61","35","30","13","33","1","5","7","57","6","6984"
"Sam Selman","Giants","0","0","4.35","10","0","0","0","0","1","10.1","44","6","5","5","2","6","0","2","0","10","1","13397"
"Williams Jerez","- - -","1","0","4.35","12","0","0","0","0","0","10.1","48","12","5","5","2","9","0","0","2","9","1","14338"
"Joe Jimenez","Tigers","4","7","4.37","66","0","0","0","9","5","59.2","257","56","33","29","13","23","1","4","1","82","15","15761"
"Jacob Waguespack","Blue Jays","5","5","4.38","16","13","0","0","0","0","78.0","335","75","43","38","12","29","0","5","2","63","0","18318"
"Randy Rosario","- - -","2","0","4.40","19","0","0","0","0","1","14.1","63","15","9","7","2","5","0","0","3","13","0","14508"
"Chris Sale","Red Sox","6","11","4.40","25","25","1","1","0","0","147.1","612","123","80","72","24","37","0","13","2","218","0","10603"
"Tyler Olson","Indians","1","1","4.40","39","0","0","0","0","1","30.2","140","34","15","15","3","16","2","2","2","28","1","14741"
"Austin Pruitt","Rays","3","0","4.40","14","2","0","0","0","0","47.0","193","47","23","23","7","12","2","0","1","39","0","15290"
"Merrill Kelly","Diamondbacks","13","14","4.42","32","32","0","0","0","0","183.1","777","184","95","90","29","57","4","2","4","158","0","11156"
"Jon Duplantier","Diamondbacks","1","1","4.42","15","3","0","0","1","0","36.2","163","39","18","18","2","18","1","5","2","34","0","19546"
"Nick Vincent","- - -","1","4","4.43","32","1","0","0","0","0","44.2","194","47","23","22","8","12","3","4","0","47","1","7555"
"Joe Musgrove","Pirates","11","12","4.44","32","31","0","0","0","0","170.1","718","168","98","84","21","39","1","9","2","157","1","12970"
"Trevor Gott","Giants","7","0","4.44","50","0","0","0","1","1","52.2","214","41","26","26","4","17","0","2","1","57","1","15046"
"Andrew Miller","Cardinals","5","6","4.45","73","0","0","0","6","5","54.2","236","45","32","27","11","27","1","8","4","70","28","6785"
"Adam Cimber","Indians","6","3","4.45","68","0","0","0","1","2","56.2","244","56","29","28","6","19","2","4","0","41","19","15288"
"Eric Lauer","Padres","8","10","4.45","30","29","0","0","0","0","149.2","651","158","82","74","20","51","4","5","4","138","0","19316"
"Masahiro Tanaka","Yankees","11","9","4.45","32","31","1","1","0","0","182.0","759","186","95","90","28","40","0","2","7","149","0","15764"
"Jay Jackson","Brewers","1","0","4.45","28","0","0","0","0","0","30.1","132","22","15","15","6","18","1","2","0","47","2","7432"
"Darwinzon Hernandez","Red Sox","0","1","4.45","29","1","0","0","0","0","30.1","147","27","18","15","1","26","1","3","4","57","2","19848"
"Jon Lester","Cubs","13","10","4.46","31","31","0","0","0","0","171.2","764","205","101","85","26","52","0","5","3","165","0","4930"
"Jeff Brigham","Marlins","3","2","4.46","32","0","0","0","1","1","38.1","161","36","20","19","8","14","2","1","6","39","4","16631"
"Jordan Yamamoto","Marlins","4","5","4.46","15","15","0","0","0","0","78.2","325","54","42","39","11","36","1","5","5","82","0","17585"
"Blaine Hardy","Tigers","1","1","4.47","39","0","0","0","0","0","44.1","182","38","24","22","10","13","0","0","3","29","7","6499"
"Kevin McCarthy","Royals","4","2","4.48","56","0","0","0","1","4","60.1","268","68","31","30","4","21","6","2","2","38","6","15240"
"Trevor Bauer","- - -","11","13","4.48","34","34","1","1","0","0","213.0","911","184","118","106","34","82","0","19","10","253","0","12703"
"Wilmer Font","- - -","4","5","4.48","48","17","0","0","0","1","84.1","356","78","42","42","17","29","2","3","2","95","2","5257"
"Daniel Norris","Tigers","3","13","4.49","32","29","0","0","0","0","144.1","610","154","75","72","25","38","0","4","5","125","0","13475"
"Erick Fedde","Nationals","4","2","4.50","21","12","0","0","0","0","78.0","334","81","39","39","11","33","2","2","1","41","0","17425"
"Jason Vargas","- - -","7","9","4.51","30","29","1","1","0","0","149.2","649","141","84","75","21","63","2","6","5","124","0","8044"
"Caleb Smith","Marlins","10","11","4.52","28","28","0","0","0","0","153.1","646","128","82","77","33","60","2","6","6","168","0","14875"
"Jairo Diaz","Rockies","6","4","4.53","56","0","0","0","5","3","57.2","245","56","34","29","7","19","0","2","4","63","7","12774"
"Mike Foltynewicz","Braves","8","6","4.54","21","21","0","0","0","0","117.0","491","109","65","59","23","37","2","2","5","105","0","10811"
"Greg Holland","Diamondbacks","1","2","4.54","40","0","0","0","17","5","35.2","152","25","18","18","5","24","2","0","6","41","0","7196"
"Wander Suero","Nationals","6","9","4.54","78","0","0","0","1","6","71.1","296","64","36","36","5","26","3","3","2","81","19","15855"
"Jonathan Loaisiga","Yankees","2","2","4.55","15","4","0","0","0","1","31.2","139","31","16","16","6","16","0","1","1","37","0","19753"
"Blake Parker","- - -","3","3","4.55","60","2","0","0","10","1","61.1","255","53","32","31","13","22","0","3","4","65","13","5224"
"Anthony Swarzak","- - -","3","4","4.56","59","0","0","0","4","3","53.1","234","52","30","27","12","27","3","0","2","52","17","7466"
"Joe Kelly","Dodgers","5","4","4.56","55","0","0","0","1","5","51.1","226","49","31","26","6","22","2","3","10","62","8","9761"
"Brandon Brennan","Mariners","3","6","4.56","44","0","0","0","0","2","47.1","196","34","25","24","6","24","4","0","6","47","8","13527"
"Matthew Boyd","Tigers","9","12","4.56","32","32","0","0","0","0","185.1","788","178","101","94","39","50","1","8","6","238","0","15440"
"Mychal Givens","Orioles","2","6","4.57","58","0","0","0","11","8","63.0","260","49","35","32","13","26","1","2","5","86","7","10430"
"Homer Bailey","- - -","13","9","4.57","31","31","0","0","0","0","163.1","696","162","84","83","21","53","1","4","4","149","0","8362"
"Paul Sewald","Mets","1","1","4.58","17","0","0","0","1","0","19.2","80","18","10","10","3","3","0","1","0","22","0","13892"
"Ryan Burr","White Sox","1","1","4.58","16","1","0","0","0","0","19.2","86","17","13","10","3","8","0","0","0","20","0","17536"
"Felix Pena","Angels","8","3","4.58","22","7","0","0","0","0","96.1","407","80","56","49","16","34","0","6","8","101","1","13403"
"Griffin Canning","Angels","5","6","4.58","18","17","0","0","0","0","90.1","384","80","46","46","14","30","0","8","9","96","0","19867"
"Joe Biagini","- - -","3","2","4.59","63","0","0","0","1","2","64.2","281","71","35","33","14","26","3","1","3","60","10","13194"
"Lucas Sims","Reds","2","1","4.60","24","4","0","0","0","0","43.0","177","31","22","22","8","19","0","2","1","57","3","13470"
"Sam Gaviglio","Blue Jays","4","2","4.61","52","0","0","0","0","0","95.2","392","85","51","49","18","22","0","4","0","88","3","12778"
"Spencer Turnbull","Tigers","3","17","4.61","30","30","0","0","0","0","148.1","656","154","86","76","14","59","1","16","9","146","0","16207"
"Mike Morin","- - -","1","3","4.62","52","0","0","0","1","1","50.2","210","46","29","26","6","10","0","4","2","26","8","13442"
"Jefry Rodriguez","Indians","1","5","4.63","10","8","0","0","0","0","46.2","203","48","26","24","5","21","1","0","4","33","0","17018"
"Jake Arrieta","Phillies","8","8","4.64","24","24","0","0","0","0","135.2","594","149","76","70","21","51","3","7","7","110","0","4153"
"Jake Diekman","- - -","1","7","4.65","76","0","0","0","0","2","62.0","282","49","34","32","3","39","1","11","6","84","31","5003"
"Javy Guerra","- - -","3","1","4.66","51","0","0","0","2","0","67.2","287","67","36","35","10","17","3","1","3","57","5","7407"
"Josh Osich","White Sox","4","0","4.66","57","0","0","0","0","1","67.2","272","62","38","35","15","15","1","0","3","61","2","11528"
"Miguel Castro","Orioles","1","3","4.66","65","0","0","0","2","3","73.1","319","63","42","38","10","41","3","0","11","71","9","15684"
"Robert Gsellman","Mets","2","3","4.66","52","0","0","0","1","4","63.2","277","64","36","33","7","23","2","6","4","60","7","13696"
"Andrew Cashner","- - -","11","8","4.68","42","23","0","0","1","0","150.0","636","144","84","78","19","58","0","4","8","108","4","8782"
"Jose Quintana","Cubs","13","9","4.68","32","31","0","0","0","0","171.0","745","191","100","89","20","46","0","2","11","152","0","11423"
"Joshua James","Astros","5","1","4.70","49","1","0","0","1","2","61.1","266","46","34","32","10","35","0","4","6","100","6","16794"
"Collin McHugh","Astros","4","5","4.70","35","8","0","0","0","0","74.2","317","62","41","39","12","30","0","3","0","82","4","7531"
"Colin Poche","Rays","5","5","4.70","51","0","0","0","2","4","51.2","207","33","27","27","9","19","1","5","2","72","16","19403"
"Matt Strahm","Padres","6","11","4.71","46","16","0","0","0","1","114.2","487","121","61","60","22","22","4","7","3","118","6","13799"
"Matt Andriese","Diamondbacks","5","5","4.71","54","0","0","0","1","3","70.2","310","72","37","37","8","27","4","3","9","79","4","12022"
"Tony Sipp","Nationals","1","2","4.71","36","0","0","0","0","1","21.0","92","19","12","11","1","9","0","1","1","18","9","8280"
"Ivan Nova","White Sox","11","12","4.72","34","34","2","0","0","0","187.0","806","225","107","98","30","47","1","9","7","114","0","1994"
"Jace Fry","White Sox","3","4","4.75","68","0","0","0","0","2","55.0","251","44","33","29","7","43","3","3","4","68","11","16159"
"Jesus Tinoco","Rockies","0","3","4.75","24","0","0","0","1","0","36.0","161","36","23","19","12","22","1","1","1","28","2","16300"
"Juan Nicasio","Phillies","2","3","4.75","47","0","0","0","1","1","47.1","217","57","27","25","4","21","5","2","0","45","10","7731"
"Yoshihisa Hirano","Diamondbacks","5","5","4.75","62","0","0","0","1","5","53.0","233","51","31","28","7","22","2","3","2","61","15","19756"
"Tommy Milone","Mariners","4","10","4.76","23","6","0","0","0","0","111.2","453","102","61","59","24","23","2","2","1","94","0","7608"
"German Marquez","Rockies","12","5","4.76","28","28","1","1","0","0","174.0","721","174","96","92","29","35","0","5","14","175","0","15038"
"Michael Wacha","Cardinals","6","7","4.76","29","24","0","0","0","0","126.2","562","143","71","67","26","55","4","3","2","104","0","14078"
"T.J. Zeuch","Blue Jays","1","2","4.76","5","3","0","0","0","0","22.2","99","22","13","12","2","11","0","0","2","20","0","19269"
"Brett Martin","Rangers","2","3","4.76","51","2","0","0","0","1","62.1","280","72","38","33","7","18","2","2","3","62","4","17369"
"Luke Bard","Angels","3","3","4.78","32","3","0","0","0","1","49.0","199","41","27","26","8","13","1","5","5","40","1","14288"
"Tanner Scott","Orioles","1","1","4.78","28","0","0","0","0","1","26.1","122","28","17","14","4","19","2","2","2","37","2","17586"
"Dylan Bundy","Orioles","7","14","4.79","30","30","0","0","0","0","161.2","700","161","95","86","29","58","0","6","7","162","0","12917"
"Jose Alvarado","Rays","1","6","4.80","35","1","0","0","7","2","30.0","146","29","18","16","2","27","3","0","8","39","8","17780"
"T.J. McFarland","Diamondbacks","0","0","4.82","51","0","0","0","0","0","56.0","250","71","35","30","6","20","5","1","1","35","9","3237"
"Chris Devenski","Astros","2","3","4.83","61","1","0","0","0","1","69.0","298","69","39","37","13","21","0","3","2","72","7","12763"
"Daniel Mengden","Athletics","5","2","4.83","13","9","0","0","1","0","59.2","260","59","32","32","7","27","0","0","1","42","0","16980"
"Caleb Ferguson","Dodgers","1","2","4.84","46","2","0","0","0","0","44.2","204","39","26","24","7","27","2","6","1","54","4","19349"
"Kyle Gibson","Twins","13","7","4.84","34","29","0","0","0","1","160.0","706","175","99","86","23","56","0","7","8","160","2","10123"
"Trent Thornton","Blue Jays","6","9","4.84","32","29","0","0","0","0","154.1","677","156","87","83","24","61","0","5","5","149","0","17948"
"Jesse Chavez","Rangers","3","5","4.85","48","9","0","0","1","1","78.0","337","82","48","42","12","22","0","5","1","72","8","5448"
"Drew Pomeranz","- - -","2","10","4.85","46","18","0","0","2","0","104.0","455","105","58","56","21","44","0","4","1","137","12","11426"
"Ryan Brasier","Red Sox","2","4","4.85","62","0","0","0","7","4","55.2","241","51","33","30","9","21","1","3","3","61","9","5615"
"Victor Alcantara","Tigers","3","2","4.85","46","0","0","0","0","3","42.2","182","45","25","23","8","15","0","2","3","24","10","15028"
"Dan Otero","Indians","0","0","4.85","25","0","0","0","0","0","29.2","131","42","17","16","6","3","0","1","1","16","1","7385"
"Adam Plutko","Indians","7","5","4.86","21","20","0","0","0","0","109.1","462","115","61","59","22","26","2","4","0","78","0","15846"
"Tim Melville","Rockies","2","3","4.86","7","7","0","0","0","0","33.1","143","34","18","18","9","14","0","1","1","24","0","9149"
"Chasen Bradford","Mariners","0","0","4.86","12","0","0","0","1","0","16.2","69","17","9","9","6","4","0","0","1","11","1","12452"
"Tyler Alexander","Tigers","1","4","4.86","13","8","0","0","0","0","53.2","235","68","30","29","9","7","0","2","1","47","0","17735"
"Genesis Cabrera","Cardinals","0","2","4.87","13","2","0","0","1","0","20.1","99","23","16","11","2","11","0","2","1","19","1","17490"
"Derek Law","Blue Jays","1","2","4.90","58","4","0","0","5","1","60.2","285","61","36","33","8","40","3","3","7","67","8","13133"
"J.A. Happ","Yankees","12","8","4.91","31","30","0","0","0","0","161.1","678","160","88","88","34","49","1","5","3","140","0","7410"
"Andrew Heaney","Angels","4","6","4.91","18","18","0","0","0","0","95.1","409","93","53","52","20","30","1","7","4","118","0","15423"
"Dario Agrazal","Pirates","4","5","4.91","15","14","0","0","0","0","73.1","321","82","43","40","15","18","0","10","0","41","0","15821"
"Vince Velasquez","Phillies","7","8","4.91","33","23","0","0","0","0","117.1","516","120","69","64","26","43","2","9","5","130","2","11189"
"Blake Treinen","Athletics","6","5","4.91","57","0","0","0","16","5","58.2","266","58","33","32","9","37","1","1","1","59","3","12572"
"Allen Webster","Cubs","0","0","4.91","12","0","0","0","1","0","11.0","52","14","7","6","2","5","2","1","3","9","0","3993"
"Tim Mayza","Blue Jays","1","3","4.91","68","0","0","0","0","1","51.1","227","45","29","28","8","27","2","1","4","55","18","15042"
"Asher Wojciechowski","Orioles","4","8","4.92","17","16","0","0","0","0","82.1","361","80","46","45","17","28","0","9","3","80","0","10836"
"Shawn Kelley","Rangers","5","2","4.94","50","0","0","0","11","4","47.1","205","55","27","26","12","11","2","2","2","43","6","7773"
"Mike Montgomery","- - -","3","9","4.95","33","13","0","0","0","1","91.0","402","113","55","50","18","34","1","4","3","69","3","4869"
"CC Sabathia","Yankees","5","8","4.95","23","22","0","0","0","0","107.1","468","112","64","59","27","39","0","3","0","107","0","404"
"Kyle Crick","Pirates","3","7","4.96","52","0","0","0","0","6","49.0","226","41","30","27","10","35","1","7","1","61","13","13182"
"Kolby Allard","Rangers","4","2","4.96","9","9","0","0","0","0","45.1","208","52","26","25","3","19","0","2","1","33","0","18694"
"Pedro Strop","Cubs","2","5","4.97","50","0","0","0","10","6","41.2","178","33","24","23","6","20","1","5","4","49","6","4070"
"Ryan Tepera","Blue Jays","0","2","4.98","23","1","0","0","0","0","21.2","91","20","12","12","5","8","2","0","2","14","2","10291"
"Dan Winkler","Braves","3","1","4.98","27","0","0","0","0","1","21.2","93","18","14","12","5","11","0","1","1","22","6","12237"
"Pat Neshek","Phillies","0","1","5.00","20","0","0","0","3","0","18.0","79","23","11","10","5","2","0","0","0","9","6","4682"
"Joe Harvey","- - -","1","0","5.00","18","0","0","0","0","0","18.0","84","18","11","10","3","13","0","2","0","17","0","16459"
"Zac Rosscup","- - -","2","0","5.00","28","0","0","0","0","1","18.0","94","22","15","10","2","19","1","0","3","26","5","9419"
"Zach Duke","Reds","3","1","5.01","30","0","0","0","0","0","23.1","106","21","13","13","4","18","1","2","0","18","4","3840"
"Jeremy Jeffress","Brewers","3","4","5.02","48","0","0","0","1","3","52.0","225","54","32","29","5","17","0","5","1","46","12","9490"
"Elieser Hernandez","Marlins","3","5","5.03","21","15","0","0","0","0","82.1","353","76","49","46","20","26","1","9","2","85","0","16933"
"Patrick Sandoval","Angels","0","4","5.03","10","9","0","0","0","0","39.1","169","35","22","22","6","19","0","1","4","42","0","19447"
"D.J. Johnson","Rockies","0","2","5.04","28","0","0","0","0","0","25.0","116","23","14","14","1","19","2","3","4","24","4","12578"
"Johnny Cueto","Giants","1","2","5.06","4","4","0","0","0","0","16.0","67","11","9","9","3","9","0","0","1","13","0","6893"
"Ray Black","- - -","0","1","5.06","17","0","0","0","0","2","16.0","70","14","9","9","5","9","0","1","0","18","2","14244"
"Luis Avilan","Mets","4","0","5.06","45","0","0","0","0","0","32.0","141","33","18","18","5","14","0","3","2","30","3","2882"
"Tyler Beede","Giants","5","10","5.08","24","22","0","0","0","0","117.0","523","127","70","66","22","46","1","5","9","113","0","16981"
"Ryan Weber","Red Sox","2","4","5.09","18","3","0","0","0","0","40.2","181","48","25","23","5","8","0","3","2","29","0","10160"
"Pablo Lopez","Marlins","5","8","5.09","21","21","0","0","0","0","111.1","469","111","64","63","15","27","3","11","6","95","0","17085"
"Martin Perez","Twins","10","7","5.12","32","29","0","0","0","0","165.1","737","184","104","94","23","67","1","3","3","135","0","6902"
"Matt Albers","Brewers","8","6","5.13","67","0","0","0","4","2","59.2","258","53","34","34","8","29","3","3","2","57","10","4300"
"Tyler Mahle","Reds","3","12","5.14","25","25","0","0","0","0","129.2","556","136","82","74","25","34","0","6","2","129","0","16358"
"Brendan McKay","Rays","2","4","5.14","13","11","0","0","0","0","49.0","216","53","32","28","8","16","0","0","0","56","0","20186"
"Cal Quantrill","Padres","6","8","5.16","23","18","0","0","0","0","103.0","443","106","61","59","15","28","2","3","3","89","1","19312"
"Steven Brault","Pirates","4","6","5.16","25","19","0","0","0","0","113.1","505","117","69","65","15","53","2","7","7","100","0","15291"
"Chris Archer","Pirates","3","9","5.19","23","23","0","0","0","0","119.2","526","114","73","69","25","55","2","4","6","143","0","6345"
"Carlos Rodon","White Sox","3","2","5.19","7","7","0","0","0","0","34.2","158","33","22","20","4","17","0","1","5","46","0","16137"
"Jose Urena","Marlins","4","10","5.21","24","13","0","0","3","2","84.2","369","99","53","49","13","26","3","2","2","62","0","11589"
"Brian Flynn","Royals","2","2","5.22","11","1","0","0","0","0","29.1","139","38","18","17","2","17","2","3","2","22","0","12027"
"Logan Webb","Giants","2","3","5.22","8","8","0","0","0","0","39.2","174","44","25","23","5","14","0","1","4","37","0","17995"
"Jakob Junis","Royals","9","14","5.24","31","31","0","0","0","0","175.1","771","192","108","102","31","58","1","11","4","164","0","13619"
"Lou Trivino","Athletics","4","6","5.25","61","0","0","0","0","5","60.0","269","61","40","35","7","31","2","3","7","57","17","15043"
"Chi Chi Gonzalez","Rockies","2","6","5.29","14","12","0","0","0","0","63.0","278","59","39","37","11","33","0","1","1","46","0","14663"
"Carlos Carrasco","Indians","6","7","5.29","23","12","1","1","1","1","80.0","341","92","48","47","18","16","1","2","2","96","0","6632"
"Conner Menez","Giants","0","1","5.29","8","3","0","0","0","0","17.0","73","13","10","10","4","12","0","0","2","22","0","19199"
"Freddy Peralta","Brewers","7","3","5.29","39","8","0","0","1","1","85.0","382","87","58","50","15","37","1","2","3","115","5","18679"
"Taylor Clarke","Diamondbacks","5","5","5.31","23","15","0","0","1","0","84.2","369","86","55","50","23","30","0","6","3","68","0","17611"
"Adam Warren","Padres","4","1","5.34","25","0","0","0","0","0","28.2","124","28","18","17","9","12","0","1","3","25","3","9029"
"Paul Fry","Orioles","1","9","5.34","66","0","0","0","3","5","57.1","255","54","39","34","7","29","1","6","2","55","11","15832"
"Elvis Luciano","Blue Jays","1","0","5.35","25","0","0","0","0","0","33.2","159","36","20","20","4","24","1","3","4","27","0","20632"
"Robbie Erlin","Padres","0","1","5.37","37","1","0","0","0","1","55.1","251","72","36","33","6","15","0","1","3","52","5","10354"
"Richard Bleier","Orioles","3","0","5.37","53","1","0","0","4","1","55.1","235","65","34","33","6","8","2","4","1","30","5","7803"
"Dillon Peters","Angels","4","4","5.38","17","12","0","0","0","0","72.0","327","85","50","43","18","26","1","5","1","55","0","18790"
"Bryan Shaw","Rockies","3","2","5.38","70","0","0","0","1","5","72.0","311","69","44","43","12","29","1","5","1","58","12","8110"
"Trevor Williams","Pirates","7","9","5.38","26","26","0","0","0","0","145.2","636","162","93","87","27","44","3","7","2","113","0","16977"
"Reynaldo Lopez","White Sox","10","15","5.38","33","33","1","0","0","0","184.0","809","203","119","110","35","65","0","8","5","169","0","16400"
"Nick Pivetta","Phillies","4","6","5.38","30","13","1","0","1","0","93.2","421","103","64","56","20","39","2","4","4","89","1","15454"
"Brad Boxberger","Royals","1","3","5.40","29","0","0","0","1","3","26.2","122","25","16","16","3","17","0","1","1","27","0","10133"
"Neil Ramirez","- - -","0","1","5.40","22","1","0","0","0","0","25.0","112","26","16","15","7","15","0","0","1","24","2","7677"
"Junior Fernandez","Cardinals","0","1","5.40","13","0","0","0","0","3","11.2","54","9","7","7","2","6","0","4","2","16","0","18496"
"Dillon Maples","Cubs","1","0","5.40","14","0","0","0","0","0","11.2","54","6","7","7","2","10","0","4","0","18","0","14672"
"Duane Underwood Jr.","Cubs","0","0","5.40","12","0","0","0","0","0","11.2","51","13","7","7","2","3","0","1","1","13","0","14677"
"Edubray Ramos","Phillies","1","0","5.40","20","0","0","0","0","2","15.0","69","19","10","9","5","7","1","1","3","11","2","16086"
"Hector Velazquez","Red Sox","1","4","5.43","34","8","0","0","0","1","56.1","246","58","40","34","7","28","0","3","2","49","1","19341"
"Shaun Anderson","Giants","3","5","5.44","28","16","0","0","2","0","96.0","427","111","61","58","13","38","3","2","6","70","1","19453"
"Wes Parsons","- - -","1","2","5.45","32","0","0","0","0","0","34.2","157","32","24","21","6","29","2","2","2","26","2","14764"
"Yusei Kikuchi","Mariners","6","11","5.46","32","32","1","1","0","0","161.2","721","195","109","98","36","50","0","6","5","116","0","20633"
"Brad Brach","- - -","5","4","5.47","58","0","0","0","0","3","54.1","242","57","33","33","4","31","2","1","3","60","6","6627"
"David McKay","- - -","0","0","5.47","25","0","0","0","0","1","26.1","115","20","17","16","3","17","1","1","2","34","1","19814"
"Cy Sneed","Astros","0","1","5.48","8","0","0","0","0","0","21.1","93","26","13","13","5","5","0","0","0","23","0","16106"
"Joe Ross","Nationals","4","4","5.48","27","9","0","0","0","2","64.0","295","74","41","39","7","33","1","4","2","57","2","12972"
"Burch Smith","- - -","0","1","5.48","17","0","0","0","0","1","21.1","106","26","14","13","3","14","2","1","1","20","0","12784"
"Travis Bergen","Giants","2","0","5.49","21","0","0","0","0","0","19.2","85","18","12","12","4","9","2","1","1","18","0","18581"
"Justus Sheffield","Mariners","0","1","5.50","8","7","0","0","0","0","36.0","168","44","22","22","5","18","0","3","3","37","0","17285"
"Chris Mazza","Mets","1","1","5.51","9","0","0","0","0","0","16.1","74","21","10","10","0","5","0","4","0","11","0","14151"
"Dan Altavilla","Mariners","2","1","5.52","17","0","0","0","0","2","14.2","64","9","9","9","1","12","1","0","2","18","1","16507"
"Rick Porcello","Red Sox","14","12","5.52","32","32","0","0","0","0","174.1","768","198","114","107","31","45","2","6","5","143","0","2717"
"Dominic Leone","Cardinals","1","0","5.53","40","0","0","0","1","1","40.2","180","39","28","25","9","22","2","0","1","46","0","13763"
"Hunter Strickland","- - -","2","1","5.55","28","0","0","0","2","1","24.1","105","22","15","15","6","8","0","3","1","18","10","7836"
"Justin Anderson","Angels","3","0","5.55","54","0","0","0","1","1","47.0","217","42","32","29","6","32","0","1","4","60","11","16201"
"Yency Almonte","Rockies","0","1","5.56","28","0","0","0","0","1","34.0","157","39","22","21","7","14","0","1","1","29","1","15068"
"Chris Stratton","- - -","1","3","5.57","35","5","0","0","0","0","76.0","344","93","50","47","13","33","1","0","2","69","0","13761"
"Clay Holmes","Pirates","1","2","5.58","35","0","0","0","0","1","50.0","240","45","36","31","5","36","1","9","4","56","1","13649"
"Edwin Diaz","Mets","2","7","5.59","66","0","0","0","26","7","58.0","254","58","36","36","15","22","3","4","3","99","1","14710"
"Corbin Martin","Astros","1","1","5.59","5","5","0","0","0","0","19.1","92","23","14","12","8","12","0","0","1","19","0","19884"
"Matt Wisler","- - -","3","4","5.61","44","8","0","0","0","3","51.1","224","56","34","32","10","16","0","0","3","63","8","12804"
"Gabriel Ynoa","Orioles","1","10","5.61","36","13","0","0","0","0","110.2","480","126","77","69","29","26","1","3","4","67","0","12938"
"Kyle Barraclough","- - -","1","2","5.61","43","0","0","0","0","3","33.2","164","38","24","21","9","21","2","2","3","40","8","13713"
"Touki Toussaint","Braves","4","0","5.62","24","1","0","0","0","0","41.2","198","44","28","26","5","26","2","7","6","45","2","16929"
"Jose Ruiz","White Sox","1","4","5.63","40","1","0","0","0","1","40.0","198","56","27","25","6","24","2","2","4","35","1","14552"
"Dereck Rodriguez","Giants","6","11","5.64","28","16","0","0","0","0","99.0","439","108","74","62","21","36","0","2","1","71","0","14509"
"Matthew Festa","Mariners","0","2","5.64","20","0","0","0","0","2","22.1","101","20","15","14","5","12","1","2","1","21","3","19330"
"Aaron Brooks","- - -","6","8","5.65","29","18","0","0","0","0","110.0","482","118","72","69","21","34","0","10","4","82","0","12272"
"Trey Wingenter","Padres","1","3","5.65","51","1","0","0","1","3","51.0","218","34","32","32","5","28","0","5","4","72","16","17793"
"Ian Gibaut","- - -","1","1","5.65","10","0","0","0","0","0","14.1","64","12","9","9","1","10","1","1","1","16","0","17871"
"Fernando Rodney","- - -","0","5","5.66","55","0","0","0","2","4","47.2","210","49","31","30","5","28","1","0","6","49","17","494"
"Nestor Cortes","Yankees","5","1","5.67","33","1","0","0","0","1","66.2","298","75","44","42","16","28","1","1","1","69","1","17874"
"Wandy Peralta","- - -","1","1","5.67","47","0","0","0","0","1","39.2","172","40","25","25","11","16","3","2","0","32","3","14295"
"Jeurys Familia","Mets","4","2","5.70","66","0","0","0","0","4","60.0","274","62","39","38","7","42","4","3","3","63","14","5114"
"Jerad Eickhoff","Phillies","3","4","5.71","12","10","0","0","1","0","58.1","245","58","37","37","18","18","0","2","0","51","0","12664"
"Wade LeBlanc","Mariners","6","7","5.71","26","8","0","0","0","0","121.1","532","145","80","77","28","31","1","1","0","92","0","5221"
"Brad Wieck","- - -","2","2","5.71","44","0","0","0","0","2","34.2","148","28","23","22","8","13","0","3","1","49","9","16390"
"Kevin Gausman","- - -","3","9","5.72","31","17","0","0","0","0","102.1","451","113","71","65","15","32","3","5","2","114","2","14107"
"Pedro Payano","Rangers","1","2","5.73","6","4","0","0","0","0","22.0","103","26","17","14","3","15","0","1","1","17","0","18313"
"Erik Swanson","Mariners","1","5","5.74","27","8","0","0","2","0","58.0","245","56","41","37","17","12","1","2","2","52","1","16587"
"Shawn Armstrong","- - -","1","1","5.74","55","0","0","0","4","5","58.0","271","66","38","37","8","29","1","4","4","63","9","12857"
"Josh Lucas","Orioles","0","0","5.74","9","0","0","0","1","0","15.2","69","14","12","10","2","7","0","0","0","16","0","11686"
"Jose Quijada","Marlins","2","3","5.76","34","0","0","0","1","1","29.2","144","27","20","19","10","26","3","4","2","44","4","19200"
"Robert Dugger","Marlins","0","4","5.77","7","7","0","0","0","0","34.1","156","33","26","22","6","17","1","5","2","25","0","19191"
"Edgar Garcia","Phillies","2","0","5.77","37","0","0","0","0","0","39.0","172","38","25","25","11","26","2","0","4","45","2","19276"
"Gregory Soto","Tigers","0","5","5.77","33","7","0","0","0","1","57.2","276","74","39","37","9","33","1","0","5","45","2","19677"
"Anthony Kay","Blue Jays","1","0","5.79","3","2","0","0","0","0","14.0","63","15","9","9","0","5","0","1","1","13","0","20387"
"Andrew Suarez","Giants","0","2","5.79","21","2","0","0","0","1","32.2","148","39","23","21","7","14","2","1","2","25","1","18300"
"Dylan Cease","White Sox","4","7","5.79","14","14","0","0","0","0","73.0","326","78","51","47","15","35","1","2","4","81","0","18525"
"Wily Peralta","Royals","2","4","5.80","42","0","0","0","2","3","40.1","176","45","28","26","7","19","1","2","0","24","5","7738"
"Corey Kluber","Indians","2","3","5.80","7","7","0","0","0","0","35.2","168","44","26","23","4","15","0","3","1","38","0","2429"
"Alex Wood","Reds","1","3","5.80","7","7","0","0","0","0","35.2","153","41","25","23","11","9","0","1","0","30","0","13781"
"Josh A. Smith","Red Sox","0","3","5.81","18","2","0","0","1","1","31.0","139","36","22","20","10","8","1","3","0","29","0","10946"
"Taylor Guerrieri","Rangers","0","0","5.81","20","0","0","0","0","0","26.1","123","26","19","17","3","22","0","2","2","27","3","13616"
"Ariel Jurado","Rangers","7","11","5.81","32","18","1","0","0","0","122.1","541","148","94","79","21","36","1","4","3","81","1","17030"
"Cole Irvin","Phillies","2","1","5.83","16","3","0","0","1","0","41.2","181","45","28","27","7","13","1","3","1","31","0","19244"
"Framber Valdez","Astros","4","7","5.86","26","8","0","0","0","0","70.2","329","74","51","46","9","44","0","4","4","68","0","17295"
"Adrian Sampson","Rangers","6","8","5.89","35","15","1","0","0","0","125.1","563","156","86","82","29","36","1","9","4","101","0","13339"
"Jimmie Sherfy","Diamondbacks","1","0","5.89","17","0","0","0","1","1","18.1","83","23","12","12","4","5","0","1","0","22","0","15118"
"Aaron Sanchez","- - -","5","14","5.89","27","27","0","0","0","0","131.1","605","145","92","86","20","68","2","11","7","115","0","11490"
"Drew VerHagen","Tigers","4","3","5.90","22","4","0","0","0","0","58.0","258","70","40","38","9","23","1","4","3","51","1","13424"
"Eduardo Jimenez","Tigers","0","0","5.91","8","0","0","0","0","0","10.2","49","12","7","7","1","5","0","0","1","8","0","19642"
"Taylor Cole","Angels","3","4","5.92","38","6","0","0","0","0","51.2","231","58","35","34","2","24","4","2","3","50","4","11964"
"Branden Kline","Orioles","1","4","5.93","34","0","0","0","0","1","41.0","183","44","28","27","9","19","0","1","3","34","5","14101"
"Ronald Bolanos","Padres","0","2","5.95","5","3","0","0","0","0","19.2","88","17","13","13","3","12","0","1","1","19","0","20041"
"Clayton Richard","Blue Jays","1","5","5.96","10","10","0","0","0","0","45.1","201","53","33","30","9","18","0","4","3","22","0","3551"
"Zack Godley","- - -","4","5","5.97","33","9","0","0","2","0","92.0","407","96","62","61","14","42","2","5","3","70","0","14862"
"Trevor Cahill","Angels","4","9","5.98","37","11","0","0","0","0","102.1","455","111","71","68","25","39","0","6","14","81","0","6249"
"Nathan Eovaldi","Red Sox","2","1","5.99","23","12","0","0","0","1","67.2","302","72","46","45","16","35","0","3","6","70","4","9132"
"Reggie McClain","Mariners","1","1","6.00","14","2","0","0","0","1","21.0","95","22","14","14","2","13","0","0","1","11","0","19311"
"Jhoulys Chacin","- - -","3","12","6.01","25","24","0","0","0","0","103.1","470","115","73","69","25","46","1","5","3","101","0","2608"
"Glenn Sparkman","Royals","4","11","6.02","31","23","1","1","0","0","136.0","606","164","96","91","30","41","1","6","6","81","0","15200"
"Brian Johnson","Red Sox","1","3","6.02","21","7","0","0","0","0","40.1","193","53","29","27","6","23","3","0","5","31","0","14272"
"Tanner Anderson","Athletics","0","3","6.04","5","5","0","0","0","0","22.1","105","30","16","15","4","7","1","0","3","18","0","18029"
"Chad Bettis","Rockies","1","6","6.08","39","3","0","0","1","2","63.2","287","78","47","43","10","21","3","5","2","42","4","10587"
"Derek Holland","- - -","2","5","6.08","51","8","1","0","0","1","84.1","376","82","61","57","20","45","2","4","1","82","2","4141"
"Tyson Ross","Tigers","1","5","6.11","7","7","0","0","0","0","35.1","162","41","28","24","7","18","0","1","1","25","0","7872"
"Phil Maton","- - -","0","0","6.14","30","0","0","0","0","0","36.2","163","38","27","25","7","12","0","2","3","33","2","18064"
"Kelvin Herrera","White Sox","3","3","6.14","57","0","0","0","1","2","51.1","235","60","36","35","8","23","6","1","8","53","6","6033"
"Thomas Pannone","Blue Jays","3","6","6.16","37","7","0","0","0","0","73.0","325","73","51","50","13","31","1","6","6","69","1","17281"
"Logan Allen","- - -","2","3","6.18","9","4","0","0","0","0","27.2","127","36","20","19","4","13","0","2","0","17","0","18555"
"Lewis Thorpe","Twins","3","2","6.18","12","2","0","0","0","2","27.2","124","38","19","19","3","10","0","0","3","31","0","15906"
"Chad Sobotka","Braves","0","0","6.21","32","0","0","0","0","0","29.0","134","28","22","20","6","19","0","3","3","38","6","17470"
"Jeremy Hellickson","Nationals","2","3","6.23","9","8","0","0","0","0","39.0","183","47","31","27","9","20","1","1","1","30","0","4371"
"John Schreiber","Tigers","2","0","6.23","13","0","0","0","0","1","13.0","59","16","9","9","3","4","0","1","1","19","1","20020"
"Drew Smyly","- - -","4","7","6.24","25","21","0","0","1","0","114.0","514","126","83","79","32","55","0","2","7","120","0","11760"
"Carson Fulmer","White Sox","1","2","6.26","20","2","0","0","0","0","27.1","133","26","22","19","5","20","0","3","1","25","1","18311"
"Tayron Guerrero","Marlins","1","2","6.26","52","0","0","0","0","4","46.0","216","42","34","32","7","36","0","6","9","43","6","11691"
"Cody Allen","Angels","0","2","6.26","25","0","0","0","4","0","23.0","116","24","16","16","9","20","0","0","3","29","0","12183"
"Drew Steckenrider","Marlins","0","2","6.28","15","0","0","0","0","1","14.1","58","9","10","10","6","5","0","1","0","14","3","18806"
"Jonathan Holder","Yankees","5","2","6.31","34","1","0","0","0","2","41.1","181","43","32","29","8","11","1","2","0","46","4","16588"
"JT Chargois","Dodgers","1","0","6.33","21","0","0","0","0","0","21.1","88","21","16","15","4","5","2","2","0","28","0","13767"
"Jorge Lopez","Royals","4","9","6.33","39","18","0","0","1","1","123.2","548","140","94","87","27","42","0","10","6","109","0","14527"
"Matt Grace","Nationals","1","2","6.36","51","1","0","0","0","0","46.2","206","61","34","33","11","10","0","2","1","35","4","11449"
"Kohl Stewart","Twins","2","2","6.39","9","2","0","0","0","0","25.1","109","29","18","18","5","8","0","1","6","10","1","15502"
"Tyler Lyons","- - -","1","2","6.39","14","0","0","0","0","0","12.2","54","13","9","9","4","5","2","1","0","17","1","11334"
"Josh D. Smith","- - -","0","0","6.39","14","0","0","0","0","0","12.2","64","11","9","9","0","11","2","3","0","14","0","13629"
"Jeffrey Springs","Rangers","4","1","6.40","25","0","0","0","0","0","32.1","155","38","23","23","4","23","0","0","0","32","1","17677"
"Felix Hernandez","Mariners","1","8","6.40","15","15","0","0","0","0","71.2","325","85","58","51","17","25","0","6","5","57","0","4772"
"Jaime Barria","Angels","4","10","6.42","19","13","0","0","0","0","82.2","365","92","61","59","24","27","0","2","1","75","0","18356"
"Dillon Tate","Orioles","0","2","6.43","16","0","0","0","0","0","21.0","93","18","15","15","3","9","0","5","2","20","1","17796"
"Evan Phillips","Orioles","0","1","6.43","25","0","0","0","0","0","28.0","140","32","20","20","2","20","0","5","2","40","3","17734"
"Tom Eshelman","Orioles","1","2","6.50","10","4","0","0","0","0","36.0","164","47","31","26","12","11","1","1","0","22","0","18361"
"Adam Conley","Marlins","2","11","6.53","60","0","0","0","2","2","60.2","283","76","45","44","10","29","6","3","2","53","6","14457"
"Austin Davis","Phillies","0","0","6.53","14","0","0","0","0","0","20.2","98","22","15","15","6","14","1","3","0","24","0","17117"
"Craig Kimbrel","Cubs","0","4","6.53","23","0","0","0","13","3","20.2","96","21","15","15","9","12","0","2","0","30","0","6655"
"David Bednar","Padres","0","2","6.55","13","0","0","0","0","0","11.0","48","10","8","8","3","5","0","0","0","14","2","19569"
"Jeff Hoffman","Rockies","2","6","6.56","15","15","0","0","0","0","70.0","315","77","51","51","21","34","3","4","2","68","0","17432"
"Clay Buchholz","Blue Jays","2","5","6.56","12","12","0","0","0","0","59.0","254","72","44","43","13","16","1","1","1","39","0","3543"
"Wei-Yin Chen","Marlins","0","1","6.59","45","0","0","0","0","0","68.1","307","87","54","50","15","18","2","5","2","63","3","13071"
"Chris Flexen","Mets","0","3","6.59","9","1","0","0","0","0","13.2","70","15","12","10","1","13","2","0","1","10","0","13896"
"Ross Detwiler","White Sox","3","5","6.59","18","12","0","0","0","0","69.2","315","86","54","51","20","27","3","3","1","46","0","2859"
"Adalberto Mejia","- - -","0","2","6.61","35","0","0","0","0","1","31.1","145","33","25","23","4","21","0","0","3","30","4","13188"
"Chandler Shepherd","Orioles","0","0","6.63","5","3","0","0","0","0","19.0","84","23","15","14","5","6","0","2","2","17","0","16166"
"Mike Mayers","Cardinals","0","1","6.63","16","0","0","0","0","0","19.0","88","21","14","14","3","11","2","1","1","16","1","15451"
"Sam Howard","Rockies","2","0","6.63","20","0","0","0","0","0","19.0","91","21","16","14","5","10","0","3","2","23","0","16265"
"Hector Santiago","- - -","1","1","6.68","19","2","0","0","0","0","33.2","163","42","26","25","8","22","0","0","0","40","0","4026"
"Antonio Senzatela","Rockies","11","11","6.71","25","25","0","0","0","0","124.2","582","161","99","93","19","57","5","4","1","76","0","15488"
"Kyle Freeland","Rockies","3","11","6.73","22","22","0","0","0","0","104.1","473","126","85","78","25","39","3","2","4","79","0","16256"
"Rookie Davis","Pirates","0","1","6.75","5","1","0","0","0","0","10.2","51","12","8","8","3","8","0","0","1","10","0","14962"
"Jake Faria","- - -","0","1","6.75","16","0","0","0","0","0","18.2","95","28","15","14","5","12","0","1","3","19","2","13699"
"Edinson Volquez","Rangers","0","1","6.75","11","4","0","0","0","0","16.0","75","20","12","12","3","12","0","0","3","10","1","3990"
"Nick Margevicius","Padres","2","6","6.79","17","12","0","0","0","0","57.0","263","73","46","43","12","19","1","3","1","42","0","20395"
"Jimmy Yacabonis","Orioles","1","2","6.80","29","4","0","0","0","0","41.0","193","51","32","31","9","24","0","2","4","33","3","15157"
"Jake Jewell","Angels","0","0","6.84","18","0","0","0","0","0","26.1","114","28","20","20","8","8","0","3","0","23","1","16958"
"Marco Estrada","Athletics","0","2","6.85","5","5","0","0","0","0","23.2","106","23","19","18","7","8","0","3","2","11","0","1118"
"Peter Fairbanks","- - -","2","3","6.86","21","0","0","0","2","0","21.0","99","25","20","16","5","10","0","0","2","28","3","17998"
"Jordan Zimmermann","Tigers","1","13","6.91","23","23","0","0","0","0","112.0","504","145","89","86","19","25","2","6","3","82","0","4505"
"Yacksel Rios","- - -","1","0","6.92","14","0","0","0","0","0","13.0","65","16","13","10","4","8","0","3","1","12","1","15007"
"Manny Banuelos","White Sox","3","4","6.93","16","8","0","0","0","0","50.2","235","60","39","39","12","33","3","1","2","44","0","5365"
"Stephen Tarpley","Yankees","1","0","6.93","21","1","0","0","2","0","24.2","120","34","20","19","6","15","1","2","5","34","2","15859"
"Bobby Poyner","Red Sox","0","1","6.94","13","1","0","0","0","0","11.2","49","10","9","9","2","5","0","1","0","11","0","17987"
"Jimmy Nelson","Brewers","0","2","6.95","10","3","0","0","0","0","22.0","105","25","18","17","4","17","1","2","1","26","0","10547"
"Tyler Bashlor","Mets","0","3","6.95","24","0","0","0","0","3","22.0","103","21","17","17","6","17","2","0","0","20","1","15203"
"Austin Adams","- - -","0","0","7.02","15","0","0","0","0","0","16.2","80","18","13","13","4","13","1","0","0","14","0","7411"
"A.J. Minter","Braves","3","4","7.06","36","0","0","0","5","2","29.1","147","36","23","23","3","23","5","1","5","35","5","18655"
"Fernando Romero","Twins","0","1","7.07","15","0","0","0","0","0","14.0","72","19","12","11","2","11","1","1","5","18","1","15885"
"David Hess","Orioles","1","10","7.09","23","14","0","0","0","0","80.0","365","94","73","63","28","30","0","2","1","68","0","16130"
"Matt Harvey","Angels","3","5","7.09","12","12","0","0","0","0","59.2","266","63","48","47","13","29","0","3","3","39","0","11713"
"Jose Suarez","Angels","2","6","7.11","19","15","0","0","0","0","81.0","375","100","67","64","23","33","1","10","5","72","0","19911"
"Mitch Keller","Pirates","1","5","7.13","11","11","0","0","0","0","48.0","227","72","41","38","6","16","0","1","2","65","0","17594"
"Mike Dunn","Rockies","1","0","7.13","28","0","0","0","0","1","17.2","75","17","14","14","4","6","0","0","2","15","2","9948"
"Bryse Wilson","Braves","1","1","7.20","6","4","0","0","0","0","20.0","93","26","18","16","5","10","1","0","1","16","0","19990"
"Peter Lambert","Rockies","3","7","7.25","19","19","0","0","0","0","89.1","420","119","74","72","18","36","3","6","5","57","0","17969"
"Kyle Dowdy","Rangers","2","1","7.25","13","1","0","0","0","1","22.1","110","26","20","18","4","18","1","1","3","17","0","19285"
"Nick Kingham","- - -","4","2","7.28","25","4","0","0","1","0","55.2","259","78","45","45","11","25","1","0","3","46","0","11694"
"Adbert Alzolay","Cubs","1","1","7.30","4","2","0","0","0","0","12.1","60","13","10","10","4","9","0","1","0","13","0","17859"
"Aaron Wilkerson","Brewers","0","0","7.31","8","0","0","0","0","0","16.0","80","25","13","13","4","9","1","0","0","11","0","16904"
"Enyel De Los Santos","Phillies","0","1","7.36","5","1","0","0","0","0","11.0","46","13","9","9","4","5","0","0","1","9","0","18403"
"Yefry Ramirez","- - -","0","2","7.40","13","1","0","0","0","0","24.1","119","30","24","20","4","16","0","4","2","27","0","15655"
"Brock Burke","Rangers","0","2","7.43","6","6","0","0","0","0","26.2","120","30","22","22","6","11","0","2","0","14","0","17968"
"Jacob Barnes","- - -","1","5","7.44","33","1","0","0","0","0","32.2","160","36","30","27","7","22","1","0","3","32","1","12323"
"Gerardo Reyes","Padres","4","0","7.62","27","0","0","0","0","1","26.0","117","24","22","22","3","11","1","3","3","38","1","16306"
"Jordan Romano","Blue Jays","0","2","7.63","17","0","0","0","0","0","15.1","75","17","14","13","4","9","0","4","0","21","5","16122"
"Richard Lovelady","Royals","0","3","7.65","25","0","0","0","0","1","20.0","96","30","17","17","2","8","2","1","1","17","2","19337"
"Tyler Thornburg","Red Sox","0","0","7.71","16","0","0","0","0","0","18.2","86","21","16","16","4","10","0","1","1","22","0","10688"
"Sal Romano","Reds","1","0","7.71","12","0","0","0","2","0","16.1","77","22","14","14","4","8","1","1","1","16","1","13690"
"Matt Hall","Tigers","0","1","7.71","16","0","0","0","0","1","23.1","113","28","20","20","4","15","1","1","1","27","0","18076"
"Parker Markel","- - -","0","1","7.77","20","0","0","0","0","0","22.0","110","26","21","19","6","17","1","3","2","24","0","12106"
"Kyle Bird","Rangers","0","0","7.82","12","0","0","0","1","0","12.2","65","11","11","11","5","15","0","2","2","10","0","16618"
"Dylan Covey","White Sox","1","8","7.98","18","12","0","0","0","1","58.2","280","75","54","52","12","28","2","3","3","41","0","14825"
"Mike Wright Jr.","- - -","0","1","7.98","19","0","0","0","1","1","29.1","147","44","30","26","6","12","1","2","2","30","0","12586"
"David Hernandez","Reds","2","5","8.02","47","0","0","0","2","3","42.2","198","53","39","38","7","20","3","1","1","53","12","4259"
"Heath Fillmyer","Royals","0","2","8.06","12","3","0","0","0","0","22.1","109","28","20","20","6","12","0","3","1","15","1","17466"
"Jeanmar Gomez","Rangers","1","0","8.22","16","0","0","0","0","0","15.1","73","23","15","14","2","6","0","1","2","10","0","9033"
"Reed Garrett","Tigers","0","0","8.22","13","0","0","0","0","1","15.1","77","24","15","14","3","13","0","1","0","10","0","16866"
"James Marvel","Pirates","0","3","8.31","4","4","0","0","0","0","17.1","84","25","16","16","4","6","0","2","0","9","0","19675"
"Walker Lockett","Mets","1","1","8.34","9","4","0","0","0","0","22.2","103","33","21","21","6","6","0","1","1","16","0","13804"
"Jesse Biddle","- - -","0","1","8.36","30","0","0","0","0","1","28.0","152","42","33","26","5","22","1","4","7","26","1","11437"
"Drew Gagnon","Mets","3","1","8.37","18","0","0","0","0","1","23.2","117","34","26","22","11","7","0","2","2","17","0","12545"
"Hector Noesi","Marlins","0","3","8.46","12","4","0","0","0","0","27.2","124","30","26","26","7","14","0","1","2","24","0","3292"
"Carl Edwards Jr.","- - -","1","1","8.47","22","0","0","0","0","2","17.0","78","12","17","16","3","13","0","1","4","19","4","13607"
"Chance Adams","Yankees","1","1","8.53","13","0","0","0","1","0","25.1","124","39","25","24","7","11","0","2","1","23","0","18135"
"Shelby Miller","Rangers","1","3","8.59","19","8","0","0","0","1","44.0","220","58","46","42","8","29","1","3","1","30","1","10197"
"Wade Davis","Rockies","1","6","8.65","50","0","0","0","15","3","42.2","206","51","42","41","7","29","0","2","1","42","0","7441"
"Zac Reininger","Tigers","0","3","8.68","25","1","0","0","0","0","28.0","140","44","28","27","11","16","1","0","1","17","1","15285"
"Kyle Wright","Braves","0","3","8.69","7","4","0","0","0","0","19.2","93","24","19","19","4","13","1","1","2","18","0","19665"
"Alex McRae","Pirates","0","4","8.78","11","2","0","0","0","0","26.2","132","36","30","26","9","16","1","3","2","19","0","16317"
"Josh Rogers","Orioles","0","1","8.79","5","0","0","0","0","0","14.1","69","18","14","14","7","6","0","4","0","5","0","18510"
"Corbin Burnes","Brewers","1","5","8.82","32","4","0","0","1","0","49.0","235","70","52","48","17","20","0","0","2","70","4","19361"
"Eric Skoglund","Royals","0","3","9.00","6","4","0","0","0","0","21.0","101","30","21","21","5","9","0","1","0","4","0","16155"
"Geoff Hartlieb","Pirates","0","1","9.00","29","0","0","0","0","0","35.0","171","52","35","35","8","18","0","0","5","38","2","19558"
"Matt Koch","Diamondbacks","0","0","9.15","9","0","0","0","0","0","20.2","96","29","21","21","8","4","0","5","1","9","0","13420"
"Joseph Palumbo","Rangers","0","3","9.18","7","4","0","0","0","0","16.2","81","21","17","17","7","8","0","2","0","21","0","17035"
"Ruben Alaniz","- - -","1","0","9.19","12","0","0","0","0","0","15.2","71","19","17","16","3","7","0","0","0","13","0","10819"
"Ryan Carpenter","Tigers","1","6","9.30","9","9","0","0","0","0","40.2","197","61","46","42","12","13","0","2","0","25","0","12699"
"Seunghwan Oh","Rockies","3","1","9.33","21","0","0","0","0","1","18.1","88","29","19","19","6","6","0","0","2","16","3","18719"
"Montana DuRapau","Pirates","0","1","9.35","14","2","0","0","0","0","17.1","90","27","24","18","4","9","0","2","0","22","0","16768"
"Odrisamer Despaigne","White Sox","0","2","9.45","3","3","0","0","0","0","13.1","68","24","14","14","3","7","0","1","0","7","0","16017"
"Ervin Santana","White Sox","0","2","9.45","3","3","0","0","0","0","13.1","64","19","14","14","6","6","0","0","1","5","0","3200"
"Alex Wilson","Brewers","1","1","9.53","13","0","0","0","1","0","11.1","57","15","12","12","3","9","2","0","2","13","1","9239"
"Edwin Jackson","- - -","3","10","9.58","18","13","0","0","0","0","67.2","336","105","81","72","23","32","0","3","6","52","0","1841"
"Michael Shawaryn","Red Sox","0","0","9.74","14","0","0","0","0","0","20.1","103","26","22","22","5","13","0","5","1","29","0","19495"
"Dan Straily","Orioles","2","4","9.82","14","8","0","0","0","0","47.2","236","73","53","52","22","22","0","2","3","33","0","9460"
"Taylor Williams","Brewers","1","1","9.82","10","0","0","0","0","1","14.2","73","22","17","16","1","7","2","2","1","15","0","14899"
"Brock Stewart","- - -","4","0","9.82","13","0","0","0","0","0","25.2","124","37","29","28","11","8","0","3","2","19","0","16727"
"Nick Tropeano","Angels","0","1","9.88","3","1","0","0","0","0","13.2","66","18","15","15","6","6","0","2","0","10","0","12385"
"Kyle McGowin","Nationals","0","0","10.13","7","1","0","0","1","0","16.0","76","22","19","18","7","4","0","1","4","18","0","15071"
"Robert Stock","Padres","1","0","10.13","10","0","0","0","0","1","10.2","56","14","14","12","2","8","0","1","4","15","0","6576"
"Trevor Hildenberger","Twins","2","2","10.47","22","0","0","0","1","0","16.1","88","30","19","19","2","7","0","3","1","15","6","17002"
"Paul Blackburn","Athletics","0","2","10.64","4","1","0","0","0","0","11.0","57","19","14","13","3","4","0","1","1","8","0","14739"
"Kyle Zimmer","Royals","0","1","10.80","15","0","0","0","0","0","18.1","102","28","22","22","2","19","0","0","2","18","0","14169"
"Alex Cobb","Orioles","0","2","10.95","3","3","0","0","0","0","12.1","60","21","16","15","9","2","0","0","0","8","0","6562"
"Tyler Anderson","Rockies","0","3","11.76","5","5","0","0","0","0","20.2","106","33","27","27","8","11","0","0","0","23","0","12880"
"Ty Blach","- - -","1","3","12.00","7","5","0","0","0","0","27.0","139","46","37","36","8","17","0","0","2","20","0","14361"
"Ryan Dull","- - -","0","0","12.79","11","0","0","0","0","0","12.2","71","25","19","18","5","7","0","1","1","15","1","13974"
"Trevor Rosenthal","- - -","0","1","13.50","22","0","0","0","0","0","15.1","85","11","24","23","0","26","0","4","9","17","2","10745"
"Tayler Scott","- - -","0","0","14.33","13","2","0","0","0","0","16.1","93","31","28","26","6","11","0","4","2","14","0","13652"
