"Name","Team","W","L","ERA","G","GS","CG","ShO","SV","BS","IP","TBF","H","R","ER","HR","BB","IBB","HBP","WP","SO","WHIP","playerid"
"Tommy Hunter","NYM","0","0","0.00","4","1","0","0","0","0","8.0","33","4","0","0","0","3","0","1","1","6","0.88","1157"
"Oliver Perez","CLE","0","1","0.00","5","0","0","0","0","0","3.2","18","5","1","0","0","1","1","0","0","4","1.64","1514"
"Anthony Rizzo","CHC","0","0","0.00","1","0","0","0","0","0","0.2","3","0","0","0","0","1","0","0","0","1","1.50","3473"
"Pedro Strop","CHC","1","0","0.00","2","0","0","0","0","0","2.0","10","2","0","0","0","2","0","0","0","3","2.00","4070"
"Asdrubal Cabrera","ARI","0","0","0.00","2","0","0","0","0","0","1.1","4","1","0","0","0","0","0","0","0","0","0.75","4962"
"Hernan Perez","WSN","0","0","0.00","2","0","0","0","0","0","2.0","7","1","0","0","0","0","0","0","0","2","0.50","5751"
"Eric Sogard","CHC","0","0","0.00","1","0","0","0","0","0","1.0","6","2","0","0","0","0","0","1","0","0","2.00","7927"
"Matt Carpenter","STL","0","0","0.00","1","0","0","0","0","0","1.1","6","2","0","0","0","0","0","1","0","0","1.50","8090"
"Mike Freeman","CIN","0","0","0.00","1","0","0","0","0","0","0.1","1","0","0","0","0","0","0","0","0","1","0.00","11241"
"Hanser Alberto","KCR","0","0","0.00","1","0","0","0","0","0","0.1","1","0","0","0","0","0","0","0","0","0","0.00","11902"
"Domingo Tapia","SEA","0","0","0.00","2","0","0","0","0","0","2.0","11","4","0","0","0","1","0","0","0","1","2.50","12178"
"Phillip Evans","PIT","0","0","0.00","1","0","0","0","0","0","1.0","3","0","0","0","0","0","0","0","0","0","0.00","12950"
"Dominic Leone","SFG","0","0","0.00","1","0","0","0","0","0","1.0","4","1","0","0","0","0","0","0","0","2","1.00","13763"
"Matt Duffy","CHC","0","0","0.00","1","0","0","0","0","0","0.1","1","0","0","0","0","0","0","0","0","0","0.00","13836"
"Daniel Robertson","MIL","0","0","0.00","1","0","0","0","0","0","1.0","4","1","0","0","0","0","0","0","0","0","1.00","14145"
"Wyatt Mathisen","ARI","0","0","0.00","1","0","0","0","0","0","1.0","4","1","0","0","0","0","0","0","0","0","1.00","14555"
"James Hoyt","LAA","0","0","0.00","2","0","0","0","0","0","1.2","9","1","0","0","0","3","0","0","0","2","2.40","14605"
"Harold Castro","DET","0","0","0.00","1","0","0","0","0","0","1.0","4","0","0","0","0","1","0","0","0","0","1.00","14691"
"Pat Valaika","BAL","0","0","0.00","1","0","0","0","0","0","1.0","4","0","0","0","0","0","0","0","0","0","0.00","14885"
"Ashton Goudeau","CIN","0","0","0.00","2","0","0","0","0","0","4.0","14","1","0","0","0","1","0","0","0","2","0.50","15139"
"Jack Mayfield","SEA","0","0","0.00","1","0","0","0","0","0","0.1","1","0","0","0","0","0","0","0","0","0","0.00","15402"
"Kohl Stewart","CHC","1","0","0.00","1","1","0","0","0","0","5.0","19","3","1","0","0","1","0","1","0","2","0.80","15502"
"Kendall Graveman","SEA","1","0","0.00","14","0","0","0","5","0","16.2","58","6","0","0","0","3","0","1","1","17","0.54","15514"
"Brad Wieck","CHC","0","0","0.00","6","0","0","0","0","0","6.0","24","5","0","0","0","1","0","0","0","7","1.00","16390"
"Julian Merryweather","TOR","0","0","0.00","4","0","0","0","2","0","4.1","14","1","0","0","0","1","0","0","0","7","0.46","16703"
"Josh Fuentes","COL","0","0","0.00","1","0","0","0","0","0","1.0","4","1","0","0","0","0","0","0","0","0","1.00","16885"
"Ranger Suarez","PHI","0","0","0.00","9","0","0","0","0","0","14.1","54","6","1","0","0","4","0","2","0","12","0.70","17277"
"Ryan Burr","CHW","0","0","0.00","2","0","0","0","0","0","2.1","7","0","0","0","0","0","0","0","1","3","0.00","17536"
"Trevor Megill","CHC","0","0","0.00","2","0","0","0","0","0","2.0","9","2","0","0","0","1","0","0","1","2","1.50","17722"
"Max Schrock","CIN","0","0","0.00","1","0","0","0","0","0","0.2","3","0","0","0","0","0","0","0","0","0","0.00","17750"
"Jake Cronenworth","SDP","0","0","0.00","1","0","0","0","0","0","0.2","3","1","0","0","0","0","0","0","0","1","1.50","18036"
"Ka'ai Tom","OAK","0","0","0.00","1","0","0","0","0","0","1.0","4","1","0","0","0","0","0","0","0","0","1.00","18136"
"Art Warren","CIN","0","0","0.00","2","0","0","0","0","0","2.0","8","0","0","0","0","2","0","0","0","2","1.00","18251"
"Danny Mendick","CHW","0","0","0.00","1","0","0","0","0","0","1.0","5","1","0","0","0","0","0","1","0","1","1.00","18889"
"Tommy Nance","CHC","0","0","0.00","8","0","0","0","0","0","7.0","26","2","0","0","0","3","0","0","1","8","0.71","19178"
"Conner Menez","SFG","0","0","0.00","1","0","0","0","0","0","2.0","6","0","0","0","0","0","0","0","0","2","0.00","19199"
"Jose Quijada","LAA","0","0","0.00","2","0","0","0","0","0","3.1","14","1","0","0","0","3","1","0","1","5","1.20","19200"
"A.J. Puk","OAK","0","0","0.00","1","0","0","0","0","0","3.1","14","1","0","0","0","3","0","0","1","4","1.20","19343"
"Devin Smeltzer","MIN","0","0","0.00","1","0","0","0","0","0","4.2","17","1","1","0","0","1","0","2","0","3","0.43","19487"
"Anthony Bender","MIA","0","0","0.00","11","0","0","0","0","0","11.2","43","6","1","0","0","2","0","0","1","14","0.69","19742"
"Yennsy Diaz","NYM","0","0","0.00","2","0","0","0","0","0","2.0","7","0","0","0","0","2","0","0","0","3","1.00","20218"
"Ramon Rosso","PHI","0","0","0.00","1","0","0","0","0","0","1.1","4","1","0","0","0","0","0","0","0","0","0.75","20368"
"Rony Garcia","DET","0","0","0.00","1","0","0","0","0","0","3.0","9","0","0","0","0","1","0","0","0","2","0.33","20430"
"Peter Solomon","HOU","0","0","0.00","2","0","0","0","0","0","2.0","8","1","0","0","0","1","0","0","0","2","1.00","20476"
"Kyle Nelson","CLE","0","0","0.00","5","0","0","0","0","0","5.0","19","1","0","0","0","3","0","0","0","5","0.80","20515"
"Jean Carlos Mejia","CLE","1","0","0.00","3","0","0","0","0","0","5.0","16","1","0","0","0","1","0","0","0","7","0.40","20617"
"Eduard Bazardo","BOS","0","0","0.00","2","0","0","0","0","0","3.0","12","1","0","0","0","2","0","0","0","3","1.00","20997"
"Aroldis Chapman","NYY","4","0","0.41","22","0","0","0","12","1","22.0","81","6","2","1","1","11","1","0","1","42","0.77","10233"
"Dan Winkler","CHC","1","0","0.46","22","0","0","0","0","0","19.2","82","11","1","1","0","11","0","4","1","19","1.12","12237"
"Caleb Baragar","SFG","2","1","0.52","21","0","0","0","0","1","17.1","74","13","3","1","0","11","2","1","0","14","1.38","19231"
"Keegan Thompson","CHC","3","1","0.52","10","1","0","0","0","1","17.1","71","14","2","1","1","9","1","0","1","17","1.33","19795"
"Garrett Crochet","CHW","1","2","0.57","15","0","0","0","0","0","15.2","71","13","4","1","0","9","1","1","2","17","1.40","27463"
"Alex Reyes","STL","3","1","0.62","27","0","0","0","16","0","29.0","126","14","3","2","1","26","1","0","7","40","1.38","15015"
"Erik Swanson","SEA","0","0","0.69","9","2","0","0","1","0","13.0","47","4","1","1","1","6","0","0","0","14","0.77","16587"
"Jacob deGrom","NYM","4","2","0.71","8","8","1","1","0","0","51.0","179","22","7","4","3","7","0","0","0","82","0.57","10954"
"Mark Melancon","SDP","1","0","0.74","23","0","0","0","17","2","24.1","95","14","4","2","1","9","2","0","0","19","0.95","4264"
"Craig Kimbrel","CHC","1","2","0.78","23","0","0","0","13","2","23.0","88","10","5","2","1","8","0","0","2","39","0.78","6655"
"Josh Hader","MIL","3","0","0.83","22","0","0","0","12","0","21.2","82","9","2","2","0","8","0","0","3","37","0.78","14212"
"David Phelps","TOR","0","0","0.87","11","1","0","0","0","0","10.1","42","8","2","1","0","4","0","1","0","15","1.16","6316"
"Luke Farrell","MIN","0","0","1.13","6","0","0","0","0","0","8.0","33","7","1","1","1","3","0","0","0","8","1.25","15101"
"A.J. Cole","TOR","0","0","1.13","6","0","0","0","1","1","8.0","30","6","1","1","1","1","0","0","0","7","0.88","11467"
"Emmanuel Clase","CLE","3","2","1.14","25","0","0","0","9","1","23.2","105","22","7","3","0","12","2","0","2","24","1.44","21032"
"Bryan Shaw","CLE","1","0","1.25","23","0","0","0","1","0","21.2","90","7","3","3","1","17","0","0","3","26","1.11","8110"
"Brandon Woodruff","MIL","4","2","1.27","11","11","0","0","0","0","71.0","261","33","11","10","3","16","0","3","2","83","0.69","16162"
"Luke Jackson","ATL","1","1","1.29","23","0","0","0","0","2","21.0","85","15","3","3","2","10","1","0","1","20","1.19","11752"
"Lance Lynn","CHW","6","1","1.37","9","9","1","1","0","0","52.2","212","34","11","8","4","15","1","1","1","57","0.93","2520"
"Andrew Kittredge","TBR","5","1","1.38","19","2","0","0","2","0","26.0","102","17","6","4","2","7","2","2","1","23","0.92","12828"
"Kevin Gausman","SFG","6","0","1.40","11","11","0","0","0","0","70.2","269","41","11","11","4","16","0","0","2","83","0.81","14107"
"Dillon Maples","CHC","0","0","1.45","14","0","0","0","0","0","18.2","77","7","4","3","2","12","0","3","4","27","1.02","14672"
"Nick Tropeano","SFG","1","0","1.50","4","0","0","0","0","0","6.0","23","4","2","1","0","2","0","0","1","2","1.00","12385"
"Pete Fairbanks","TBR","1","0","1.50","13","0","0","0","1","0","12.0","54","9","2","2","0","8","0","0","1","14","1.42","17998"
"Kris Bubic","KCR","1","0","1.52","7","3","0","0","0","0","29.2","116","19","5","5","1","14","0","0","0","22","1.11","21455"
"Miguel Diaz","SDP","2","1","1.53","8","1","0","0","1","0","17.2","70","10","5","3","2","8","0","0","0","19","1.02","18815"
"John Gant","STL","4","3","1.60","10","10","0","0","0","0","50.2","224","43","12","9","1","34","1","2","0","39","1.52","13684"
"Tejay Antone","CIN","1","0","1.61","17","0","0","0","3","2","28.0","102","10","5","5","2","10","0","3","1","37","0.71","16233"
"Richard Rodriguez","PIT","3","1","1.61","21","0","0","0","6","1","22.1","79","11","4","4","0","2","0","0","2","17","0.58","13549"
"Tyler Rogers","SFG","1","0","1.63","27","0","0","0","6","3","27.2","112","22","6","5","2","5","0","3","0","14","0.98","15541"
"Framber Valdez","HOU","1","0","1.64","2","2","0","0","0","0","11.0","46","7","2","2","1","4","0","1","0","14","1.00","17295"
"Casey Sadler","SEA","0","1","1.64","11","0","0","0","0","0","11.0","46","8","3","2","0","6","0","0","2","10","1.27","11209"
"Travis Bergen","TOR","2","0","1.69","10","1","0","0","0","1","10.2","46","5","2","2","1","8","0","2","0","6","1.22","18581"
"Taylor Williams","SDP","0","0","1.69","5","0","0","0","0","0","5.1","23","3","1","1","0","3","0","2","0","6","1.13","14899"
"Michael Kopech","CHW","2","0","1.72","14","3","0","0","0","0","31.1","125","20","6","6","3","11","1","0","2","45","0.99","17282"
"Garrett Whitlock","BOS","0","1","1.73","14","0","0","0","1","0","26.0","106","23","6","5","3","7","0","1","2","27","1.15","20191"
"Anthony Castro","TOR","1","1","1.74","10","0","0","0","1","0","10.1","44","7","3","2","0","4","2","2","2","12","1.06","19789"
"Cole Sulser","BAL","1","0","1.74","18","0","0","0","1","0","20.2","82","13","4","4","2","8","0","0","3","32","1.02","15256"
"Ian Kennedy","TEX","0","0","1.77","20","0","0","0","11","1","20.1","77","14","4","4","2","5","2","0","0","24","0.93","6986"
"Gerrit Cole","NYY","6","2","1.78","11","11","0","0","0","0","70.2","263","50","15","14","5","9","0","1","4","97","0.83","13125"
"Julio Teheran","DET","1","0","1.80","1","1","0","0","0","0","5.0","20","4","1","1","1","3","0","0","0","3","1.40","6797"
"Chase De Jong","PIT","0","0","1.80","1","1","0","0","0","0","5.0","20","3","1","1","0","2","1","0","0","5","1.00","15036"
"Vladimir Gutierrez","CIN","0","1","1.80","1","1","0","0","0","0","5.0","19","2","1","1","1","2","0","0","0","3","0.80","19278"
"Jordan Romano","TOR","3","1","1.83","21","0","0","0","3","1","19.2","81","11","6","4","0","11","0","0","0","26","1.12","16122"
"Taijuan Walker","NYM","4","1","1.84","9","9","0","0","0","0","49.0","189","27","12","10","1","19","0","1","1","49","0.94","11836"
"Trevor Rogers","MIA","6","3","1.87","11","11","0","0","0","0","62.2","249","47","15","13","3","22","0","2","2","76","1.10","22286"
"Kyle Crick","PIT","0","0","1.93","15","0","0","0","0","0","14.0","54","3","3","3","0","8","0","3","5","14","0.79","13182"
"Chad Green","NYY","0","3","1.93","24","0","0","0","2","1","28.0","100","14","8","6","4","7","0","0","2","26","0.75","15552"
"John King","TEX","5","3","1.93","19","0","0","0","0","1","28.0","120","31","10","6","1","5","1","3","0","24","1.29","22051"
"Brett Martin","TEX","0","2","1.93","20","0","0","0","0","1","18.2","84","22","7","4","1","6","4","0","4","17","1.50","17369"
"Danny Duffy","KCR","4","3","1.94","7","7","0","0","0","0","41.2","170","35","11","9","2","12","0","0","2","48","1.13","3542"
"Hector Neris","PHI","1","3","1.96","24","0","0","0","9","2","23.0","93","15","6","5","3","8","0","2","1","27","1.00","11804"
"Kenley Jansen","LAD","0","2","1.96","22","0","0","0","12","2","23.0","89","7","8","5","1","16","3","0","3","27","1.00","3096"
"Drew Pomeranz","SDP","0","0","1.98","14","0","0","0","0","0","13.2","56","9","3","3","1","7","1","0","0","20","1.17","11426"
"Carlos Rodon","CHW","5","2","1.98","9","9","1","1","0","0","54.2","215","32","13","12","6","13","1","5","2","80","0.82","16137"
"Sean Reid-Foley","NYM","1","0","1.98","6","0","0","0","0","0","13.2","54","11","3","3","0","4","1","0","1","20","1.10","17034"
"Zack Littell","SFG","0","0","1.98","15","0","0","0","0","0","13.2","54","10","3","3","2","4","0","1","0","12","1.02","15823"
"Jose Suarez","LAA","2","0","2.00","3","0","0","0","0","0","9.0","37","7","2","2","1","4","0","0","0","8","1.22","19911"
"Scott Barlow","KCR","2","1","2.00","25","0","0","0","1","1","27.0","115","20","6","6","0","12","0","2","2","41","1.19","14993"
"Justin Steele","CHC","2","0","2.03","11","0","0","0","0","0","13.1","56","7","4","3","2","7","2","2","0","21","1.05","17312"
"Jeurys Familia","NYM","2","0","2.04","19","0","0","0","1","1","17.2","81","19","5","4","0","9","0","0","0","20","1.58","5114"
"Liam Hendriks","CHW","1","1","2.05","23","0","0","0","13","2","22.0","86","15","7","5","4","3","1","0","0","36","0.82","3548"
"John Means","BAL","4","1","2.05","11","11","1","1","0","0","70.1","263","43","16","16","11","13","0","1","1","68","0.80","16269"
"Ryan Weathers","SDP","2","2","2.06","12","7","0","0","1","0","39.1","152","27","9","9","5","12","0","1","0","29","0.99","23796"
"Joe Musgrove","SDP","4","4","2.08","11","10","1","1","0","0","60.2","236","34","16","14","6","12","1","7","0","79","0.76","12970"
"Chris Martin","ATL","0","1","2.08","9","0","0","0","0","0","8.2","34","6","2","2","0","1","1","1","0","6","0.81","11847"
"Albert Abreu","NYY","0","0","2.08","4","0","0","0","0","0","8.2","32","2","2","2","1","4","0","0","3","10","0.69","17485"
"Cal Quantrill","CLE","0","1","2.08","18","1","0","0","0","0","30.1","126","28","7","7","2","11","0","2","2","25","1.29","19312"
"Paul Fry","BAL","0","1","2.08","22","0","0","0","1","2","21.2","85","12","5","5","0","10","0","0","2","32","1.02","15832"
"Jake Brentz","KCR","1","0","2.10","27","0","0","0","0","0","25.2","109","13","7","6","2","17","1","0","1","29","1.17","17783"
"Kyle Funkhouser","DET","0","0","2.13","9","0","0","0","0","0","12.2","48","6","4","3","1","4","0","1","3","11","0.79","19456"
"Andrew Chafin","CHC","0","1","2.13","27","0","0","0","0","1","25.1","100","14","6","6","1","9","1","2","1","25","0.91","12988"
"Yu Darvish","SDP","5","1","2.16","11","11","0","0","0","0","66.2","263","46","18","16","6","16","0","6","4","79","0.93","13074"
"Ryan Thompson","TBR","3","2","2.16","25","0","0","0","0","3","25.0","101","18","8","6","2","8","2","2","1","25","1.04","16647"
"Jonathan Loaisiga","NYY","4","2","2.20","23","0","0","0","2","1","28.2","112","22","9","7","2","7","0","2","3","25","1.01","19753"
"Corbin Burnes","MIL","2","4","2.24","9","9","0","0","0","0","52.1","198","31","14","13","2","7","0","4","1","81","0.73","19361"
"Kyle Gibson","TEX","3","0","2.24","10","10","0","0","0","0","60.1","239","42","16","15","3","19","0","2","2","48","1.01","10123"
"Trevor Bauer","LAD","6","3","2.24","12","12","1","0","0","0","76.1","294","40","22","19","13","23","0","3","3","96","0.83","12703"
"Miles Mikolas","STL","0","0","2.25","1","1","0","0","0","0","4.0","17","3","1","1","0","1","0","1","0","3","1.00","9803"
"Aaron Northcraft","SDP","1","0","2.25","5","0","0","0","0","0","8.0","34","5","2","2","1","8","0","0","0","5","1.63","10218"
"Reyes Moronta","SFG","0","0","2.25","4","0","0","0","0","0","4.0","13","1","1","1","1","0","0","0","0","2","0.25","14966"
"Paolo Espino","WSN","0","1","2.25","10","1","0","0","0","0","16.0","59","10","4","4","2","2","0","0","0","10","0.75","8246"
"Ryan Pressly","HOU","2","1","2.25","22","0","0","0","8","1","24.0","94","21","8","6","1","4","1","0","1","25","1.04","7005"
"Chris Rodriguez","LAA","2","0","2.30","8","0","0","0","0","0","15.2","65","9","4","4","0","8","0","3","1","17","1.09","22310"
"Scott Alexander","LAD","0","2","2.31","13","0","0","0","0","1","11.2","45","7","4","3","1","1","0","1","1","5","0.69","10591"
"JT Chargois","SEA","0","0","2.31","11","0","0","0","0","1","11.2","44","7","3","3","1","2","0","2","1","12","0.77","13767"
"Kyle Zimmer","KCR","3","0","2.33","17","0","0","0","2","0","19.1","72","9","5","5","1","9","0","0","4","18","0.93","14169"
"Max Scherzer","WSN","4","4","2.34","11","11","1","0","0","0","69.1","260","43","20","18","11","14","0","3","0","95","0.82","3137"
"Lucas Luetge","NYY","2","0","2.36","19","0","0","0","0","0","26.2","103","21","9","7","3","3","0","0","2","27","0.90","8337"
"Austin Adams","SDP","2","0","2.37","23","0","0","0","0","1","19.0","84","11","8","5","0","9","0","9","0","29","1.05","13801"
"Freddy Peralta","MIL","5","1","2.38","11","10","1","0","0","0","56.2","223","28","15","15","6","24","0","3","3","83","0.92","18679"
"Tim Hill","SDP","3","2","2.38","26","0","0","0","0","0","22.2","96","18","13","6","4","7","4","1","0","26","1.10","16814"
"Genesis Cabrera","STL","1","1","2.39","26","0","0","0","0","1","26.1","114","18","8","7","1","15","1","3","5","30","1.25","17490"
"Jimmy Nelson","LAD","1","1","2.41","16","1","0","0","0","1","18.2","77","11","6","5","0","11","0","1","4","30","1.18","10547"
"Victor Gonzalez","LAD","2","0","2.41","23","0","0","0","1","1","18.2","79","13","5","5","1","9","0","2","1","18","1.18","16408"
"Robert Gsellman","NYM","0","0","2.42","13","0","0","0","0","0","22.1","91","18","8","6","1","6","0","1","0","14","1.07","13696"
"Emilio Pagan","SDP","3","0","2.45","24","0","0","0","0","1","22.0","89","15","6","6","4","8","0","1","0","28","1.05","14771"
"Giovanny Gallegos","STL","3","1","2.45","26","0","0","0","1","4","33.0","124","17","9","9","2","8","1","3","4","39","0.76","14986"
"Ryan Buchter","ARI","0","0","2.45","3","0","0","0","0","0","3.2","16","3","1","1","1","2","1","0","0","5","1.36","9456"
"Ryan Tepera","CHC","0","0","2.45","26","0","0","0","1","2","25.2","96","12","7","7","2","6","0","2","1","30","0.70","10291"
"Nestor Cortes","NYY","0","0","2.45","1","0","0","0","0","0","3.2","18","3","2","1","0","4","0","0","0","3","1.91","17874"
"Drew Steckenrider","SEA","2","1","2.45","14","0","0","0","0","0","18.1","72","11","5","5","0","8","0","1","0","21","1.04","18806"
"Jordan Sheffield","COL","0","0","2.45","18","0","0","0","0","0","18.1","72","10","5","5","1","7","0","2","3","15","0.93","19682"
"Antonio Santos","COL","0","1","2.45","2","0","0","0","0","0","3.2","14","3","2","1","0","2","0","0","0","2","1.36","20383"
"Daniel Hudson","WSN","4","1","2.49","21","0","0","0","0","1","21.2","84","12","6","6","2","7","0","0","1","30","0.88","7146"
"Dinelson Lamet","SDP","1","0","2.50","7","5","0","0","0","0","18.0","78","19","6","5","1","7","0","0","1","21","1.44","17186"
"Zack Wheeler","PHI","4","2","2.52","11","11","1","1","0","0","75.0","290","54","22","21","6","16","0","3","2","92","0.93","10310"
"Jordan Holloway","MIA","1","2","2.55","8","2","0","0","0","0","17.2","73","11","6","5","0","10","0","0","1","14","1.19","20631"
"Kent Emanuel","HOU","1","0","2.55","10","0","0","0","0","0","17.2","68","12","5","5","4","4","0","1","0","13","0.91","15849"
"Aaron Loup","NYM","1","0","2.57","18","0","0","0","0","2","14.0","57","15","7","4","0","2","0","1","0","16","1.21","10343"
"Mitch White","LAD","0","0","2.61","9","0","0","0","0","2","10.1","48","10","10","3","1","5","1","0","1","10","1.45","19225"
"Hyun-Jin Ryu","TOR","5","2","2.62","10","10","0","0","0","0","58.1","232","53","18","17","6","8","0","0","0","58","1.05","14444"
"Taylor Widener","ARI","1","0","2.63","5","5","0","0","0","0","24.0","104","20","9","7","4","8","1","3","1","20","1.17","19266"
"Matt Barnes","BOS","1","1","2.63","23","0","0","0","12","1","24.0","85","11","7","7","2","5","0","0","1","41","0.67","12863"
"Marcus Stroman","NYM","4","4","2.64","12","12","0","0","0","0","64.2","260","56","24","19","7","13","1","2","4","52","1.07","13431"
"Miguel Castro","NYM","2","1","2.66","22","2","0","0","0","2","23.2","99","16","8","7","2","12","0","1","4","31","1.18","15684"
"Tyler Glasnow","TBR","4","2","2.69","12","12","0","0","0","0","77.0","298","46","23","23","10","25","0","0","6","106","0.92","14374"
"Nabil Crismatt","SDP","1","1","2.70","12","0","0","0","0","0","23.1","101","22","10","7","2","9","2","4","3","24","1.33","17732"
"Luis Garcia","HOU","4","3","2.72","11","9","0","0","0","0","53.0","213","36","17","16","8","17","1","3","1","60","1.00","23735"
"Shohei Ohtani","LAA","1","1","2.72","7","7","0","0","0","0","36.1","154","19","13","11","3","26","0","3","4","50","1.24","19755"
"J.P. Feyereisen","- - -","1","2","2.73","27","0","0","0","3","3","26.1","103","14","10","8","3","13","0","0","1","27","1.03","16610"
"Trent Thornton","TOR","1","1","2.73","17","3","0","0","0","0","26.1","111","24","14","8","5","10","1","2","2","27","1.29","17948"
"Dustin May","LAD","1","1","2.74","5","5","0","0","0","0","23.0","93","16","8","7","4","6","0","1","0","35","0.96","19716"
"Craig Stammen","SDP","3","1","2.76","23","0","0","0","1","1","32.2","130","27","10","10","5","5","0","1","0","39","0.98","7274"
"Wander Suero","WSN","0","0","2.76","18","0","0","0","0","0","16.1","63","13","5","5","2","3","0","0","3","18","0.98","15855"
"Keynan Middleton","SEA","0","0","2.76","16","0","0","0","4","0","16.1","62","6","5","5","1","8","0","2","0","13","0.86","15264"
"Josh Staumont","KCR","0","1","2.78","21","0","0","0","5","0","22.2","96","14","8","7","1","13","1","2","1","25","1.19","18335"
"Joel Payamps","TOR","0","2","2.78","17","0","0","0","0","0","22.2","90","18","8","7","3","8","2","1","0","13","1.15","14332"
"Ross Detwiler","MIA","1","0","2.79","20","2","0","0","0","0","19.1","82","11","6","6","0","10","0","2","0","24","1.09","2859"
"Lou Trivino","OAK","2","2","2.81","24","0","0","0","7","2","25.2","107","18","11","8","2","14","2","1","4","24","1.25","15043"
"Walker Buehler","LAD","4","0","2.82","11","11","0","0","0","0","70.1","272","54","23","22","11","13","1","1","1","70","0.95","19374"
"Pablo Lopez","MIA","1","3","2.82","12","12","0","0","0","0","67.0","272","58","23","21","7","19","1","2","2","68","1.15","17085"
"Dylan Floro","MIA","2","2","2.82","25","0","0","0","1","2","22.1","96","20","8","7","0","7","0","0","0","19","1.21","13394"
"Taylor Rogers","MIN","2","2","2.82","20","0","0","0","4","2","22.1","91","22","9","7","3","4","1","0","1","31","1.16","13449"
"Drew Smith","NYM","2","1","2.84","6","1","0","0","0","0","6.1","28","6","3","2","1","2","2","1","0","7","1.26","17755"
"Michael King","NYY","0","2","2.86","8","1","0","0","0","0","22.0","98","19","9","7","2","10","0","3","1","20","1.32","19853"
"Yimi Garcia","MIA","3","4","2.86","23","0","0","0","9","2","22.0","91","18","9","7","3","7","3","1","0","23","1.14","12095"
"Sam Howard","PIT","2","2","2.89","26","0","0","0","0","0","18.2","78","9","6","6","3","15","0","0","2","28","1.29","16265"
"Jack Flaherty","STL","8","1","2.90","11","11","0","0","0","0","62.0","255","44","27","20","7","20","1","6","4","67","1.03","17479"
"James Karinchak","CLE","2","2","2.92","26","0","0","0","7","1","24.2","101","12","10","8","3","13","0","1","2","44","1.01","20151"
"Austin Voth","WSN","2","0","2.93","18","0","0","0","0","0","27.2","110","22","9","9","5","10","2","1","0","27","1.16","15047"
"Spencer Turnbull","DET","4","2","2.93","8","8","1","1","0","0","46.0","187","35","17","15","1","12","0","5","0","40","1.02","16207"
"Burch Smith","OAK","0","0","2.93","11","0","0","0","0","0","15.1","60","13","5","5","1","3","0","0","2","13","1.04","12784"
"James Kaprielian","OAK","2","0","2.95","4","4","0","0","0","0","21.1","90","15","7","7","3","9","0","2","0","22","1.13","18331"
"Cody Poteet","MIA","2","1","2.95","4","4","0","0","0","0","21.1","82","14","7","7","2","4","0","0","0","19","0.84","18769"
"Adam Ottavino","BOS","2","2","2.95","24","0","0","0","2","3","21.1","95","13","9","7","0","16","0","2","2","28","1.36","1247"
"Clay Holmes","PIT","1","0","2.96","23","0","0","0","0","0","24.1","102","20","9","8","1","7","0","3","4","24","1.11","13649"
"Lance McCullers Jr.","HOU","3","1","2.96","9","9","0","0","0","0","51.2","214","34","17","17","5","26","0","4","3","59","1.16","14120"
"Josh Fleming","TBR","5","3","2.98","9","4","0","0","0","0","45.1","179","35","15","15","5","12","1","2","0","28","1.04","20418"
"Ryne Harper","WSN","0","0","3.00","2","0","0","0","0","0","3.0","12","2","1","1","0","1","0","0","0","2","1.00","12680"
"Zack Burdi","CHW","0","0","3.00","1","0","0","0","0","0","3.0","13","3","2","1","1","1","0","0","0","3","1.33","19159"
"Luis Cessa","NYY","1","0","3.00","17","0","0","0","0","0","21.0","90","15","11","7","1","13","1","0","0","23","1.33","13345"
"Louis Head","TBR","0","0","3.00","6","0","0","0","0","0","9.0","35","5","3","3","0","4","0","1","1","4","1.00","13259"
"Phil Bickford","- - -","0","0","3.00","7","0","0","0","0","0","6.0","27","5","3","2","1","2","1","2","0","8","1.17","18519"
"Darren O'Day","NYY","0","0","3.00","10","0","0","0","0","0","9.0","38","8","3","3","1","2","0","1","0","9","1.11","3321"
"Steve Cishek","LAA","0","0","3.00","25","0","0","0","0","0","24.0","105","20","12","8","0","13","2","1","3","26","1.38","6483"
"Jose Urquidy","HOU","4","2","3.02","9","9","0","0","0","0","50.2","199","40","17","17","6","10","0","1","2","42","0.99","18413"
"Huascar Ynoa","ATL","4","2","3.02","9","8","0","0","0","0","44.2","179","36","16","15","7","11","0","1","2","50","1.05","20468"
"Corey Kluber","NYY","4","3","3.04","10","10","1","1","0","0","53.1","220","41","21","18","5","23","0","3","3","55","1.20","2429"
"Zac Gallen","ARI","1","1","3.04","5","5","1","1","0","0","26.2","115","18","10","9","1","14","0","2","1","32","1.20","19291"
"Diego Castillo","TBR","2","2","3.05","20","0","0","0","8","2","20.2","86","17","8","7","4","8","2","0","1","28","1.21","17496"
"David Bednar","PIT","0","0","3.05","23","0","0","0","0","0","20.2","84","16","7","7","3","7","0","0","0","27","1.11","19569"
"Hirokazu Sawamura","BOS","1","0","3.05","20","0","0","0","0","0","20.2","93","21","11","7","4","9","2","1","2","26","1.45","27515"
"Carlos Estevez","COL","0","0","3.07","15","0","0","0","2","1","14.2","58","12","6","5","2","4","0","0","2","16","1.09","14542"
"Shane Bieber","CLE","6","3","3.08","12","12","0","0","0","0","79.0","329","65","29","27","9","29","0","3","4","117","1.19","19427"
"Cristian Javier","HOU","3","1","3.08","10","9","0","0","0","0","52.2","210","31","18","18","8","23","0","3","2","62","1.03","17606"
"Kyle McGowin","WSN","0","0","3.09","10","0","0","0","0","0","11.2","49","6","4","4","1","6","1","1","1","7","1.03","15071"
"Tyler Chatwood","TOR","0","2","3.10","19","0","0","0","0","1","20.1","83","11","7","7","0","14","0","1","0","24","1.23","4338"
"Yusmeiro Petit","OAK","7","0","3.10","27","0","0","0","1","1","29.0","114","26","10","10","1","5","0","0","0","20","1.07","4020"
"Rex Brothers","CHC","1","0","3.12","21","0","0","0","1","0","17.1","75","11","6","6","1","10","0","3","1","30","1.21","9794"
"Jose Ruiz","CHW","0","1","3.13","21","0","0","0","0","0","23.0","94","17","9","8","2","7","1","0","1","23","1.04","14552"
"Aaron Sanchez","SFG","1","1","3.18","6","6","0","0","0","0","28.1","122","24","10","10","2","10","0","4","0","24","1.20","11490"
"Justin Dunn","SEA","1","2","3.18","9","9","0","0","0","0","45.1","192","27","16","16","5","27","0","3","1","45","1.19","19268"
"Darwinzon Hernandez","BOS","0","2","3.18","20","0","0","0","0","1","17.0","81","12","8","6","1","16","0","1","3","25","1.65","19848"
"Edwin Diaz","NYM","1","1","3.22","21","0","0","0","10","1","22.1","89","18","9","8","0","7","1","2","0","29","1.12","14710"
"Tanner Scott","BAL","2","3","3.22","27","0","0","0","0","0","22.1","104","17","10","8","1","19","1","1","6","31","1.61","17586"
"Ryne Stanek","HOU","0","1","3.24","26","0","0","0","1","1","25.0","106","13","11","9","4","16","2","3","2","33","1.16","15947"
"Nate Jones","- - -","0","2","3.24","17","0","0","0","0","1","16.2","73","11","9","6","4","10","4","1","1","10","1.26","4696"
"Ervin Santana","KCR","0","1","3.26","9","2","0","0","0","0","19.1","78","16","7","7","3","5","0","0","0","12","1.09","3200"
"Wade Miley","CIN","5","4","3.26","9","9","1","1","0","0","49.2","206","42","18","18","3","14","0","0","1","40","1.13","8779"
"Domingo German","NYY","4","3","3.27","10","10","0","0","0","0","55.0","221","47","21","20","11","10","0","1","1","52","1.04","17149"
"Ian Anderson","ATL","4","2","3.27","10","10","0","0","0","0","55.0","231","47","20","20","6","22","0","1","2","59","1.25","19951"
"Joakim Soria","ARI","0","1","3.27","12","0","0","0","0","0","11.0","49","13","5","4","1","4","0","0","1","9","1.55","6941"
"Nick Sandlin","CLE","0","0","3.27","9","0","0","0","0","0","11.0","41","4","4","4","0","4","0","1","0","13","0.73","20517"
"Blake Treinen","LAD","1","2","3.27","23","0","0","0","2","2","22.0","94","21","10","8","2","6","1","2","1","26","1.23","12572"
"Gregory Soto","DET","3","1","3.27","25","0","0","0","5","0","22.0","102","21","10","8","2","16","1","0","8","25","1.68","19677"
"Casey Mize","DET","3","3","3.28","10","10","1","0","0","0","57.2","234","44","21","21","7","20","0","6","1","47","1.11","20492"
"Aaron Civale","CLE","7","2","3.28","11","11","0","0","0","0","74.0","292","61","28","27","10","18","0","2","2","54","1.07","19479"
"Adam Cimber","MIA","1","1","3.28","23","0","0","0","0","0","24.2","102","23","11","9","0","7","2","3","0","17","1.22","15288"
"Chris Stratton","PIT","1","0","3.29","21","0","0","0","0","1","27.1","112","25","11","10","3","8","0","0","2","25","1.21","13761"
"Rich Hill","TBR","4","2","3.32","11","11","0","0","0","0","57.0","227","39","21","21","7","19","0","5","0","60","1.02","4806"
"Caleb Smith","ARI","2","1","3.32","20","2","0","0","0","1","38.0","165","32","16","14","4","17","1","3","0","42","1.29","14875"
"Clayton Kershaw","LAD","7","4","3.33","12","12","0","0","0","0","70.1","278","55","27","26","8","13","0","2","4","77","0.97","2036"
"Deolis Guerra","OAK","1","1","3.33","16","0","0","0","0","0","24.1","95","14","13","9","2","9","0","0","1","24","0.95","8410"
"Michael Fulmer","DET","4","3","3.34","20","4","0","0","4","1","35.0","151","33","16","13","4","10","0","3","1","35","1.23","13218"
"Jose Berrios","MIN","5","2","3.36","11","11","0","0","0","0","64.1","258","53","26","24","7","17","0","4","1","69","1.09","14168"
"Sean Manaea","OAK","4","2","3.36","12","12","2","2","0","0","69.2","287","70","26","26","7","16","0","1","3","70","1.23","15873"
"Kolby Allard","TEX","1","1","3.38","11","1","0","0","0","0","24.0","100","21","9","9","4","7","0","0","2","27","1.17","18694"
"Chasen Shreve","PIT","0","0","3.38","10","0","0","0","0","0","8.0","32","6","3","3","3","3","0","0","0","9","1.13","10855"
"Kyle Ryan","CHC","0","0","3.38","3","0","0","0","0","0","2.2","15","5","1","1","0","2","0","0","0","2","2.63","11753"
"Sam Clay","WSN","0","0","3.38","20","0","0","0","0","0","16.0","73","18","7","6","1","7","1","1","2","12","1.56","16279"
"Michael Pineda","MIN","3","3","3.40","9","9","0","0","0","0","47.2","192","39","20","18","9","12","0","0","0","48","1.07","5372"
"Tyler Mahle","CIN","4","2","3.42","11","11","0","0","0","0","55.1","228","45","22","21","7","19","0","2","0","64","1.16","16358"
"Hansel Robles","MIN","1","1","3.42","24","0","0","0","4","2","23.2","100","15","11","9","1","15","1","1","1","25","1.27","11801"
"Brad Boxberger","MIL","2","1","3.43","23","0","0","0","1","0","21.0","85","13","9","8","3","5","1","3","2","21","0.86","10133"
"Hunter Strickland","- - -","0","0","3.43","20","0","0","0","0","0","21.0","94","23","11","8","4","9","0","0","1","19","1.52","7836"
"Collin McHugh","TBR","0","1","3.44","13","3","0","0","0","0","18.1","80","20","9","7","1","7","1","1","2","28","1.47","7531"
"Mychal Givens","COL","2","2","3.44","20","0","0","0","0","1","18.1","78","14","8","7","4","10","2","2","2","19","1.31","10430"
"Johnny Cueto","SFG","4","1","3.45","8","8","0","0","0","0","44.1","180","47","17","17","2","6","0","2","0","36","1.20","6893"
"Jake Diekman","OAK","2","1","3.47","24","0","0","0","6","2","23.1","101","19","11","9","3","10","1","1","2","32","1.24","5003"
"Alex Wood","SFG","5","3","3.48","9","9","0","0","0","0","51.2","209","43","20","20","6","15","1","3","2","52","1.12","13781"
"Aaron Bummer","CHW","0","3","3.48","22","0","0","0","1","4","20.2","92","19","11","8","2","12","1","1","1","28","1.50","16258"
"Jeffrey Springs","TBR","4","1","3.51","23","0","0","0","2","1","25.2","102","21","13","10","5","6","0","0","2","32","1.05","17677"
"Junior Fernandez","STL","0","0","3.52","4","0","0","0","0","0","7.2","32","5","3","3","0","6","0","0","1","3","1.43","18496"
"John Curtiss","MIA","2","1","3.52","20","1","0","0","0","0","23.0","97","25","10","9","3","3","0","1","0","27","1.22","16128"
"Jake Woodford","STL","1","0","3.52","9","0","0","0","0","0","15.1","68","13","6","6","1","8","0","3","2","15","1.37","18674"
"Chris Bassitt","OAK","5","2","3.53","12","12","1","1","0","0","74.0","302","60","29","29","6","17","0","7","2","80","1.04","12304"
"Brent Suter","MIL","5","3","3.54","20","1","0","0","0","2","28.0","118","27","14","11","3","8","1","0","0","25","1.25","13942"
"Brad Hand","WSN","2","2","3.54","20","0","0","0","9","2","20.1","88","17","11","8","3","9","2","3","0","20","1.28","9111"
"Richard Bleier","MIA","2","0","3.54","23","0","0","0","0","3","20.1","77","17","8","8","4","0","0","0","1","19","0.84","7803"
"Martin Perez","BOS","3","2","3.55","10","10","0","0","0","0","50.2","217","48","22","20","4","17","0","6","1","48","1.28","6902"
"Edwin Uceta","LAD","0","2","3.55","7","1","0","0","0","0","12.2","53","11","8","5","2","4","0","0","0","13","1.18","20539"
"Anthony DeSclafani","SFG","4","2","3.56","11","11","1","1","0","0","60.2","250","50","24","24","7","20","1","0","2","54","1.15","13050"
"Robbie Ray","TOR","3","2","3.57","10","10","0","0","0","0","58.0","238","52","24","23","14","15","0","1","3","69","1.16","11486"
"Demarcus Evans","TEX","0","1","3.60","3","0","0","0","0","1","5.0","21","3","2","2","1","3","0","0","1","7","1.20","21087"
"Nivaldo Rodriguez","HOU","0","0","3.60","2","0","0","0","0","0","5.0","20","4","2","2","2","2","0","0","0","3","1.20","22449"
"Luis Patino","TBR","1","1","3.60","5","3","0","0","0","0","15.0","62","12","7","6","2","4","0","2","1","19","1.07","22815"
"Brad Brach","CIN","0","0","3.60","5","0","0","0","0","0","5.0","21","5","2","2","1","1","0","0","1","7","1.20","6627"
"Hunter Wood","TEX","0","0","3.60","5","0","0","0","0","0","5.0","19","2","2","2","1","2","0","0","1","5","0.80","15091"
"Julio Urias","LAD","7","2","3.61","11","11","0","0","0","0","67.1","265","55","29","27","8","9","2","3","0","75","0.95","14765"
"Adbert Alzolay","CHC","4","4","3.62","10","10","0","0","0","0","54.2","213","39","22","22","9","11","0","3","0","58","0.91","17859"
"Sam Coonrod","PHI","0","2","3.63","21","0","0","0","2","3","22.1","94","21","9","9","4","5","1","1","2","24","1.16","17264"
"Josh Sborz","TEX","3","2","3.63","23","0","0","0","1","0","22.1","93","18","11","9","1","7","0","0","2","28","1.12","18323"
"Pierce Johnson","SDP","1","2","3.63","21","0","0","0","0","1","17.1","71","12","7","7","1","8","1","0","2","27","1.15","13435"
"Jose Alvarado","PHI","4","0","3.63","21","0","0","0","2","1","17.1","84","12","7","7","1","17","2","4","4","26","1.67","17780"
"Sonny Gray","CIN","1","4","3.64","9","9","0","0","0","0","47.0","204","43","21","19","8","20","1","1","8","60","1.34","12768"
"Kwang-hyun Kim","STL","1","3","3.65","8","8","0","0","0","0","37.0","165","40","18","15","3","12","0","1","0","33","1.41","27458"
"Sean Doolittle","CIN","3","0","3.66","22","0","0","0","1","2","19.2","84","18","8","8","3","9","1","0","0","28","1.37","1581"
"Greg Holland","KCR","2","1","3.66","21","0","0","0","3","2","19.2","92","19","9","8","4","14","0","0","2","23","1.68","7196"
"Anthony Bass","MIA","1","3","3.66","23","0","0","0","0","4","19.2","83","14","10","8","2","9","2","3","0","16","1.17","7982"
"Zack Greinke","HOU","5","2","3.67","12","12","0","0","0","0","73.2","294","68","30","30","9","15","0","1","2","57","1.13","1943"
"Sandy Alcantara","MIA","2","5","3.68","12","12","0","0","0","0","71.0","286","56","31","29","8","20","2","3","2","68","1.07","18684"
"Joe Mantiply","ARI","0","1","3.68","8","0","0","0","0","1","7.1","35","9","5","3","0","4","0","1","0","7","1.77","14857"
"Jon Gray","COL","4","5","3.71","11","11","0","0","0","0","60.2","257","50","32","25","6","25","1","2","1","50","1.24","14916"
"Cody Reed","TBR","0","1","3.72","12","0","0","0","0","0","9.2","42","8","5","4","1","6","0","1","0","7","1.45","15232"
"Lucas Giolito","CHW","5","4","3.73","11","11","0","0","0","0","62.2","258","47","29","26","10","24","0","0","4","78","1.13","15474"
"JT Brubaker","PIT","4","4","3.74","10","10","0","0","0","0","55.1","237","53","23","23","10","13","0","7","0","56","1.19","17578"
"Garrett Richards","BOS","4","4","3.75","11","11","0","0","0","0","60.0","258","59","27","25","5","30","0","1","4","52","1.48","9784"
"Nick Pivetta","BOS","6","1","3.77","11","11","0","0","0","0","59.2","248","45","26","25","4","28","0","2","2","68","1.22","15454"
"Alex Cobb","LAA","3","2","3.78","7","7","0","0","0","0","33.1","143","33","17","14","1","12","0","2","0","43","1.35","6562"
"Dylan Cease","CHW","3","2","3.79","11","11","1","1","0","0","54.2","238","47","24","23","5","27","0","3","5","68","1.35","18525"
"Trevor May","NYM","2","2","3.79","21","0","0","0","1","2","19.0","83","21","11","8","3","6","1","0","4","25","1.42","6398"
"Patrick Sandoval","LAA","0","1","3.80","6","3","0","0","1","0","21.1","92","21","9","9","4","10","0","2","0","17","1.45","19447"
"Alex Young","ARI","2","4","3.80","24","0","0","0","0","2","23.2","104","21","12","10","5","13","3","0","0","25","1.44","18333"
"Aaron Nola","PHI","4","4","3.84","12","12","1","1","0","0","70.1","292","67","31","30","8","15","1","4","0","78","1.17","16149"
"Lewis Thorpe","MIN","0","2","3.86","4","3","0","0","0","0","14.0","58","13","9","6","1","4","0","0","1","5","1.21","15906"
"Logan Webb","SFG","4","3","3.86","10","9","0","0","0","0","49.0","207","46","23","21","4","17","0","4","1","54","1.29","17995"
"Miguel Yajure","PIT","0","1","3.86","2","2","0","0","0","0","9.1","34","5","4","4","2","3","0","0","0","8","0.86","21111"
"Alek Manoah","TOR","1","0","3.86","2","2","0","0","0","0","9.1","40","6","4","4","3","5","0","1","0","12","1.18","26410"
"Adrian Houser","MIL","3","5","3.86","11","10","0","0","0","0","53.2","226","47","26","23","9","23","0","1","4","48","1.30","12718"
"Tyler Matzek","ATL","0","2","3.86","22","0","0","0","0","0","21.0","90","16","10","9","2","12","0","0","3","31","1.33","10058"
"Adrian Morejon","SDP","0","0","3.86","2","2","0","0","0","0","4.2","20","5","2","2","2","2","0","0","0","3","1.50","20039"
"Yusei Kikuchi","SEA","3","3","3.88","10","10","0","0","0","0","62.2","248","45","27","27","11","20","0","1","1","61","1.04","20633"
"Matthew Boyd","DET","2","6","3.90","11","11","0","0","0","0","62.1","261","55","29","27","6","18","0","5","4","51","1.17","15440"
"Jorge Alcala","MIN","1","1","3.92","21","0","0","0","0","1","20.2","74","11","9","9","5","6","0","1","0","17","0.82","19459"
"Jordan Montgomery","NYY","3","1","3.92","11","11","0","0","0","0","59.2","242","52","28","26","7","15","0","2","2","59","1.12","16511"
"Tony Watson","LAA","2","2","3.93","20","0","0","0","0","2","18.1","73","14","9","8","3","6","0","0","0","13","1.09","3132"
"Kyle Finnegan","WSN","2","0","3.97","24","0","0","0","0","0","22.2","102","23","10","10","3","13","1","0","2","25","1.59","15009"
"Brandon Bielak","HOU","2","2","3.97","13","0","0","0","0","1","22.2","98","20","14","10","1","8","0","1","2","17","1.24","19866"
"Paul Sewald","SEA","2","1","4.00","7","0","0","0","0","1","9.0","41","8","4","4","0","6","0","0","0","15","1.56","13892"
"David Price","LAD","1","0","4.00","12","3","0","0","1","0","18.0","80","23","9","8","3","5","1","0","0","22","1.56","3184"
"Nathan Eovaldi","BOS","6","2","4.01","11","11","0","0","0","0","60.2","254","57","27","27","1","14","0","4","4","58","1.17","9132"
"Will Smith","ATL","1","4","4.05","22","0","0","0","9","0","20.0","85","16","9","9","1","8","0","1","2","27","1.20","8048"
"Jordan Yamamoto","NYM","1","1","4.05","2","1","0","0","0","0","6.2","33","10","6","3","0","2","0","2","0","3","1.80","17585"
"Ryan Borucki","TOR","3","1","4.05","13","0","0","0","0","0","13.1","51","7","7","6","1","5","0","0","1","14","0.90","16350"
"Vince Velasquez","PHI","2","1","4.08","11","7","0","0","0","0","39.2","170","30","18","18","9","25","1","0","0","48","1.39","11189"
"Daniel Bard","COL","3","3","4.09","21","0","0","0","6","3","22.0","101","24","13","10","2","10","0","1","2","32","1.55","7115"
"Zach Eflin","PHI","2","5","4.10","11","11","0","0","0","0","68.0","278","73","32","31","9","8","2","0","2","68","1.19","13774"
"Charlie Morton","ATL","4","2","4.11","11","11","0","0","0","0","57.0","243","51","33","26","7","21","1","5","0","67","1.26","4676"
"Shane McClanahan","TBR","2","1","4.11","7","7","0","0","0","0","30.2","125","29","14","14","4","9","0","0","3","38","1.24","21483"
"Cole Irvin","OAK","3","7","4.12","11","11","0","0","0","0","63.1","268","67","30","29","7","11","0","3","2","45","1.23","19244"
"German Marquez","COL","3","5","4.13","12","12","2","0","0","0","65.1","280","58","31","30","6","33","2","0","2","69","1.39","15038"
"Jose Urena","DET","2","4","4.14","10","10","0","0","0","0","54.1","234","56","27","25","3","22","0","1","1","35","1.44","11589"
"Zach Plesac","CLE","4","3","4.14","10","10","0","0","0","0","58.2","235","48","29","27","9","12","1","1","2","38","1.02","19979"
"Jarlin Garcia","SFG","0","1","4.15","14","0","0","0","1","1","17.1","71","11","9","8","3","9","1","1","1","22","1.15","18282"
"Kyle Wright","ATL","0","0","4.15","1","1","0","0","0","0","4.1","22","3","2","2","1","2","0","4","0","5","1.15","19665"
"Jose Cisnero","DET","0","2","4.15","25","0","0","0","0","1","21.2","96","22","15","10","3","8","0","0","1","31","1.38","6399"
"Brett Anderson","MIL","2","3","4.18","8","8","0","0","0","0","32.1","143","36","17","15","6","11","0","1","0","20","1.45","8223"
"Duane Underwood Jr.","PIT","1","2","4.18","20","0","0","0","0","0","32.1","139","33","18","15","3","11","0","1","1","30","1.36","14677"
"Taylor Clarke","ARI","1","0","4.18","25","0","0","0","0","1","28.0","118","29","14","13","3","7","1","0","1","22","1.29","17611"
"Phillips Valdez","BOS","2","0","4.19","17","0","0","0","0","0","19.1","82","14","10","9","0","8","1","3","4","18","1.14","15605"
"Devin Williams","MIL","1","0","4.19","21","0","0","0","0","3","19.1","86","15","9","9","3","12","0","1","0","29","1.40","15816"
"Bryan Abreu","HOU","2","3","4.21","21","0","0","0","1","3","25.2","108","21","15","12","3","13","0","2","3","23","1.32","16609"
"Adam Wainwright","STL","3","4","4.22","10","10","1","0","0","0","59.2","251","54","29","28","10","19","2","3","0","57","1.22","2233"
"Steven Matz","TOR","6","2","4.22","11","11","0","0","0","0","59.2","254","61","30","28","7","15","0","4","1","64","1.27","13361"
"Drew Rasmussen","MIL","0","1","4.24","15","0","0","0","1","0","17.0","77","13","11","8","2","12","2","0","2","25","1.47","25385"
"Chris Paddack","SDP","2","4","4.24","10","10","0","0","0","0","46.2","195","43","27","22","7","12","0","0","1","42","1.18","20099"
"Ryan Yarbrough","TBR","2","3","4.26","11","7","0","0","0","0","57.0","241","57","33","27","8","12","1","5","0","47","1.21","16502"
"Caleb Thielbar","MIN","0","0","4.29","20","0","0","0","0","0","21.0","93","24","10","10","3","7","1","1","3","31","1.48","10078"
"Raisel Iglesias","LAA","3","2","4.29","21","0","0","0","9","2","21.0","85","20","12","10","5","3","0","1","1","30","1.10","17130"
"Mike Foltynewicz","TEX","1","5","4.31","11","11","0","0","0","0","62.2","261","65","30","30","12","16","0","2","1","44","1.29","10811"
"Erick Fedde","WSN","3","4","4.35","8","8","0","0","0","0","39.1","167","31","20","19","5","18","4","1","0","36","1.25","17425"
"Tanner Houck","BOS","0","2","4.35","3","2","0","0","0","0","10.1","45","14","7","5","1","1","0","0","1","12","1.45","19879"
"A.J. Minter","ATL","1","2","4.35","24","0","0","0","0","4","20.2","90","15","14","10","1","10","0","1","0","23","1.21","18655"
"Jake McGee","SFG","1","1","4.37","24","0","0","0","12","2","22.2","94","19","14","11","5","5","0","1","0","29","1.06","7550"
"Tyler Alexander","DET","0","0","4.37","15","1","0","0","0","0","22.2","99","25","12","11","5","5","0","0","0","24","1.32","17735"
"Tyler Kinley","COL","1","0","4.37","22","0","0","0","0","1","22.2","95","15","11","11","2","12","0","1","1","23","1.19","18297"
"Jon Lester","WSN","0","2","4.37","7","7","0","0","0","0","35.0","148","38","17","17","5","12","2","0","0","25","1.43","4930"
"Bryse Wilson","ATL","2","2","4.38","5","5","0","0","0","0","24.2","104","29","13","12","6","7","1","0","0","15","1.46","19990"
"J.B. Wendelken","OAK","0","0","4.38","15","0","0","0","0","0","12.1","58","15","7","6","1","5","0","0","1","14","1.62","14506"
"Jake Arrieta","CHC","5","5","4.41","10","10","0","0","0","0","51.0","224","51","29","25","9","20","1","3","3","41","1.39","4153"
"Frankie Montas","OAK","5","5","4.45","11","11","0","0","0","0","58.2","262","66","33","29","11","17","0","1","5","63","1.41","14309"
"Antonio Senzatela","COL","2","5","4.47","11","11","0","0","0","0","58.1","257","66","34","29","6","16","0","6","2","34","1.41","15488"
"Juan Minaya","MIN","0","0","4.50","3","0","0","0","0","0","4.0","16","3","2","2","2","3","0","0","1","1","1.50","10341"
"Seth Lugo","NYM","0","0","4.50","1","0","0","0","0","0","2.0","8","3","1","1","0","0","0","0","0","2","1.50","12447"
"Hoby Milner","MIL","0","0","4.50","1","0","0","0","0","0","2.0","9","3","1","1","1","0","0","1","0","3","1.50","13346"
"Willians Astudillo","MIN","0","0","4.50","2","0","0","0","0","0","2.0","7","1","1","1","1","0","0","0","0","0","0.50","15608"
"Kyle Freeland","COL","0","0","4.50","2","2","0","0","0","0","8.0","38","9","4","4","0","7","0","1","0","6","2.00","16256"
"Alex McRae","CHW","0","0","4.50","2","0","0","0","0","0","2.0","10","3","1","1","0","1","0","0","0","1","2.00","16317"
"Luke Weaver","ARI","2","3","4.50","8","8","0","0","0","0","40.0","167","35","20","20","6","13","2","1","0","38","1.20","16918"
"Tucker Davidson","ATL","0","0","4.50","1","1","0","0","0","0","6.0","23","5","3","3","1","1","0","0","0","5","1.00","19871"
"Trevor Stephan","CLE","0","0","4.50","13","0","0","0","0","0","18.0","86","19","9","9","4","12","0","1","0","22","1.72","19932"
"Matt Peacock","ARI","2","1","4.50","11","3","0","0","0","0","28.0","113","27","16","14","5","3","1","0","0","21","1.07","20339"
"Corey Knebel","LAD","1","0","4.50","8","0","0","0","2","1","6.0","24","3","3","3","0","3","0","0","0","9","1.00","15010"
"Rafael Dolis","TOR","1","1","4.50","20","0","0","0","3","1","18.0","77","9","9","9","2","12","1","2","1","21","1.17","4185"
"Sam Selman","SFG","0","0","4.50","7","0","0","0","0","1","8.0","33","4","4","4","2","4","0","1","0","8","1.00","13397"
"Patrick Weigel","MIL","0","0","4.50","2","0","0","0","0","0","4.0","21","4","2","2","1","4","0","1","1","9","2.00","17792"
"Garrett Cleavinger","LAD","1","3","4.50","8","0","0","0","0","1","6.0","30","8","6","3","2","4","0","0","0","9","2.00","17897"
"Dallas Keuchel","CHW","4","1","4.53","11","11","0","0","0","0","59.2","251","61","34","30","8","18","0","2","1","30","1.32","9434"
"Austin Gomber","COL","3","5","4.55","11","11","0","0","0","0","57.1","241","46","35","29","9","23","2","0","1","60","1.20","16561"
"Taylor Hearn","TEX","2","1","4.55","17","0","0","0","0","1","27.2","125","28","15","14","5","17","0","0","2","33","1.63","18325"
"Stephen Strasburg","WSN","1","2","4.57","5","5","0","0","0","0","21.2","95","16","12","11","4","14","2","1","0","21","1.38","10131"
"Jose Alvarez","SFG","1","1","4.58","18","0","0","0","0","0","17.2","86","22","14","9","2","9","0","0","0","15","1.75","5358"
"Zach Pop","MIA","0","0","4.58","16","0","0","0","0","1","17.2","73","11","9","9","3","6","0","4","0","20","0.96","20185"
"Wandy Peralta","- - -","3","1","4.58","23","0","0","0","2","1","17.2","74","16","9","9","3","8","0","0","2","16","1.36","14295"
"Josh Taylor","BOS","0","0","4.58","22","0","0","0","0","0","17.2","81","22","9","9","1","8","0","1","2","19","1.70","17359"
"Tarik Skubal","DET","2","7","4.59","11","9","0","0","0","0","49.0","218","48","26","25","13","23","0","2","2","57","1.45","22267"
"Jeff Hoffman","CIN","3","4","4.61","10","10","0","0","0","0","41.0","188","38","25","21","4","27","1","2","4","39","1.59","17432"
"Adam Plutko","BAL","1","2","4.61","21","1","0","0","0","2","27.1","117","26","15","14","6","12","0","2","2","20","1.39","15846"
"Kyle Hendricks","CHC","6","4","4.62","11","11","1","0","0","0","62.1","274","76","36","32","16","11","1","3","1","51","1.40","12049"
"Michael Wacha","TBR","1","1","4.63","9","5","0","0","0","0","35.0","141","33","19","18","6","8","0","0","1","29","1.17","14078"
"Tyler Anderson","PIT","3","5","4.63","10","10","0","0","0","0","56.1","236","51","31","29","10","17","0","0","0","55","1.21","12880"
"Zach Davies","CHC","2","2","4.65","11","11","0","0","0","0","50.1","231","54","27","26","4","27","0","4","0","29","1.61","13183"
"Mike Minor","KCR","4","2","4.65","11","11","0","0","0","0","60.0","252","51","32","31","8","22","0","2","3","68","1.22","10021"
"Tyler Duffey","MIN","0","2","4.66","21","0","0","0","1","1","19.1","83","17","11","10","2","12","0","0","4","21","1.50","13758"
"Dane Dunning","TEX","2","4","4.67","11","11","0","0","0","0","52.0","225","57","28","27","4","17","0","0","7","55","1.42","19409"
"Chris Flexen","SEA","5","3","4.70","10","10","0","0","0","0","53.2","228","65","29","28","6","11","0","1","1","33","1.42","13896"
"Will Vest","SEA","1","0","4.70","21","0","0","0","0","0","23.0","103","23","13","12","1","12","0","3","2","16","1.52","19769"
"Chi Chi Gonzalez","COL","2","3","4.70","10","7","0","0","0","0","44.0","184","46","23","23","6","13","0","1","1","24","1.34","14663"
"Andrew Heaney","LAA","3","3","4.76","10","10","0","0","0","0","51.0","213","46","28","27","9","17","0","1","2","62","1.24","15423"
"Nick Wittgren","CLE","2","1","4.76","18","0","0","0","1","0","17.0","66","12","9","9","3","4","0","0","0","20","0.94","15594"
"Connor Brogdon","PHI","4","1","4.79","21","0","0","0","0","2","20.2","89","20","14","11","3","8","1","1","0","18","1.35","21205"
"Keegan Akin","BAL","0","0","4.80","5","1","0","0","0","0","15.0","64","17","8","8","2","3","0","0","0","14","1.33","19362"
"Rafael Montero","SEA","3","2","4.81","24","0","0","0","7","5","24.1","108","25","16","13","2","7","1","4","2","21","1.32","12760"
"Tyler Wells","BAL","1","0","4.81","14","0","0","0","0","0","24.1","100","20","13","13","6","8","0","1","1","29","1.15","20000"
"Robert Stephenson","COL","0","1","4.82","21","0","0","0","0","0","18.2","88","23","13","10","3","6","0","1","2","21","1.55","13594"
"Alex Claudio","LAA","0","1","4.82","23","0","0","0","0","0","18.2","84","21","11","10","3","6","0","0","0","20","1.45","12890"
"Eric Lauer","MIL","1","2","4.88","6","4","0","0","0","0","24.0","104","28","17","13","8","5","0","0","0","27","1.38","19316"
"Heath Hembree","CIN","0","1","4.91","14","0","0","0","1","0","14.2","56","8","9","8","4","4","0","1","0","20","0.82","11632"
"Mike Mayers","LAA","1","3","4.91","26","0","0","0","2","2","25.2","117","28","14","14","6","12","0","1","0","36","1.56","15451"
"Justus Sheffield","SEA","4","4","4.96","9","9","0","0","0","0","49.0","220","57","33","27","5","20","1","4","1","35","1.57","17285"
"Bruce Zimmermann","BAL","3","3","4.96","10","9","0","0","0","0","49.0","218","60","28","27","11","15","0","2","0","43","1.53","20370"
"Marco Gonzales","SEA","1","3","5.01","6","6","0","0","0","0","32.1","136","29","18","18","7","12","1","1","0","29","1.27","15467"
"Merrill Kelly","ARI","2","6","5.04","11","11","0","0","0","0","64.1","275","69","38","36","9","18","2","1","1","58","1.35","11156"
"Nick Ramirez","SDP","0","1","5.06","7","0","0","0","0","0","10.2","47","12","7","6","2","4","2","0","0","7","1.50","12575"
"Keone Kela","SDP","2","2","5.06","12","0","0","0","0","2","10.2","48","11","8","6","3","3","0","0","2","13","1.31","14696"
"Jesus Luzardo","OAK","2","3","5.06","8","6","0","0","0","0","32.0","142","35","21","18","5","13","0","0","2","37","1.50","19959"
"Brady Singer","KCR","3","4","5.06","11","11","0","0","0","0","53.1","240","55","35","30","4","20","0","6","0","55","1.41","25377"
"Jakob Junis","KCR","1","3","5.08","14","5","0","0","0","1","33.2","145","37","20","19","5","11","0","0","2","35","1.43","13619"
"Codi Heuer","CHW","4","1","5.09","21","0","0","0","0","0","23.0","98","32","13","13","3","2","0","1","0","25","1.48","23293"
"Trevor Richards","- - -","0","0","5.09","10","0","0","0","1","2","17.2","71","16","10","10","4","3","0","0","3","21","1.08","19309"
"Jameson Taillon","NYY","1","4","5.10","10","10","0","0","0","0","47.2","203","45","27","27","10","15","0","2","2","55","1.26","11674"
"Ross Stripling","TOR","1","3","5.11","8","7","0","0","0","0","37.0","160","40","21","21","8","11","0","1","0","39","1.38","13273"
"Matt Andriese","BOS","2","2","5.11","18","0","0","0","1","2","24.2","117","35","16","14","4","8","0","2","0","23","1.74","12022"
"Ty Tice","TOR","0","0","5.14","4","0","0","0","0","0","7.0","34","9","4","4","1","4","0","1","0","6","1.86","20177"
"Seth Elledge","STL","0","0","5.14","6","0","0","0","0","0","7.0","32","9","4","4","0","4","0","1","1","6","1.86","19766"
"Dillon Tate","BAL","0","3","5.17","14","0","0","0","0","0","15.2","65","14","10","9","2","5","0","2","1","7","1.21","17796"
"Daniel Castano","MIA","0","2","5.19","4","4","0","0","0","0","17.1","78","20","10","10","3","7","0","1","0","10","1.56","19805"
"Hyeon-jong Yang","TEX","0","3","5.20","7","4","0","0","0","0","27.2","118","26","18","16","5","13","0","0","1","19","1.41","27513"
"Sal Romano","CIN","0","0","5.23","14","0","0","0","0","0","20.2","91","20","14","12","4","9","2","0","0","12","1.40","13690"
"Anthony Misiewicz","SEA","2","3","5.23","25","0","0","0","0","2","20.2","90","24","12","12","3","7","2","1","4","21","1.50","18152"
"J.A. Happ","MIN","3","2","5.24","9","9","0","0","0","0","46.1","195","43","27","27","5","16","0","1","1","35","1.27","7410"
"Ryan Hendrix","CIN","2","0","5.27","15","0","0","0","0","0","13.2","60","13","9","8","2","8","1","0","0","16","1.54","19535"
"Kenta Maeda","MIN","2","2","5.27","9","9","0","0","0","0","42.2","190","52","30","25","9","11","0","3","2","39","1.48","18498"
"Jorge Lopez","BAL","1","6","5.29","11","11","0","0","0","0","51.0","225","51","31","30","9","22","1","4","3","52","1.43","14527"
"Bryan Garcia","DET","1","1","5.30","19","0","0","0","2","1","18.2","90","17","15","11","2","14","0","2","6","18","1.66","19457"
"Alex Colome","MIN","2","4","5.31","22","0","0","0","2","3","20.1","95","21","20","12","5","11","0","3","0","21","1.57","6661"
"Cesar Valdez","BAL","2","1","5.31","21","0","0","0","8","4","20.1","95","28","13","12","1","5","0","1","1","24","1.62","9013"
"Max Fried","ATL","2","3","5.35","8","8","0","0","0","0","38.2","177","44","24","23","4","16","0","4","3","41","1.55","13743"
"Riley Smith","ARI","1","3","5.36","13","5","0","0","1","0","42.0","186","54","26","25","5","12","1","0","0","21","1.57","19826"
"Trevor Williams","CHC","3","2","5.36","10","10","0","0","0","0","43.2","197","50","26","26","8","20","0","2","0","49","1.60","16977"
"Scott Kazmir","SFG","0","1","5.40","2","1","0","0","0","0","5.0","20","5","3","3","2","1","0","0","0","4","1.20","4897"
"Joe Ross","WSN","2","5","5.40","10","10","0","0","0","0","48.1","213","46","31","29","10","22","3","4","0","47","1.41","12972"
"Johan Oviedo","STL","0","2","5.40","5","4","0","0","0","0","20.0","92","17","13","12","3","15","0","2","1","16","1.60","22487"
"Griffin Canning","LAA","4","3","5.40","9","8","0","0","0","0","40.0","174","39","25","24","10","18","0","0","2","45","1.43","19867"
"Noe Ramirez","LAA","0","0","5.40","2","0","0","0","0","0","3.1","15","5","2","2","1","1","0","0","0","0","1.80","12800"
"Ryan Castellani","COL","0","0","5.40","1","1","0","0","0","0","3.1","17","5","2","2","1","4","0","1","0","2","2.70","16377"
"Jordan Hicks","STL","0","0","5.40","10","0","0","0","0","0","10.0","44","5","6","6","0","10","0","0","3","10","1.50","19618"
"Stefan Crichton","ARI","0","4","5.40","21","0","0","0","4","0","16.2","76","21","13","10","2","7","2","0","1","13","1.68","16058"
"Sean Newcomb","ATL","1","0","5.40","15","0","0","0","1","1","13.1","61","12","8","8","1","8","0","2","4","21","1.50","16943"
"Evan Marshall","CHW","0","2","5.49","19","0","0","0","0","2","19.2","81","19","12","12","3","7","1","0","0","15","1.32","12297"
"Junior Guerra","LAA","2","1","5.54","15","1","0","0","0","1","26.0","116","20","17","16","3","16","1","0","6","23","1.38","5702"
"Blake Snell","SDP","1","2","5.55","11","11","0","0","0","0","47.0","218","44","30","29","8","31","1","1","4","70","1.60","13543"
"Spencer Howard","PHI","0","1","5.56","5","2","0","0","0","0","11.1","53","9","7","7","0","9","0","1","1","17","1.59","23252"
"Ben Rowen","LAA","0","0","5.56","8","0","0","0","0","0","11.1","49","12","8","7","3","2","0","2","0","8","1.24","10983"
"Nick Neidert","MIA","0","1","5.63","4","4","0","0","0","0","16.0","76","17","10","10","3","13","0","2","1","11","1.88","18699"
"Jacob Webb","ATL","1","2","5.63","16","0","0","0","0","0","16.0","79","24","15","10","3","6","1","1","2","17","1.88","19274"
"Eduardo Rodriguez","BOS","5","4","5.64","10","10","0","0","0","0","52.2","227","63","33","33","8","13","0","1","0","58","1.44","13164"
"David Hale","PHI","0","2","5.64","13","1","0","0","0","0","22.1","95","22","15","14","4","8","1","1","2","18","1.34","9756"
"Brad Keller","KCR","5","4","5.68","11","11","0","0","0","0","50.2","240","63","37","32","7","25","1","3","3","46","1.74","15734"
"Josh Tomlin","ATL","2","0","5.68","18","0","0","0","0","0","25.1","112","35","16","16","4","5","0","1","0","19","1.58","9388"
"Daniel Norris","DET","0","1","5.68","19","0","0","0","0","2","19.0","79","19","12","12","3","8","0","1","2","20","1.42","13475"
"Lucas Sims","CIN","3","1","5.68","19","0","0","0","3","1","19.0","81","9","14","12","2","12","2","4","2","29","1.11","13470"
"Kevin Ginkel","ARI","0","1","5.73","26","0","0","0","0","1","22.0","100","23","18","14","5","10","0","2","2","26","1.50","19876"
"Madison Bumgarner","ARI","4","5","5.73","12","12","1","1","0","0","59.2","258","57","41","38","10","18","1","6","2","62","1.26","5524"
"Jordan Lyles","TEX","2","4","5.75","12","12","0","0","0","0","61.0","270","72","39","39","11","21","0","1","4","54","1.52","7593"
"Michael Feliz","- - -","0","0","5.79","14","0","0","0","0","0","14.0","62","17","10","9","1","4","0","0","2","16","1.50","11903"
"Carlos Martinez","STL","3","5","5.83","10","10","0","0","0","0","54.0","233","47","36","35","3","20","1","8","2","31","1.24","11682"
"Archie Bradley","PHI","1","1","5.87","10","0","0","0","0","0","7.2","38","9","7","5","1","6","1","0","1","6","1.96","12918"
"David Peterson","NYM","1","4","5.89","10","10","0","0","0","0","44.1","191","42","32","29","9","20","0","3","1","49","1.40","20302"
"Matt Shoemaker","MIN","2","6","5.90","10","10","0","0","0","0","50.1","224","53","34","33","10","19","0","2","1","33","1.43","4776"
"Alex Vesia","LAD","0","1","5.91","10","0","0","0","0","1","10.2","48","4","9","7","3","11","1","1","0","16","1.41","25007"
"Logan Gilbert","SEA","0","2","5.94","4","4","0","0","0","0","16.2","73","18","11","11","2","3","0","2","2","16","1.26","22250"
"Alec Mills","CHC","2","0","5.96","12","1","0","0","1","0","22.2","102","25","17","15","4","8","1","4","1","13","1.46","13834"
"Drew Smyly","ATL","2","3","5.98","9","9","0","0","0","0","46.2","204","48","36","31","14","16","1","1","1","43","1.37","11760"
"Jacob Barnes","NYM","1","1","6.00","15","0","0","0","2","0","15.0","62","13","10","10","4","5","0","0","0","14","1.20","12323"
"Dennis Santana","LAD","0","0","6.00","16","0","0","0","0","0","15.0","74","18","11","10","0","11","1","3","2","8","1.93","17878"
"Edgar Santana","ATL","0","0","6.00","11","0","0","0","0","0","9.0","40","9","8","6","3","4","0","0","0","6","1.44","17355"
"Justin Wilson","NYY","1","1","6.08","15","0","0","0","0","1","13.1","61","13","11","9","4","6","0","1","1","12","1.43","4301"
"Kodi Whitley","STL","0","0","6.10","12","0","0","0","0","0","10.1","46","7","8","7","1","7","0","0","1","8","1.35","19731"
"Matt Foster","CHW","2","1","6.14","17","0","0","0","0","1","14.2","66","16","10","10","3","4","0","2","1","21","1.36","19647"
"Sergio Romo","OAK","0","0","6.16","22","0","0","0","0","0","19.0","86","20","13","13","1","8","2","2","0","18","1.47","9817"
"Matt Wisler","SFG","1","2","6.16","20","0","0","0","0","1","19.0","79","17","13","13","4","6","0","0","0","25","1.21","12804"
"Grant Dayton","ATL","0","0","6.17","12","0","0","0","0","0","11.2","53","13","9","8","2","4","1","0","0","13","1.46","11203"
"Randy Dobnak","MIN","1","5","6.19","10","3","0","0","1","0","32.0","142","38","23","22","5","8","0","1","0","22","1.44","23798"
"Patrick Corbin","WSN","3","4","6.23","10","10","0","0","0","0","52.0","226","59","37","36","11","20","1","2","0","41","1.52","9323"
"Robert Dugger","SEA","0","1","6.23","9","2","0","0","0","0","17.1","77","19","13","12","3","6","0","1","1","17","1.44","19191"
"Chris Archer","TBR","0","1","6.23","2","1","0","0","0","0","4.1","21","7","4","3","0","1","0","0","0","6","1.85","6345"
"Jordan Weems","OAK","0","0","6.23","5","0","0","0","0","0","4.1","18","2","3","3","1","3","0","0","0","4","1.15","13190"
"Wade Davis","KCR","0","2","6.23","16","0","0","0","1","1","17.1","75","17","12","12","2","6","0","2","3","18","1.33","7441"
"Triston McKenzie","CLE","1","3","6.26","10","9","0","0","0","0","41.2","183","28","29","29","8","35","0","0","0","59","1.51","18000"
"Reymin Guduan","OAK","0","0","6.28","11","0","0","0","0","1","14.1","65","19","11","10","1","5","0","0","5","5","1.67","13058"
"Joely Rodriguez","TEX","1","2","6.28","16","0","0","0","0","0","14.1","66","18","10","10","1","3","1","0","1","16","1.47","11487"
"Cam Bedrosian","- - -","0","0","6.30","9","0","0","0","0","0","10.0","50","13","7","7","2","8","0","0","0","10","2.10","13360"
"Aaron Slegers","LAA","2","2","6.30","23","0","0","0","0","2","20.0","95","27","14","14","2","10","0","0","1","19","1.85","15231"
"Ben Bowden","COL","1","2","6.39","15","0","0","0","0","1","12.2","64","19","11","9","2","6","0","0","0","13","1.97","20198"
"Chad Kuhl","PIT","0","2","6.41","5","5","0","0","0","0","19.2","95","18","17","14","4","16","0","3","3","19","1.73","14975"
"Tommy Milone","TOR","1","0","6.43","6","1","0","0","1","0","14.0","65","20","10","10","3","3","0","0","0","17","1.64","7608"
"Tanner Roark","TOR","0","1","6.43","3","1","0","0","0","0","7.0","31","7","7","5","3","2","0","0","0","5","1.29","8753"
"Deivi Garcia","NYY","0","2","6.48","2","2","0","0","0","0","8.1","38","8","7","6","1","4","0","1","0","7","1.44","20276"
"Dylan Bundy","LAA","0","6","6.49","10","10","0","0","0","0","51.1","222","53","38","37","12","15","0","2","1","53","1.32","12917"
"Mitch Keller","PIT","3","6","6.54","10","10","0","0","0","0","42.2","199","49","31","31","6","23","0","1","2","46","1.69","17594"
"Joey Lucchesi","NYM","1","3","6.56","8","5","0","0","0","0","23.1","100","22","18","17","2","8","0","2","1","27","1.29","19320"
"Yoan Lopez","ARI","0","0","6.57","13","0","0","0","0","3","12.1","61","18","10","9","3","6","2","0","0","13","1.95","17181"
"Kohei Arihara","TEX","2","3","6.59","7","7","0","0","0","0","28.2","127","32","22","21","7","12","0","2","1","17","1.53","27505"
"Matt Harvey","BAL","3","6","6.62","12","12","0","0","0","0","51.2","242","66","43","38","8","17","0","2","1","45","1.61","11713"
"Anthony Kay","TOR","0","2","6.62","5","4","0","0","0","0","17.2","81","19","14","13","3","10","0","3","1","20","1.64","20387"
"Carson Fulmer","CIN","0","0","6.66","20","0","0","0","0","0","25.2","116","26","20","19","3","13","0","3","2","24","1.52","18311"
"Yohan Ramirez","SEA","0","0","6.75","2","0","0","0","0","0","4.0","15","2","3","3","1","2","0","0","0","4","1.00","19444"
"T.J. Zeuch","TOR","0","2","6.75","4","2","0","0","0","0","12.0","57","16","13","9","5","7","0","0","0","6","1.92","19269"
"Jake Odorizzi","HOU","0","2","6.75","4","4","0","0","0","0","13.1","57","13","10","10","3","4","0","0","0","15","1.28","6397"
"Jhoulys Chacin","COL","0","1","6.75","8","1","0","0","0","0","17.1","81","22","13","13","5","9","0","0","0","10","1.79","2608"
"Phil Maton","CLE","1","0","6.75","17","1","0","0","0","0","17.1","77","17","13","13","2","9","0","3","0","26","1.50","18064"
"James Paxton","SEA","0","0","6.75","1","1","0","0","0","0","1.1","5","0","1","1","0","1","0","0","1","2","0.75","11828"
"Dan Altavilla","SDP","0","0","6.75","2","0","0","0","0","0","1.1","5","1","1","1","1","0","0","0","0","2","0.75","16507"
"Travis Lakins","BAL","1","4","6.75","17","0","0","0","0","1","16.0","72","13","13","12","3","12","0","0","3","14","1.56","18600"
"Enoli Paredes","HOU","0","0","6.75","8","0","0","0","0","0","5.1","35","6","8","4","0","11","0","1","0","10","3.19","20447"
"Tyler Zuber","KCR","0","2","6.75","19","0","0","0","0","0","16.0","75","14","13","12","3","13","1","1","1","16","1.69","20379"
"Ryan Helsley","STL","3","3","6.75","24","0","0","0","1","0","21.1","99","22","16","16","1","15","1","0","3","23","1.73","18138"
"Brandon Workman","CHC","0","2","6.75","10","0","0","0","0","0","8.0","43","12","9","6","2","7","0","0","1","11","2.38","11428"
"Blake Taylor","HOU","0","0","6.75","7","0","0","0","0","2","5.1","27","8","5","4","2","2","1","0","0","4","1.88","16418"
"Trevor Cahill","PIT","1","5","6.81","8","8","0","0","0","0","35.2","159","42","29","27","4","11","0","1","2","29","1.49","6249"
"Dean Kremer","BAL","0","5","6.87","9","9","0","0","0","0","38.0","174","47","29","29","11","16","0","0","3","37","1.66","19350"
"Cody Stashak","MIN","0","0","6.89","15","0","0","0","0","0","15.2","75","16","12","12","2","10","0","1","1","26","1.66","18088"
"Austin Brice","BOS","0","0","6.94","12","0","0","0","0","0","11.2","55","12","9","9","2","6","0","4","0","9","1.54","17237"
"Brooks Raley","HOU","2","3","6.95","26","0","0","0","1","0","22.0","98","22","20","17","2","8","0","1","0","30","1.36","10061"
"Wes Benjamin","TEX","0","2","6.97","5","1","0","0","0","1","10.1","48","11","8","8","1","9","0","0","0","11","1.94","19243"
"JoJo Romero","PHI","0","0","7.00","11","0","0","0","0","0","9.0","44","12","8","7","4","4","1","1","0","8","1.78","19574"
"Carlos Hernandez","KCR","1","0","7.04","4","0","0","0","0","0","7.2","40","10","7","6","0","8","1","0","2","11","2.35","22713"
"Joe Smith","HOU","1","1","7.04","20","0","0","0","0","0","15.1","77","26","12","12","3","4","0","3","2","13","1.96","3281"
"Tim Mayza","TOR","1","0","7.04","21","0","0","0","0","2","15.1","68","18","12","12","2","5","0","1","0","17","1.50","15042"
"Eric Yardley","MIL","0","0","7.07","13","0","0","0","0","1","14.0","67","19","11","11","2","7","2","2","1","4","1.86","15538"
"Angel Perdomo","MIL","1","0","7.11","13","0","0","0","0","0","12.2","58","8","10","10","3","12","1","2","1","19","1.58","17759"
"Sam Hentges","CLE","1","1","7.15","8","4","0","0","0","0","22.2","112","32","19","18","5","15","0","0","6","24","2.07","18548"
"Cody Ponce","PIT","0","1","7.20","1","1","0","0","0","0","5.0","23","9","4","4","2","1","0","0","0","2","2.00","17920"
"Jose Quintana","LAA","0","3","7.22","9","9","0","0","0","0","33.2","166","39","31","27","5","26","0","0","4","50","1.93","11423"
"Luis Castillo","CIN","1","8","7.22","11","11","0","0","0","0","52.1","249","70","50","42","8","23","2","3","1","48","1.78","15689"
"Wil Crowe","PIT","0","4","7.26","8","7","0","0","0","0","31.0","145","38","25","25","7","17","0","2","3","28","1.77","19800"
"Brandon Kintzler","PHI","2","1","7.27","19","0","0","0","0","2","17.1","82","27","15","14","5","4","2","1","0","14","1.79","9939"
"Chase Anderson","PHI","2","4","7.34","11","8","0","0","0","0","38.0","176","44","31","31","7","17","1","3","0","29","1.61","6895"
"Matt Moore","PHI","0","1","7.36","9","3","0","0","0","0","18.1","89","24","17","15","5","11","1","0","1","17","1.91","1890"
"Daniel Zamora","SEA","2","0","7.36","3","0","0","0","0","0","3.2","16","5","4","3","1","0","0","0","0","3","1.36","17811"
"Jimmy Lambert","CHW","0","1","7.36","1","1","0","0","0","0","3.2","19","7","3","3","1","1","0","0","0","4","2.18","19541"
"Mac Sceroler","BAL","0","0","7.36","2","0","0","0","0","0","3.2","21","5","3","3","2","3","0","1","1","6","2.18","22218"
"Alex Lange","DET","0","1","7.43","15","0","0","0","0","1","13.1","63","19","13","11","5","4","0","0","5","16","1.73","19883"
"Joe Kelly","LAD","1","0","7.56","9","0","0","0","0","1","8.1","38","10","7","7","2","2","0","0","0","9","1.44","9761"
"Camilo Doval","SFG","1","1","7.59","13","0","0","0","0","3","10.2","50","11","10","9","4","6","2","1","2","13","1.59","21992"
"Andre Scrubb","HOU","1","1","7.62","13","0","0","0","0","2","13.0","62","14","11","11","5","10","0","0","2","12","1.85","20329"
"Daniel Ponce de Leon","STL","1","1","7.64","11","2","0","0","2","0","17.2","86","19","16","15","3","10","1","5","1","10","1.64","16110"
"Mike Fiers","OAK","0","2","7.71","2","2","0","0","0","0","9.1","45","15","8","8","4","4","0","0","0","5","2.04","7754"
"Elieser Hernandez","MIA","0","0","7.71","1","1","0","0","0","0","2.1","9","2","2","2","1","0","0","0","0","3","0.86","16933"
"Jon Duplantier","ARI","0","0","7.71","1","1","0","0","0","0","4.2","25","7","4","4","1","2","0","1","0","5","1.93","19546"
"Sean Poppen","PIT","0","0","7.71","3","0","0","0","0","0","4.2","26","11","7","4","1","2","0","1","0","4","2.79","19583"
"Tyler Ivey","HOU","0","0","7.71","1","1","0","0","0","0","4.2","20","6","4","4","1","1","0","0","1","3","1.50","20237"
"Nick Nelson","NYY","0","2","7.84","7","1","0","0","0","0","10.1","50","11","10","9","0","7","0","1","3","17","1.74","20153"
"Jordan Zimmermann","MIL","0","0","7.94","2","0","0","0","0","0","5.2","26","8","5","5","1","2","0","1","0","0","1.76","4505"
"Kyle Cody","TEX","0","2","7.94","7","0","0","0","0","0","11.1","55","16","11","10","3","2","0","3","1","14","1.59","19686"
"Brett De Geus","TEX","0","0","7.97","15","0","0","0","0","0","20.1","96","23","18","18","2","11","0","4","2","17","1.67","23592"
"Ljay Newsome","SEA","1","1","7.98","7","1","0","0","0","0","14.2","69","20","14","13","5","3","1","0","1","16","1.57","19942"
"Adam Kolarek","OAK","0","0","8.00","12","0","0","0","0","0","9.0","51","15","10","8","2","5","0","1","1","4","2.22","10843"
"Luis Oviedo","PIT","1","1","8.10","11","0","0","0","0","0","16.2","79","19","16","15","3","11","1","0","0","15","1.80","21728"
"Kyle Keller","PIT","0","0","8.10","3","0","0","0","0","0","3.1","15","2","3","3","2","3","0","0","0","4","1.50","18890"
"Jason Adam","CHC","0","0","8.22","9","0","0","0","0","0","7.2","40","9","7","7","1","6","0","3","0","13","1.96","11861"
"Nick Margevicius","SEA","0","2","8.25","5","3","0","0","0","0","12.0","60","13","16","11","2","7","0","1","2","12","1.67","20395"
"Brent Honeywell","TBR","0","0","8.31","3","2","0","0","0","0","4.1","21","5","4","4","2","3","0","0","0","4","1.85","16466"
"J.B. Bukauskas","ARI","1","1","8.31","11","0","0","0","0","0","8.2","41","14","8","8","1","2","0","0","0","8","1.85","20491"
"Cionel Perez","CIN","1","2","8.31","18","0","0","0","0","0","17.1","84","17","18","16","3","18","1","0","1","13","2.02","19614"
"Jose De Leon","CIN","0","1","8.35","9","2","0","0","0","0","18.1","91","22","17","17","4","11","0","2","3","33","1.80","15463"
"Jesse Biddle","ATL","0","0","8.44","8","0","0","0","0","0","10.2","51","10","10","10","1","8","0","2","4","11","1.69","11437"
"Justin Lawrence","COL","0","0","8.44","7","0","0","0","0","0","5.1","28","9","5","5","0","4","0","0","2","6","2.44","17639"
"Chris Mazza","TBR","0","0","8.49","6","0","0","0","0","0","11.2","49","16","11","11","1","4","1","0","1","3","1.71","14151"
"Derek Law","MIN","0","0","8.53","5","0","0","0","0","0","6.1","35","11","6","6","2","6","0","0","1","9","2.68","13133"
"Shawn Armstrong","BAL","0","0","8.55","20","0","0","0","0","1","20.0","100","28","20","19","5","10","0","1","0","22","1.90","12857"
"Andrew Miller","STL","0","0","8.59","9","0","0","0","0","0","7.1","38","12","7","7","2","4","0","1","0","8","2.18","6785"
"Chris Devenski","ARI","1","0","8.59","8","0","0","0","1","2","7.1","35","11","7","7","2","2","0","1","0","5","1.77","12763"
"Lucas Gilbreath","COL","0","0","8.64","9","0","0","0","0","0","8.1","40","11","8","8","3","4","0","0","1","8","1.80","21290"
"Paul Campbell","MIA","0","2","8.74","5","1","0","0","0","0","11.1","61","19","14","11","1","6","0","2","2","13","2.21","22248"
"Matt Bush","TEX","0","0","9.00","3","0","0","0","0","0","3.0","14","4","3","3","3","1","0","0","0","4","1.67","1246"
"Dellin Betances","NYM","0","0","9.00","1","0","0","0","0","0","1.0","5","0","1","1","0","1","0","1","0","1","1.00","6216"
"Zack Godley","MIL","0","1","9.00","1","1","0","0","0","0","3.0","16","1","4","3","0","5","0","1","2","5","2.00","14862"
"Stevie Wilkerson","BAL","0","0","9.00","1","0","0","0","0","0","1.0","5","2","1","1","1","0","0","0","0","0","2.00","16041"
"Yermin Mercedes","CHW","0","0","9.00","1","0","0","0","0","0","1.0","7","3","1","1","0","2","0","0","0","0","5.00","17423"
"Shaun Anderson","MIN","0","0","9.00","3","0","0","0","0","0","5.0","29","9","8","5","1","3","0","1","0","6","2.40","19453"
"Bernardo Flores Jr.","STL","0","0","9.00","1","0","0","0","0","0","0.0","3","1","1","1","0","2","0","0","0","0","3.00","19561"
"Corbin Martin","ARI","0","2","9.00","2","2","0","0","0","0","9.0","43","9","9","9","3","7","0","0","0","8","1.78","19884"
"Bailey Falter","PHI","0","0","9.00","1","0","0","0","0","0","2.0","9","4","2","2","1","0","0","0","0","2","2.00","20070"
"Brooks Kriske","NYY","0","0","9.00","1","0","0","0","0","0","1.0","6","1","1","1","1","2","0","0","0","1","3.00","21189"
"Bailey Ober","MIN","0","0","9.00","1","1","0","0","0","0","4.0","20","5","4","4","2","1","0","1","0","4","1.50","21224"
"Braxton Garrett","MIA","0","0","9.00","1","0","0","0","0","0","3.0","13","3","3","3","0","1","0","1","0","2","1.33","21844"
"Derek Holland","DET","1","1","9.00","12","1","0","0","0","0","14.0","69","18","14","14","2","7","0","0","0","18","1.79","4141"
"Brandon Waddell","- - -","0","1","9.00","5","0","0","0","0","0","5.0","29","10","6","5","2","4","0","0","0","1","2.80","18347"
"Will Harris","WSN","0","1","9.00","8","0","0","0","0","0","6.0","30","7","6","6","1","3","0","0","0","9","1.67","3192"
"Logan Allen","CLE","1","4","9.19","5","5","0","0","0","0","15.2","75","20","18","16","7","7","0","2","2","12","1.72","18555"
"Seth Frankoff","ARI","0","2","9.22","3","3","0","0","0","0","13.2","68","17","14","14","3","9","0","2","3","11","1.90","11346"
"Tanner Rainey","WSN","0","2","9.42","19","0","0","0","0","1","14.1","73","16","16","15","3","14","1","0","0","20","2.09","17610"
"Wade LeBlanc","BAL","0","1","9.45","6","1","0","0","0","0","6.2","33","11","7","7","1","1","0","1","2","6","1.80","5221"
"Amir Garrett","CIN","0","1","9.56","19","0","0","0","2","2","16.0","74","17","17","17","7","12","2","0","1","17","1.81","14375"
"Anthony Swarzak","ARI","0","1","9.64","6","0","0","0","0","0","4.2","21","7","5","5","1","1","0","0","0","4","1.71","7466"
"Jeremy Beasley","TOR","0","1","9.64","4","0","0","0","0","0","4.2","23","5","6","5","2","4","2","0","0","7","1.93","20205"
"Josh Lindblom","MIL","0","0","9.72","8","0","0","0","0","0","16.2","85","23","18","18","5","10","0","3","3","17","1.98","7882"
"Alex Blandino","CIN","0","0","9.82","4","0","0","0","0","0","3.2","18","4","5","4","1","4","0","0","0","1","2.18","16271"
"Hector Santiago","SEA","0","0","10.13","1","0","0","0","0","0","2.2","12","3","3","3","0","1","0","0","0","2","1.50","4026"
"Joe Jimenez","DET","0","0","10.13","10","0","0","0","0","0","8.0","42","5","9","9","1","12","0","2","2","12","2.13","15761"
"Jaime Barria","LAA","0","0","10.50","2","0","0","0","0","0","6.0","28","7","7","7","0","5","0","0","0","1","2.00","18356"
"Wyatt Mills","SEA","0","0","10.80","8","0","0","0","0","0","8.1","44","13","10","10","1","6","0","1","1","8","2.28","20010"
"Nate Pearson","TOR","0","1","11.57","1","1","0","0","0","0","2.1","16","4","3","3","0","5","0","0","0","0","3.86","20160"
"Aaron Fletcher","SEA","0","0","12.27","4","0","0","0","0","0","3.2","20","7","5","5","1","1","0","0","0","2","2.18","22052"
"Yency Almonte","COL","1","1","12.56","18","0","0","0","0","2","14.1","73","19","20","20","5","12","0","2","2","12","2.16","15068"
"Luis Avilan","WSN","0","1","12.60","4","0","0","0","0","0","5.0","27","7","7","7","1","3","0","1","0","4","2.00","2882"
"Buck Farmer","DET","0","0","12.66","12","0","0","0","0","1","10.2","56","15","15","15","6","9","0","0","1","10","2.25","14814"
"Tyler Webb","STL","0","0","13.22","22","0","0","0","0","0","16.1","92","22","26","24","1","19","1","0","1","14","2.51","14974"
"Mike Kickham","LAD","0","0","13.50","1","0","0","0","0","0","2.0","12","5","3","3","1","1","0","1","0","2","3.00","11618"
"Brady Lail","SEA","0","0","13.50","2","0","0","0","0","0","2.0","10","4","3","3","1","0","0","0","0","1","2.00","14707"
"Enyel De Los Santos","PHI","0","1","13.50","3","0","0","0","0","1","2.0","11","3","4","3","0","1","0","1","1","2","2.00","18403"
"Geoff Hartlieb","PIT","0","0","13.50","1","0","0","0","0","0","2.0","11","2","3","3","0","3","0","1","0","2","2.50","19558"
"Jesse Hahn","KCR","0","0","13.50","5","0","0","0","1","2","3.1","19","5","5","5","2","4","0","1","1","3","2.70","13287"
"Jay Flaa","- - -","0","0","13.50","2","0","0","0","0","0","2.2","13","3","4","4","2","3","0","0","0","3","2.25","18140"
"Isaac Mattson","BAL","0","0","13.50","1","0","0","0","0","0","0.2","4","1","1","1","0","1","0","0","0","0","3.00","20385"
"Alec Bettinger","MIL","0","1","14.00","3","1","0","0","0","0","9.0","46","16","14","14","3","3","0","1","1","5","2.11","20312"
"Luis Madero","MIA","0","0","15.00","2","0","0","0","0","0","3.0","16","6","5","5","1","1","0","0","0","1","2.33","20399"
"Trevor Hildenberger","NYM","0","0","15.43","2","0","0","0","0","0","2.1","14","3","4","4","1","3","0","1","1","4","2.57","17002"
"Daniel Lynch","KCR","0","2","15.75","3","3","0","0","0","0","8.0","46","18","15","14","1","5","0","0","0","7","2.88","21537"
"Jake Newberry","KCR","0","0","16.62","4","0","0","0","0","0","4.1","24","10","8","8","2","3","0","0","1","5","3.00","15136"
"Darin Ruf","SFG","0","0","18.00","1","0","0","0","0","0","1.0","6","3","2","2","0","0","0","0","0","0","3.00","9929"
"Anthony Bemboom","LAA","0","0","18.00","1","0","0","0","0","0","1.0","7","3","2","2","1","0","0","0","0","0","3.00","13854"
"Stephen Tarpley","NYM","0","0","18.00","1","0","0","0","0","0","0.0","4","1","2","2","0","2","0","1","0","0","3.00","15859"
"Luis Guillorme","NYM","0","0","18.00","1","0","0","0","0","0","1.0","7","3","2","2","0","1","0","0","0","0","4.00","16451"
"Ralph Garza","HOU","0","1","18.00","1","0","0","0","0","0","1.0","6","2","3","2","1","1","1","0","0","1","3.00","17682"
"Zac Lowther","BAL","0","1","18.90","2","1","0","0","0","0","3.1","20","8","7","7","1","2","0","0","0","4","3.00","20243"
"Elijah Morgan","CLE","0","1","20.25","1","1","0","0","0","0","2.2","17","8","6","6","1","2","0","0","0","1","3.75","20203"
"Carl Edwards Jr.","- - -","0","0","20.25","2","0","0","0","0","0","1.1","9","4","3","3","1","1","0","0","1","1","3.75","13607"
"Brusdar Graterol","LAD","0","0","20.25","3","0","0","0","0","1","1.1","9","3","3","3","0","2","0","0","0","1","3.75","20367"
"Gregory Santos","SFG","0","2","22.50","3","0","0","0","0","0","2.0","13","5","6","5","3","2","0","0","0","3","3.50","21894"
"David Peralta","ARI","0","0","27.00","1","0","0","0","0","0","1.0","9","4","3","3","1","0","0","1","0","1","4.00","2136"
"Jonathan Stiever","CHW","0","0","27.00","1","0","0","0","0","0","0.0","4","4","3","3","0","0","0","0","0","0","4.00","24584"
"Chaz Roe","TBR","0","0","27.00","1","0","0","0","0","0","0.2","4","1","2","2","0","1","0","0","0","2","3.00","9866"
"Ryan Sherriff","TBR","0","0","27.00","1","0","0","0","0","1","0.1","3","2","1","1","0","0","0","0","0","0","6.00","12249"
"Shelby Miller","CHC","0","0","31.50","3","0","0","0","0","0","2.0","18","7","7","7","0","5","0","0","0","1","6.00","10197"
"Colten Brewer","BOS","0","0","36.00","1","0","0","0","0","0","1.0","9","4","4","4","0","3","0","0","0","1","7.00","12997"
"Felix Pena","LAA","0","0","37.80","2","0","0","0","0","0","1.2","16","7","7","7","0","4","0","0","1","2","6.60","13403"
"Shawn Morimando","MIA","0","0","54.00","1","0","0","0","0","0","0.2","7","4","4","4","1","1","0","0","0","0","7.50","13606"
"Wilmer Difo","PIT","0","0","72.00","1","0","0","0","0","0","1.0","12","6","8","8","1","3","0","0","0","1","9.00","14320"
