"Player","Team","Positions","IP","SO","W","SV","ERA","WHIP","ER","H","BB","HR","G","GS","L","CG"
"Gerrit Cole","NYY","SP","201.5","227","14","0","3.73","1.15","84","178","54","30","32","32","10","0"
"Spencer Strider","ATL","SP,RP","185.0","257","15","0","3.16","1.08","65","138","62","21","31","31","7","0"
"Corbin Burnes","MIL","SP","198.5","221","12","0","3.70","1.21","82","177","63","25","32","32","11","0"
"Zack Wheeler","PHI","SP","198.5","202","13","0","3.56","1.15","79","180","48","24","32","32","10","0"
"Luis Castillo","SEA","SP","196.0","208","12","0","3.60","1.19","79","175","59","25","32","32","11","0"
"Kevin Gausman","TOR","SP","194.5","224","13","0","3.49","1.14","76","169","52","25","32","32","10","0"
"Zac Gallen","ARI","SP","197.5","204","12","0","3.85","1.22","85","187","55","24","32","32","11","0"
"George Kirby","SEA","SP","192.5","185","12","0","3.58","1.12","77","182","33","25","32","32","11","0"
"Pablo Lopez","MIN","SP","194.5","217","13","0","3.52","1.16","76","173","54","23","32","32","10","0"
"Emmanuel Clase","CLE","RP","66.0","68","4","33","3.14","1.17","23","59","18","6","66","0","3","0"
"Devin Williams","MIL","RP","66.0","90","4","29","3.14","1.18","23","48","30","6","66","0","3","0"
"Josh Hader","","RP","62.0","86","3","0","3.34","1.16","23","45","27","7","62","0","3","0"
"Max Fried","ATL","SP","185.0","177","14","0","3.55","1.23","73","181","46","20","31","31","8","0"
"Tyler Glasnow","TB","SP","164.0","207","12","0","3.24","1.12","59","131","52","17","28","28","8","0"
"Freddy Peralta","MIL","SP","165.0","198","11","0","3.65","1.18","67","137","57","22","29","29","9","0"
"Aaron Nola","PHI","SP","196.5","204","13","0","3.78","1.16","83","183","45","28","32","32","10","0"
"Logan Webb","SF","SP","202.5","183","12","0","3.53","1.23","80","205","45","18","32","32","11","0"
"Framber Valdez","HOU","SP","195.0","198","14","0","3.37","1.24","73","179","63","17","31","31","8","0"
"Jordan Romano","TOR","RP","66.0","76","3","32","3.68","1.23","27","56","25","8","66","0","3","0"
"Tarik Skubal","DET","SP","171.0","198","11","0","3.32","1.13","63","148","46","20","29","29","9","0"
"Eury Perez","MIA","SP","132.0","147","8","0","4.09","1.23","60","117","45","19","24","24","8","0"
"Grayson Rodriguez","BAL","SP","166.0","181","11","0","3.58","1.21","66","144","57","20","29","29","9","0"
"Logan Gilbert","SEA","SP","188.0","187","11","0","3.85","1.17","81","176","44","27","32","32","11","0"
"Zach Eflin","TB","SP,RP","184.0","178","12","0","3.62","1.14","74","175","35","23","31","31","9","0"
"Walker Buehler","LAD","SP","157.0","148","10","0","4.36","1.29","76","156","47","24","26","26","9","0"
"David Bednar","PIT","RP","68.0","79","4","33","3.57","1.21","27","58","24","8","68","0","3","0"
"Joe Ryan","MIN","SP","179.0","197","11","0","4.02","1.17","80","161","48","28","31","31","10","0"
"Kodai Senga","NYM","SP","187.0","216","12","0","3.75","1.28","78","161","79","22","31","31","10","0"
"Bobby Miller","LAD","SP","167.0","166","11","0","3.99","1.25","74","159","50","22","28","28","9","0"
"Jesus Luzardo","MIA","SP","181.0","206","11","0","3.73","1.23","75","160","63","23","31","31","10","0"
"Raisel Iglesias","ATL","RP","66.0","77","4","31","3.55","1.17","26","58","19","8","66","0","3","0"
"Ryan Pressly","HOU","RP","64.0","72","4","30","3.38","1.19","24","57","19","7","64","0","3","0"
"Alexis Diaz","CIN","RP","68.0","81","3","31","4.37","1.35","33","58","34","10","68","0","3","0"
"Camilo Doval","SF","RP","66.0","79","3","35","3.27","1.24","24","55","27","6","66","0","3","0"
"Joe Musgrove","SD","SP","177.0","173","11","0","3.86","1.21","76","166","48","23","29","29","10","0"
"Justin Steele","CHC","SP","181.0","174","12","0","3.68","1.25","74","171","55","20","31","31","10","0"
"Cole Ragans","KC","RP,SP","177.0","186","11","0","3.92","1.33","77","160","75","21","29","29","10","0"
"Jhoan Duran","MIN","RP","66.0","91","4","28","2.59","1.12","19","49","25","4","66","0","3","0"
"Ryan Helsley","STL","RP","65.0","85","4","30","3.18","1.18","23","49","28","7","65","0","3","0"
"Kyle Bradish","BAL","SP","181.0","178","11","0","3.88","1.26","78","171","57","22","31","31","10","0"
"Chris Bassitt","TOR","SP","195.0","174","12","0","4.22","1.29","92","192","60","28","32","32","11","0"
"Clay Holmes","NYY","RP","66.0","69","4","32","3.27","1.27","24","59","25","5","66","0","3","0"
"Pete Fairbanks","TB","RP","66.0","90","4","30","3.00","1.12","22","48","26","6","66","0","3","0"
"Paul Sewald","ARI","RP","66.0","75","3","27","3.95","1.26","29","57","26","9","66","0","3","0"
"Andres Munoz","SEA","RP","64.0","85","4","25","2.81","1.13","20","48","24","6","64","0","3","0"
"Evan Phillips","LAD","RP","66.0","76","4","29","3.55","1.21","26","58","22","8","66","0","3","0"
"Kenley Jansen","BOS","RP","64.0","76","3","31","4.08","1.25","29","54","26","9","64","0","3","0"
"Shane Baz","TB","SP","115.0","126","8","0","3.68","1.18","47","101","35","15","25","19","6","0"
"Bryce Miller","SEA","SP","143.0","130","8","0","4.28","1.25","68","141","38","23","26","26","9","0"
"Jose Leclerc","TEX","RP","66.0","73","3","27","4.23","1.33","31","58","30","10","66","0","3","0"
"Bryan Woo","SEA","SP","136.0","143","8","0","3.97","1.22","60","121","45","19","42","21","8","0"
"Alex Lange","DET","RP","64.0","72","3","21","3.94","1.41","28","56","34","6","64","0","3","0"
"Craig Kimbrel","BAL","RP","66.0","81","3","25","3.68","1.21","27","53","27","8","66","0","3","0"
"Lucas Giolito","","SP","164.0","170","10","0","4.34","1.30","79","153","60","25","29","29","10","0"
"Kyle Finnegan","WSH","RP","66.0","66","3","21","3.95","1.32","29","61","26","8","66","0","3","0"
"Lance Lynn","STL","SP","176.0","161","11","0","4.35","1.29","85","172","55","27","31","31","10","0"
"Scott Barlow","CLE","RP","64.0","69","3","2","3.80","1.28","27","57","25","8","64","0","3","0"
"Alek Manoah","TOR","SP","126.0","115","7","0","4.71","1.39","66","123","52","20","23","23","8","0"
"David Robertson","","RP","62.0","68","3","0","4.06","1.32","28","55","27","8","62","0","3","0"
"Giovanny Gallegos","STL","RP","68.0","71","4","3","3.97","1.22","30","62","21","10","68","0","3","0"
"Taylor Rogers","SF","RP","63.0","73","3","2","3.57","1.24","25","55","23","7","63","0","3","0"
"Seranthony Dominguez","PHI","RP","70.0","75","4","2","3.99","1.31","31","62","30","9","70","0","3","0"
"Daniel Bard","COL","RP","63.0","58","3","3","5.43","1.62","38","65","37","9","63","0","4","0"
"Hayden Wesneski","CHC","RP,SP","90.0","82","5","0","4.40","1.32","44","88","31","13","39","11","6","0"
"Jorge Lopez","NYM","RP","51.0","48","3","0","4.06","1.33","23","49","19","6","51","0","2","0"
"Dylan Floro","","RP","50.0","44","2","0","4.14","1.34","23","50","17","6","50","0","2","0"
"Blake Snell","","SP","171.0","215","11","0","3.63","1.27","69","139","79","20","31","31","9","0"
"Tanner Bibee","CLE","SP","164.0","157","9","0","4.23","1.27","77","155","53","25","28","28","10","0"
"Tanner Scott","MIA","RP","66.0","87","4","28","3.00","1.23","22","51","30","5","66","0","3","0"
"Justin Verlander","HOU","SP","178.0","168","11","0","4.20","1.22","83","171","46","28","29","29","9","0"
"Max Scherzer","TEX","SP","174.0","196","11","0","4.03","1.17","78","157","46","29","29","29","9","0"
"Sonny Gray","STL","SP","180.0","172","12","0","3.85","1.27","77","170","59","20","31","31","9","0"
"Mitch Keller","PIT","SP","191.0","179","11","0","4.22","1.32","90","186","67","23","32","32","12","0"
"Jordan Montgomery","","SP","189.0","172","12","0","3.93","1.26","83","186","52","24","32","32","11","0"
"Carlos Carrasco","","SP","128.0","102","7","0","4.71","1.41","67","136","44","19","24","24","9","0"
"Braxton Garrett","MIA","SP","164.0","153","10","0","3.95","1.27","72","163","45","20","29","29","10","0"
"Edwin Diaz","NYM","RP","64.0","96","4","35","2.81","1.05","20","44","23","6","64","0","3","0"
"Bailey Ober","MIN","SP","155.0","151","9","0","4.30","1.23","74","152","38","25","28","28","9","0"
"Hunter Greene","CIN","SP","168.0","207","10","0","4.23","1.26","79","145","66","28","29","29","10","0"
"Merrill Kelly","ARI","SP","185.0","176","11","0","4.18","1.34","86","181","66","24","31","31","11","0"
"Dylan Cease","CWS","SP","178.0","201","10","0","4.15","1.31","82","157","76","26","31","31","11","0"
"Michael King","SD","RP,SP","144.0","147","9","0","3.88","1.29","62","130","56","18","40","23","8","0"
"Carlos Rodon","NYY","SP","166.0","198","12","0","3.80","1.16","70","140","53","24","29","29","8","0"
"Nathan Eovaldi","TEX","SP","174.0","159","11","0","4.19","1.28","81","175","48","25","29","29","10","0"
"Jose Berrios","TOR","SP","179.0","168","11","0","4.17","1.26","83","175","50","26","31","31","10","0"
"Eduardo Rodriguez","ARI","SP","177.0","169","11","0","3.97","1.31","78","172","59","21","31","31","10","0"
"Nick Pivetta","BOS","RP,SP","170.0","185","10","0","4.45","1.33","84","159","67","26","29","29","10","0"
"Shane Bieber","CLE","SP","193.0","181","11","0","3.92","1.25","84","189","53","25","31","31","11","0"
"Hunter Brown","HOU","SP,RP","149.0","157","10","0","3.81","1.29","63","136","56","16","32","26","8","0"
"Gavin Williams","CLE","SP","143.0","147","9","0","4.28","1.31","68","130","58","21","26","26","9","0"
"Cristian Javier","HOU","SP,RP","162.0","173","10","0","4.67","1.31","84","149","63","29","29","29","10","0"
"Triston McKenzie","CLE","SP","150.0","150","8","0","4.44","1.30","74","140","55","25","26","26","10","0"
"Chris Sale","BOS","SP","144.0","160","9","0","3.94","1.22","63","130","45","20","26","26","8","0"
"Charlie Morton","ATL","SP","165.0","179","12","0","4.20","1.34","77","153","68","21","29","29","8","0"
"Ryan Pepiot","LAD","RP,SP","141.0","137","8","0","4.79","1.36","75","138","54","25","24","24","9","0"
"Brandon Pfaadt","ARI","SP","142.0","129","9","0","4.44","1.26","70","140","39","22","26","26","9","0"
"Adbert Alzolay","CHC","RP","67.0","73","3","31","3.63","1.18","27","60","19","8","67","0","3","0"
"Yu Darvish","SD","SP","175.0","175","11","0","4.17","1.21","81","163","49","27","29","29","10","0"
"Aaron Civale","TB","SP","154.0","148","10","0","4.15","1.25","71","149","43","22","28","28","9","0"
"Yennier Cano","BAL","RP","64.0","61","3","4","3.66","1.30","26","60","23","6","64","0","3","0"
"Kutter Crawford","BOS","SP,RP","137.0","129","8","0","4.73","1.32","72","137","44","23","26","26","9","0"
"Michael Wacha","","SP","153.0","135","9","0","4.59","1.32","78","157","45","25","28","28","10","0"
"Brayan Bello","BOS","SP","169.0","146","10","0","4.26","1.38","80","176","57","19","29","29","10","0"
"MacKenzie Gore","WSH","SP","152.0","160","9","0","4.14","1.33","70","138","64","21","28","28","10","0"
"Carlos Estevez","LAA","RP","66.0","71","3","23","4.23","1.32","31","60","27","10","66","0","3","0"
"Andrew Abbott","CIN","SP","156.0","170","9","0","4.38","1.32","76","144","62","26","28","28","9","0"
"Jose Alvarado","PHI","RP","74.0","97","4","23","3.04","1.23","25","55","36","6","74","0","3","0"
"Nick Lodolo","CIN","SP","130.0","153","8","0","3.81","1.22","55","114","45","17","34","21","7","0"
"Robert Suarez","SD","RP","65.0","69","3","29","3.74","1.26","27","57","25","8","65","0","3","0"
"Reese Olson","DET","SP","150.0","142","9","0","4.20","1.34","70","145","56","19","26","26","9","0"
"Jon Gray","TEX","SP","163.0","159","10","0","4.36","1.31","79","159","55","24","29","29","10","0"
"Reid Detmers","LAA","SP","177.0","191","11","0","4.22","1.29","83","161","68","26","31","31","11","0"
"Cristopher Sanchez","PHI","SP,RP","139.0","119","9","0","4.08","1.36","63","139","50","16","36","23","8","0"
"John Means","BAL","SP","135.0","109","8","0","4.40","1.25","66","137","32","23","29","23","8","0"
"Mason Miller","OAK","SP","81.0","109","4","17","3.11","1.12","28","60","31","8","66","3","4","0"
"Miles Mikolas","STL","SP","184.0","132","11","0","4.50","1.30","92","199","41","28","31","31","11","0"
"Marcus Stroman","","SP","187.5","156","11","0","4.10","1.36","86","193","63","21","32","32","11","0"
"Dane Dunning","TEX","RP,SP","152.0","130","9","0","4.56","1.41","77","159","55","21","28","28","10","0"
"Emmet Sheehan","LAD","SP","142.0","159","9","0","4.37","1.32","69","126","61","23","40","23","8","0"
"Kyle Harrison","SF","SP","136.0","151","8","0","4.17","1.35","63","121","62","18","24","24","9","0"
"Taj Bradley","TB","SP","130.0","135","8","0","4.02","1.24","58","118","43","19","51","18","7","0"
"Dean Kremer","BAL","SP","176.0","153","10","0","4.45","1.32","87","177","56","27","31","31","11","0"
"Kenta Maeda","DET","SP","158.0","161","9","0","4.10","1.23","72","150","44","23","40","26","10","0"
"Logan Allen","CLE","SP","143.0","133","9","0","4.22","1.34","67","137","54","20","26","26","9","0"
"Yusei Kikuchi","TOR","SP,RP","156.0","162","10","0","4.04","1.26","70","141","56","23","29","29","9","0"
"Luis Severino","NYM","SP","141.0","135","9","0","4.34","1.31","68","138","47","21","26","26","9","0"
"Ranger Suarez","PHI","SP","155.0","135","10","0","4.01","1.36","69","153","58","18","28","28","9","0"
"Edward Cabrera","MIA","SP","139.0","153","8","0","4.14","1.39","64","123","70","16","26","26","9","0"
"James McArthur","KC","RP,SP","66.0","60","3","16","4.09","1.32","30","65","22","8","66","0","3","0"
"Matt Brash","SEA","SP,RP","63.0","82","3","7","3.00","1.17","21","47","27","6","63","0","3","0"
"Seth Lugo","","RP,SP","156.0","143","9","0","4.21","1.30","73","156","47","22","28","28","10","0"
"Bryan Abreu","HOU","RP","67.0","89","4","3","3.22","1.19","24","51","29","7","67","0","3","0"
"Hunter Harvey","WSH","RP","64.0","70","3","13","3.66","1.20","26","56","21","8","64","0","3","0"
"Jordan Hicks","","SP,RP","66.0","79","4","0","3.27","1.29","24","54","31","5","66","0","3","0"
"Jameson Taillon","CHC","SP","164.0","141","9","0","4.61","1.30","84","169","44","27","29","29","11","0"
"Aroldis Chapman","","RP","60.0","91","3","0","2.85","1.20","19","39","33","5","60","0","2","0"
"Jason Adam","TB","RP","64.0","76","3","3","3.52","1.17","25","52","23","7","64","0","3","0"
"Griffin Canning","LAA","SP","144.0","148","9","0","4.19","1.28","67","137","47","22","26","26","9","0"
"Sawyer Gipson-Long","DET","SP","124.0","111","7","0","4.28","1.29","59","124","36","17","42","18","8","0"
"Taijuan Walker","PHI","SP","175.0","136","10","0","4.73","1.41","92","182","64","27","31","31","11","0"
"Clayton Kershaw","","SP","91.0","91","6","0","3.66","1.21","37","85","25","11","16","16","5","0"
"Louie Varland","MIN","RP,SP","136.0","129","8","0","4.10","1.27","62","133","40","19","53","18","8","0"
"Tyler Wells","BAL","RP,SP","69.0","70","4","1","4.04","1.19","31","64","18","11","62","2","3","0"
"Bryce Elder","ATL","SP","147.0","115","9","0","4.71","1.46","77","161","54","19","26","26","8","0"
"Chase Silseth","LAA","RP,SP","124.0","120","7","0","4.28","1.37","59","119","51","17","31","21","8","0"
"Robert Stephenson","","RP","61.0","72","3","0","3.84","1.21","26","52","22","8","61","0","3","0"
"Josiah Gray","WSH","SP","177.0","161","8","0","5.19","1.46","102","178","80","32","31","31","13","0"
"Frankie Montas","","RP,SP","128.0","122","8","0","4.08","1.28","58","123","41","17","23","23","8","0"
"Matt Manning","DET","SP","133.0","100","7","0","4.80","1.41","71","142","46","20","24","24","9","0"
"A.J. Puk","MIA","RP","63.0","72","3","2","3.57","1.19","25","54","21","7","63","0","3","0"
"Ricky Tiedemann","TOR","SP","55.0","57","3","0","4.09","1.33","25","50","23","7","10","10","3","0"
"Steven Matz","STL","SP,RP","118.0","111","8","0","3.89","1.25","51","112","35","15","31","19","6","0"
"Patrick Sandoval","LAA","SP","166.0","154","10","0","4.12","1.39","76","159","71","20","29","29","10","0"
"Mike Clevinger","","SP","144.0","125","8","0","4.81","1.33","77","146","46","24","26","26","10","0"
"DL Hall","BAL","RP","62.0","80","3","2","3.05","1.19","21","48","26","6","62","0","3","0"
"Kevin Ginkel","ARI","RP","64.0","69","3","7","3.80","1.28","27","57","25","7","64","0","3","0"
"Andrew Heaney","TEX","RP,SP","147.0","155","9","0","4.29","1.27","70","136","51","23","36","26","9","0"
"Zack Littell","TB","RP,SP","146.0","117","8","0","4.68","1.34","76","152","44","24","36","24","9","0"
"Gregory Santos","CWS","RP","64.0","64","3","18","3.80","1.33","27","59","26","7","64","0","3","0"
"Will Smith","","RP","56.0","56","3","0","4.50","1.36","28","53","23","9","56","0","3","0"
"Clarke Schmidt","NYY","SP,RP","150.0","130","10","0","4.38","1.33","73","149","50","22","28","28","9","0"
"Abner Uribe","MIL","RP","57.0","74","3","0","3.47","1.32","22","44","31","5","57","0","3","0"
"AJ Smith-Shawver","ATL","SP","100.0","103","6","0","4.68","1.42","52","96","46","16","41","13","6","0"
"Graham Ashcraft","CIN","SP","171.0","133","9","0","4.79","1.44","91","186","60","25","29","29","11","0"
"Trevor Rogers","MIA","SP","131.0","131","8","0","4.05","1.29","59","123","46","17","24","24","8","0"
"Orion Kerkering","PHI","RP,SP","64.0","71","3","1","3.80","1.25","27","55","25","8","64","0","3","0"
"Hector Neris","","RP","70.0","76","3","0","4.11","1.29","32","62","28","9","70","0","3","0"
"Garrett Whitlock","BOS","SP,RP","68.0","71","4","1","3.71","1.16","28","64","15","9","68","0","3","0"
"James Paxton","","SP","142.0","147","9","0","3.99","1.26","63","130","49","20","26","26","8","0"
"Alex Cobb","SF","SP","89.0","81","6","0","3.74","1.28","37","90","24","8","16","16","5","0"
"Aaron Ashby","MIL","SP,RP","68.0","80","4","0","3.31","1.25","25","56","29","6","53","3","3","0"
"Lucas Erceg","OAK","RP","66.0","78","3","7","3.55","1.30","26","54","32","7","66","0","3","0"
"Cade Horton","CHC","SP","28.0","25","2","0","4.50","1.36","14","28","10","4","5","5","2","0"
"JP Sears","OAK","SP,RP","170.0","155","9","0","4.34","1.27","82","162","54","27","29","29","11","0"
"Sean Manaea","","RP,SP","151.0","148","9","0","4.23","1.30","71","145","51","22","28","28","9","0"
"Jose Quintana","NYM","SP","168.0","142","10","0","4.29","1.37","80","171","59","22","29","29","10","0"
"Justin Lawrence","COL","RP","66.0","66","3","21","4.50","1.45","33","65","31","8","66","0","3","0"
"Javier Assad","CHC","RP,SP","137.0","110","7","0","4.73","1.43","72","142","54","20","41","21","9","0"
"Tylor Megill","NYM","SP,RP","142.0","123","8","0","4.69","1.39","74","146","52","22","26","26","9","0"
"Jack Flaherty","","SP","150.0","145","9","0","4.38","1.37","73","145","60","21","28","28","10","0"
"Jose Urquidy","HOU","RP,SP","91.0","77","5","0","4.65","1.29","47","93","24","16","54","8","5","0"
"Kyle Hendricks","CHC","SP","158.0","111","8","0","4.78","1.36","84","175","40","25","28","28","11","0"
"Gavin Stone","LAD","SP","109.0","102","7","0","4.38","1.35","53","106","41","16","28","18","6","0"
"Max Meyer","MIA","SP","110.0","98","6","0","4.34","1.36","53","110","40","14","19","19","7","0"
"Robert Gasser","MIL","SP","104.0","96","6","0","4.50","1.32","52","101","36","17","28","16","7","0"
"Tanner Houck","BOS","SP,RP","122.0","112","8","0","4.35","1.38","59","123","45","14","23","23","8","0"
"J.P. France","HOU","SP,RP","134.0","116","8","0","4.63","1.38","69","135","50","21","50","18","8","0"
"Jordan Wicks","CHC","SP","145.0","121","8","0","4.41","1.37","71","148","50","21","26","26","9","0"
"Brady Singer","KC","SP","169.0","140","10","0","4.37","1.36","82","179","51","21","29","29","11","0"
"Joe Boyle","OAK","SP","139.0","151","7","0","4.34","1.49","67","119","88","16","33","23","9","0"
"Brusdar Graterol","LAD","RP","64.0","58","3","8","3.66","1.28","26","63","19","6","64","0","3","0"
"Kyle Gibson","STL","SP","178.0","141","11","0","4.30","1.38","85","187","58","23","31","31","10","0"
"Hyun Jin Ryu","","SP","141.0","103","8","0","4.34","1.34","68","152","37","20","26","26","9","0"
"Wade Miley","MIL","SP","134.0","100","8","0","4.50","1.40","67","143","45","19","24","24","9","0"
"Nick Martinez","CIN","SP,RP","138.0","124","8","0","4.70","1.43","72","143","55","21","43","21","9","0"
"Casey Mize","DET","SP","127.0","102","7","0","4.61","1.35","65","134","38","18","23","23","9","0"
"Julian Merryweather","CHC","RP","64.0","78","3","5","3.52","1.23","25","53","26","7","64","0","3","0"
"Brandon Williamson","CIN","SP","124.0","104","6","0","5.30","1.49","73","132","53","24","23","23","9","0"
"Connor Phillips","CIN","P","44.0","48","2","0","4.50","1.41","22","40","22","7","22","5","3","0"
"Chris Paddack","MIN","RP,SP","147.0","130","9","0","4.29","1.26","70","149","36","22","44","23","9","0"
"Ben Joyce","LAA","RP,SP","60.0","74","3","9","3.90","1.33","26","49","31","7","60","0","3","0"
"Michael Kopech","CWS","SP","141.0","138","7","0","5.17","1.49","81","133","77","25","36","24","11","0"
"Dany Jimenez","OAK","RP","64.0","66","3","6","4.22","1.39","30","57","32","8","64","0","3","0"
"Drew Thorpe","NYY","SP","74.0","67","5","0","4.14","1.31","34","71","26","10","13","13","4","0"
"Matt Strahm","PHI","RP,SP","68.0","80","4","2","3.57","1.15","27","57","21","9","68","0","3","0"
"David Peterson","NYM","SP,RP","110.0","115","7","0","3.60","1.32","44","100","45","12","40","16","6","0"
"Trevor Bauer","","SP","140.0","153","9","0","4.05","1.22","63","127","44","21","24","24","8","0"
"Will Warren","NYY","SP","116.0","99","7","0","4.27","1.37","55","117","42","15","40","16","7","0"
"Lance McCullers Jr.","HOU","SP","96.0","93","6","0","4.13","1.34","44","92","37","11","27","15","5","0"
"A.J. Minter","ATL","RP","64.0","78","4","3","3.38","1.17","24","53","22","7","64","0","3","0"
"Keaton Winn","SF","SP","135.0","117","7","0","4.07","1.32","61","136","42","16","53","18","8","0"
"Michael Lorenzen","","RP,SP","158.0","126","9","0","4.73","1.42","83","167","58","23","28","28","10","0"
"Reynaldo Lopez","ATL","RP","80.0","91","5","2","3.83","1.26","34","71","30","10","65","3","4","0"
"Nestor Cortes Jr.","NYY","SP","145.0","150","9","0","4.22","1.23","68","134","45","25","26","26","8","0"
"Griffin Jax","MIN","RP","64.0","67","3","2","3.80","1.25","27","59","21","8","64","0","3","0"
"Erik Swanson","TOR","RP","64.0","70","3","2","3.94","1.22","28","57","21","9","64","0","3","0"
"Kirby Yates","TEX","RP","62.0","71","3","2","4.21","1.35","29","54","30","8","62","0","3","0"
"Ken Waldichuk","OAK","RP,SP","112.0","104","6","0","4.34","1.38","54","105","49","15","35","18","8","0"
"Colin Rea","MIL","RP,SP","107.0","93","6","0","4.54","1.32","54","109","32","17","19","19","7","0"
"Erick Fedde","CWS","SP","146.0","107","7","0","5.18","1.49","84","160","57","26","26","26","11","0"
"Roansy Contreras","PIT","RP,SP","89.0","81","5","0","4.55","1.37","45","88","34","13","46","10","5","0"
"Emerson Hancock","SEA","SP","91.0","75","5","0","4.65","1.35","47","92","31","15","39","11","6","0"
"Ryne Nelson","ARI","SP","124.0","90","6","0","4.94","1.40","68","132","42","20","36","19","8","0"
"Domingo German","","SP","107.0","98","6","0","4.54","1.32","54","107","34","17","19","19","7","0"
"Ben Brown","CHC","SP","53.0","58","3","0","3.91","1.30","23","47","22","7","38","3","3","0"
"Joe Jimenez","ATL","RP","60.0","72","3","0","3.90","1.22","26","52","21","8","60","0","3","0"
"Jeffrey Springs","TB","SP,RP","17.0","19","1","0","3.18","1.12","6","14","5","2","10","2","1","0"
"Julio Urias","","SP","177.0","167","11","0","4.07","1.23","80","171","47","26","31","31","10","0"
"Adam Ottavino","","RP","64.0","61","3","0","4.36","1.38","31","61","27","8","64","0","3","0"
"Luis Medina","OAK","RP,SP","136.0","121","7","0","4.57","1.49","69","130","72","17","24","24","10","0"
"Cade Cavalli","WSH","SP","39.0","39","2","0","4.15","1.36","18","36","17","5","24","3","2","0"
"Paul Blackburn","OAK","SP","147.0","119","8","0","4.35","1.36","71","151","49","19","26","26","10","0"
"Ty Madden","DET","SP","47.0","41","2","0","4.60","1.36","24","47","17","7","16","6","3","0"
"Josh Sborz","TEX","RP","64.0","75","3","4","3.80","1.27","27","55","26","8","64","0","3","0"
"Kyle Hurt","LAD","RP,SP","79.0","90","5","0","3.99","1.34","35","69","37","10","41","8","4","0"
"Adrian Houser","MIL","SP","142.0","104","8","0","4.75","1.46","75","153","54","20","26","26","10","0"
"Joel Payamps","MIL","RP","64.0","63","3","2","3.94","1.25","28","60","20","8","64","0","3","0"
"Nate Pearson","TOR","RP","57.0","64","3","0","4.11","1.32","26","49","26","8","50","2","3","0"
"Jared Jones","PIT","SP","111.0","94","6","0","4.78","1.41","59","112","45","16","19","19","8","0"
"Mark Leiter Jr.","CHC","SP,RP","63.0","67","3","2","3.86","1.25","27","57","22","8","63","0","3","0"
"Jacob Misiorowski","MIL","SP","45.0","46","2","0","4.60","1.42","23","42","22","7","22","5","3","0"
"Jack Leiter","TEX","SP","37.0","33","2","0","5.11","1.49","21","37","18","6","6","6","3","0"
"Hurston Waldrep","ATL","SP","58.0","56","4","0","4.34","1.40","28","57","24","7","27","6","3","0"
"Tyler Kinley","COL","RP","64.0","63","3","8","4.92","1.41","35","65","25","10","64","0","3","0"
"Mick Abel","PHI","SP","51.0","46","2","0","4.94","1.47","28","50","25","8","28","5","3","0"
"Cal Quantrill","COL","SP","160.0","103","7","0","5.91","1.55","105","194","54","30","28","28","13","0"
"Anthony DeSclafani","SF","SP","148.0","119","8","0","4.50","1.32","74","158","38","22","26","26","10","0"
"Ross Stripling","SF","SP,RP","132.0","105","7","0","4.50","1.32","66","142","32","20","24","24","9","0"
"Jose Soriano","LAA","RP,SP","64.0","74","3","3","3.80","1.34","27","55","31","7","64","0","3","0"
"Will Vest","DET","RP,SP","63.0","66","3","1","3.71","1.29","26","58","23","6","63","0","3","0"
"Zack Thompson","STL","RP,SP","76.0","72","4","0","4.14","1.41","35","72","35","9","46","6","4","0"
"Jason Foley","DET","RP","63.0","55","3","8","3.86","1.32","27","63","20","6","63","0","3","0"
"Andrew Nardi","MIA","RP","64.0","74","3","2","3.66","1.28","26","54","28","7","64","0","3","0"
"Ryan Yarbrough","LAD","SP,RP","104.0","80","6","0","4.76","1.32","55","112","25","19","39","15","6","0"
"Tyler Anderson","LAA","SP","166.0","132","9","0","4.93","1.41","91","175","59","29","29","29","11","0"
"Darius Vines","ATL","RP,SP","38.0","34","2","0","4.26","1.32","18","39","11","6","38","0","2","0"
"Matthew Liberatore","STL","RP,SP","59.0","54","3","0","3.97","1.32","26","56","22","7","38","5","3","0"
"Drew Smyly","CHC","RP,SP","69.0","70","3","1","4.04","1.22","31","64","20","10","62","2","3","0"
"Drew Rasmussen","TB","SP","46.0","47","3","0","3.52","1.17","18","42","12","5","24","5","2","0"
"Eric Lauer","","SP","98.0","82","5","0","4.96","1.44","54","100","41","17","18","18","7","0"
"Alex Wood","","RP,SP","128.0","103","7","0","4.64","1.41","66","134","46","18","24","24","9","0"
"Michael Soroka","CWS","SP","135.0","116","7","0","4.33","1.33","65","134","45","20","38","21","9","0"
"Danny Coulombe","BAL","RP","63.0","63","3","1","3.86","1.27","27","58","22","8","63","0","3","0"
"Tyler Rogers","SF","RP","64.0","47","3","2","4.36","1.38","31","69","19","7","64","0","3","0"
"Jeff Hoffman","PHI","RP","73.0","86","4","3","3.82","1.26","31","61","31","10","73","0","3","0"
"Tyler Mahle","","SP","27.0","27","2","0","4.33","1.30","13","26","9","4","5","5","2","0"
"Alex Faedo","DET","SP","56.0","57","3","0","4.02","1.23","25","52","17","8","56","0","3","0"
"Shintaro Fujinami","","SP,RP","65.0","71","3","0","4.02","1.34","29","57","30","8","65","0","3","0"
"JoJo Romero","STL","RP","64.0","69","4","5","3.23","1.25","23","55","25","6","64","0","3","0"
"Mason Black","SF","SP","24.0","23","1","0","4.50","1.38","12","24","9","3","9","3","2","0"
"Michael Grove","LAD","RP,SP","78.0","80","5","0","4.27","1.27","37","74","25","12","43","8","4","0"
"Cole Irvin","BAL","RP,SP","119.0","91","7","0","4.39","1.29","58","125","28","19","37","18","7","0"
"Ryan Walker","SF","RP,SP","60.0","65","3","0","3.60","1.27","24","53","23","6","60","0","3","0"
"Lucas Sims","CIN","RP","62.0","70","3","2","4.79","1.42","33","56","32","11","62","0","3","0"
"Mike Vasil","NYM","SP","32.0","31","2","0","4.50","1.31","16","31","11","5","17","3","2","0"
"Trevor Megill","MIL","RP","63.0","80","3","1","3.43","1.19","24","50","25","7","63","0","3","0"
"Jared Shuster","CWS","SP","53.0","37","3","0","5.26","1.51","31","57","23","9","10","10","4","0"
"Jake Irvin","WSH","SP","124.0","100","6","0","4.94","1.44","68","129","49","20","23","23","9","0"
"Martin Perez","","RP,SP","137.0","100","8","0","4.73","1.47","72","149","52","18","24","24","9","0"
"Garrett Crochet","CWS","RP","63.0","74","3","14","3.71","1.32","26","52","31","8","63","0","3","0"
"Alec Marsh","KC","RP,SP","91.0","82","5","0","4.95","1.46","50","92","41","13","26","15","6","0"
"Chris Martin","BOS","RP","66.0","65","3","2","3.68","1.21","27","64","16","7","66","0","3","0"
"Wilmer Flores","DET","SP","42.0","38","2","0","4.07","1.31","19","42","13","5","35","2","2","0"
"Pierce Johnson","ATL","RP","63.0","81","4","1","3.57","1.24","25","52","26","7","63","0","3","0"
"Allan Winans","ATL","SP","35.0","32","2","0","3.86","1.23","15","35","8","4","35","0","2","0"
"John McMillon","KC","RP","64.0","75","3","9","4.08","1.41","29","54","36","7","64","0","3","0"
"Joey Lucchesi","NYM","SP","129.0","102","7","0","4.47","1.39","64","133","46","18","33","21","8","0"
"Bailey Falter","PIT","SP","111.0","86","6","0","4.70","1.35","58","118","32","18","41","16","7","0"
"Jhony Brito","SD","RP,SP","78.0","64","4","0","4.27","1.33","37","78","26","11","50","6","4","0"
"James Karinchak","CLE","RP","54.0","68","3","0","4.17","1.33","25","43","29","7","54","0","3","0"
"Trevor Richards","TOR","SP,RP","54.0","64","3","0","3.83","1.28","23","46","23","8","54","0","3","0"
"Jonathan Loaisiga","NYY","RP","64.0","56","3","3","3.80","1.28","27","62","20","7","64","0","3","0"
"Brandon Bielak","HOU","RP,SP","50.0","44","3","0","4.32","1.36","24","50","18","6","43","2","2","0"
"Gregory Soto","PHI","RP","70.0","81","4","4","3.60","1.29","28","58","32","8","70","0","3","0"
"Kris Bubic","KC","SP","17.0","16","1","0","4.24","1.29","8","16","6","2","10","2","1","0"
"Dylan Dodd","ATL","SP","46.0","35","3","0","4.70","1.39","24","50","14","7","24","5","2","0"
"Luis Gil","NYY","SP","66.0","80","4","0","3.95","1.29","29","55","30","9","51","3","3","0"
"Jimmy Herget","LAA","RP","56.0","51","3","0","4.66","1.36","29","56","20","9","56","0","3","0"
"Sixto Sanchez","MIA","SP","44.0","48","2","0","3.68","1.25","18","40","15","5","37","2","2","0"
"Phil Maton","","RP","67.0","65","3","0","4.30","1.34","32","64","26","9","67","0","3","0"
"Patrick Corbin","WSH","SP","166.0","120","8","0","4.88","1.42","90","182","53","27","29","29","12","0"
"Jakob Junis","","SP,RP","96.0","84","6","0","4.50","1.32","48","98","29","15","18","18","6","0"
"Jose Suarez","LAA","SP","70.0","65","4","0","4.37","1.34","34","68","26","11","49","5","4","0"
"Colin Poche","TB","RP","63.0","66","3","1","4.14","1.30","29","56","26","9","63","0","3","0"
"Luis Patino","CWS","RP,SP","63.0","54","3","1","4.86","1.44","34","62","29","11","63","0","3","0"
"Andrew Kittredge","TB","RP","62.0","54","3","2","4.06","1.29","28","62","18","8","62","0","3","0"
"Aaron Bummer","ATL","RP","58.0","68","3","0","3.26","1.29","21","49","26","4","58","0","2","0"
"Prelander Berroa","SEA","RP,SP","33.0","40","2","0","3.55","1.27","13","26","16","4","33","0","2","0"
"Carlos Hernandez","KC","SP,RP","62.0","64","3","2","4.06","1.32","28","57","25","8","62","0","3","0"
"Gordon Graceffo","STL","SP","24.0","18","1","0","4.88","1.46","13","26","9","4","9","3","1","0"
"Brock Stewart","MIN","SP,RP","63.0","79","3","2","3.43","1.19","24","51","24","7","63","0","3","0"
"Colin Holderman","PIT","RP","64.0","65","3","2","3.80","1.33","27","59","26","7","64","0","3","0"
"Luis L. Ortiz","PIT","SP","117.0","87","6","0","5.00","1.52","65","126","52","16","21","21","8","0"
"Jose Butto","NYM","SP","80.0","71","4","0","4.61","1.38","41","81","29","12","50","6","5","0"
"Justin Topa","SEA","RP","63.0","56","3","2","3.71","1.30","26","61","21","7","63","0","3","0"
"Joey Cantillo","CLE","SP","74.0","70","4","0","4.38","1.41","36","69","35","11","13","13","5","0"
"Cody Bradford","TEX","RP,SP","75.0","66","4","0","4.32","1.24","36","75","18","13","60","3","4","0"
"Tanner Rainey","WSH","RP","60.0","66","3","5","4.20","1.33","28","52","28","9","60","0","3","0"
"Tristan Beck","SF","RP,SP","111.0","92","6","0","4.54","1.36","56","115","36","16","59","11","7","0"
"Davis Daniel","LAA","SP,RP","73.0","59","3","0","5.05","1.44","41","77","28","13","42","6","5","0"
"Cody Morris","CLE","RP,SP","48.0","53","2","0","3.75","1.29","20","41","21","6","48","0","2","0"
"Nick Frasso","LAD","SP","49.0","44","3","0","4.41","1.31","24","48","16","8","26","5","3","0"
"Scott Effross","NYY","RP","60.0","56","3","0","4.05","1.28","27","58","19","8","60","0","3","0"
"Ian Hamilton","NYY","RP,SP","62.0","69","3","0","3.48","1.29","24","53","27","6","62","0","3","0"
"Quinn Priester","PIT","SP","121.0","95","7","0","4.46","1.45","60","125","50","14","31","19","8","0"
"Brooks Raley","NYM","RP","63.0","66","3","2","4.00","1.30","28","57","25","8","63","0","3","0"
"Zach Brzykcy","WSH","RP","38.0","37","2","0","4.50","1.42","19","36","18","5","38","0","2","0"
"Matt Waldron","SD","SP","110.0","80","6","0","4.91","1.39","60","116","37","18","19","19","7","0"
"Emilio Pagan","CIN","RP","66.0","72","3","2","4.50","1.30","33","61","25","12","66","0","3","0"
"Trevor Stephan","CLE","RP","63.0","67","3","1","4.00","1.27","28","56","24","8","63","0","3","0"
"Cade Povich","BAL","SP","83.0","75","5","0","4.23","1.36","39","79","34","12","15","15","5","0"
"Chase Hampton","NYY","RP","37.0","34","2","0","4.62","1.32","19","36","13","7","6","6","2","0"
"Ronel Blanco","HOU","RP,SP","60.0","64","3","0","4.05","1.30","27","54","24","8","60","0","3","0"
"Jake Eder","CWS","SP","37.0","31","2","0","4.86","1.46","20","37","17","6","6","6","3","0"
"Jacob Lopez","TB","RP,SP","42.0","42","2","0","4.07","1.33","19","39","17","5","27","3","2","0"
"Cionel Perez","BAL","RP","54.0","52","3","0","3.67","1.35","22","49","24","5","54","0","3","0"
"Tommy Kahnle","NYY","RP","63.0","69","3","2","3.86","1.30","27","56","26","8","63","0","3","0"
"Chayce McDermott","BAL","SP","49.0","49","3","0","4.41","1.39","24","45","23","7","26","5","3","0"
"Josh Winckowski","BOS","RP,SP","67.0","61","3","2","4.03","1.33","30","67","22","8","67","0","3","0"
"Tony Santillan","CIN","RP","34.0","35","2","0","4.76","1.47","18","32","18","5","34","0","2","0"
"DJ Herz","WSH","SP","42.0","46","2","0","4.29","1.45","20","37","24","6","35","2","2","0"
"Jeremiah Estrada","SD","RP","40.0","44","2","0","4.28","1.43","19","35","22","6","40","0","2","0"
"Angel Zerpa","KC","RP,SP","105.0","84","6","0","4.37","1.39","51","109","37","13","39","15","6","0"
"Mitch White","TOR","SP,RP","53.0","49","3","0","4.25","1.30","25","51","18","7","46","2","3","0"
"Caleb Ferguson","LAD","RP,SP","63.0","73","3","1","3.57","1.24","25","53","25","7","63","0","3","0"
"Pedro Avila","SD","RP,SP","96.0","82","5","0","4.50","1.43","48","95","42","13","38","13","6","0"
"Sam Hentges","CLE","RP","62.0","67","3","1","3.34","1.24","23","54","23","6","62","0","3","0"
"Touki Toussaint","CWS","RP,SP","132.0","123","7","0","4.77","1.52","70","127","74","18","40","21","9","0"
"Alex Vesia","LAD","RP","62.0","78","3","1","3.77","1.23","26","50","26","9","62","0","3","0"
"Garrett Cleavinger","TB","RP","58.0","74","3","0","3.41","1.24","22","46","26","6","58","0","3","0"
"Caleb Thielbar","MIN","RP","62.0","73","3","1","3.63","1.18","25","52","21","8","62","0","3","0"
"Gabe Speier","SEA","RP","62.0","66","3","1","3.34","1.19","23","55","19","7","62","0","3","0"
"Luke Little","CHC","RP,SP","52.0","63","3","0","3.46","1.35","20","42","28","5","52","0","2","0"
"Joe Kelly","LAD","RP","53.0","67","3","0","3.06","1.23","18","42","23","4","53","0","2","0"
"Rafael Montero","HOU","RP","66.0","69","3","1","3.95","1.30","29","60","26","8","66","0","3","0"
"Ryan Feltner","COL","SP","121.0","104","6","0","5.36","1.51","72","131","52","21","23","23","9","0"
"Zach Jackson","OAK","RP","62.0","70","3","3","4.06","1.37","28","53","32","8","62","0","3","0"
"Ray Kerr","SD","RP","60.0","67","3","0","3.75","1.33","25","51","29","7","60","0","3","0"
"Fernando Cruz","CIN","RP","54.0","67","3","0","4.00","1.26","24","45","23","8","54","0","3","0"
"Yimi Garcia","TOR","RP","62.0","65","3","0","3.77","1.19","26","55","19","8","62","0","3","0"
"Kyle Muller","OAK","RP,SP","91.0","78","4","0","4.15","1.36","42","88","36","11","62","6","5","0"
"Jordan Lyles","KC","SP","159.0","111","8","0","5.38","1.43","95","180","48","29","28","28","12","0"
"Tim Mayza","TOR","RP","60.0","59","3","0","3.45","1.27","23","56","20","6","60","0","3","0"
"Daniel Lynch IV","KC","SP","124.0","97","7","0","4.79","1.41","66","132","43","18","23","23","9","0"
"Scott McGough","ARI","RP","60.0","64","3","2","3.75","1.30","25","54","24","7","60","0","3","0"
"Steven Okert","MIA","RP","60.0","70","3","0","3.90","1.27","26","51","25","8","60","0","3","0"
"Enyel De Los Santos","SD","RP","66.0","70","3","3","3.95","1.29","29","58","27","8","66","0","3","0"
"Kody Funderburk","MIN","RP,SP","60.0","61","3","0","3.60","1.32","24","55","24","6","60","0","3","0"
"Jay Groome","SD","SP","30.0","25","2","0","4.80","1.50","16","30","15","5","15","3","2","0"
"Adrian Morejon","SD","RP","52.0","51","3","0","4.15","1.31","24","48","20","7","52","0","3","0"
"Marco Gonzales","PIT","SP","142.0","94","7","0","4.88","1.42","77","158","43","22","24","24","10","0"
"Shawn Armstrong","TB","SP,RP","60.0","62","3","1","3.75","1.20","25","54","18","8","60","0","3","0"
"Jesse Scholtens","CWS","RP,SP","30.0","24","1","0","4.80","1.33","16","31","9","5","23","2","2","0"
"Kyle Freeland","COL","SP","170.0","112","7","0","5.72","1.52","108","208","51","32","29","29","13","0"
"Anthony Bender","MIA","RP","58.0","62","3","3","3.72","1.29","24","53","22","6","58","0","3","0"
"Andrew Saalfrank","ARI","RP","62.0","60","3","0","3.77","1.42","26","58","30","5","62","0","3","0"
"Peter Lambert","COL","RP,SP","127.0","99","6","0","5.60","1.54","79","146","49","23","31","21","10","0"
"Tommy Henry","ARI","SP","85.0","67","4","0","4.66","1.42","44","87","34","12","32","11","5","0"
"Austin Gomber","COL","SP,RP","152.0","106","7","0","5.63","1.53","95","181","51","28","28","28","12","0"
"Genesis Cabrera","TOR","RP","63.0","63","3","1","4.14","1.35","29","57","28","9","63","0","3","0"
"Sean Reid-Foley","NYM","RP","56.0","67","3","0","3.86","1.30","24","47","26","7","56","0","3","0"
"Huascar Ynoa","ATL","SP","124.0","129","8","0","4.14","1.31","57","118","45","16","49","16","6","0"
"Chad Green","TOR","RP","58.0","63","3","0","3.88","1.19","25","51","18","9","58","0","3","0"
"Bruce Zimmermann","BAL","RP,SP","73.0","60","4","0","4.07","1.27","33","74","19","11","36","8","4","0"
"Brock Burke","TEX","RP","60.0","61","3","0","3.90","1.25","26","56","19","9","60","0","3","0"
"Daniel Hudson","","RP","51.0","58","3","0","3.88","1.22","22","44","18","7","51","0","2","0"
"Ryan Brasier","","RP","59.0","60","3","0","3.97","1.25","26","55","19","7","59","0","3","0"
"Hoby Milner","MIL","RP","62.0","58","3","0","3.92","1.27","27","61","18","8","62","0","3","0"
"Clayton Beeter","NYY","SP","132.0","130","8","0","4.64","1.40","68","124","61","21","40","19","8","0"
"Luis Garcia","","RP","63.0","61","3","1","3.86","1.32","27","60","23","7","63","0","3","0"
"Zack Greinke","","SP","113.0","79","7","0","4.62","1.33","58","127","23","18","21","21","8","0"
"Eli Morgan","CLE","RP","58.0","60","3","0","4.19","1.24","27","54","18","9","58","0","3","0"
"Beau Brieske","DET","RP,SP","61.0","57","3","2","4.13","1.28","28","59","19","9","61","0","3","0"
"Tyler Holton","DET","RP","62.0","56","3","1","3.92","1.31","27","61","20","7","62","0","3","0"
"Michael Tonkin","NYM","RP","61.0","62","3","0","4.13","1.28","28","57","21","8","61","0","3","0"
"Matt Moore","","RP","56.0","60","3","0","3.86","1.32","24","50","24","7","56","0","3","0"
"Dylan Lee","ATL","RP","48.0","49","3","0","3.94","1.25","21","45","15","7","48","0","2","0"
"John Brebbia","","SP,RP","55.0","57","3","0","4.09","1.27","25","51","19","8","55","0","3","0"
"Joey Wentz","DET","RP,SP","76.0","73","4","0","4.26","1.34","36","73","29","11","56","5","4","0"
"Tayler Saucedo","SEA","RP","58.0","54","3","0","3.72","1.34","24","54","24","6","58","0","3","0"
"Tanner Banks","CWS","RP,SP","61.0","57","3","0","4.13","1.28","28","59","19","9","61","0","3","0"
"Keynan Middleton","","RP","58.0","62","3","0","4.03","1.31","26","52","24","7","58","0","3","0"
"Dauri Moreta","PIT","RP","60.0","65","3","0","4.05","1.32","27","54","25","8","60","0","3","0"
"Luke Jackson","SF","RP","62.0","62","3","1","3.92","1.35","27","58","26","6","62","0","3","0"
"Joe Ross","MIL","SP","63.0","59","3","0","4.14","1.29","29","61","20","9","40","5","4","0"
"Brennan Bernardino","BOS","RP,SP","58.0","58","3","0","3.88","1.33","25","55","22","6","58","0","3","0"
"Andrew Chafin","","RP","53.0","57","3","0","3.91","1.32","23","48","22","6","53","0","3","0"
"Keegan Akin","BAL","RP","38.0","40","2","0","3.55","1.21","15","34","12","5","38","0","2","0"
"Taylor Clarke","KC","RP","63.0","60","3","4","4.29","1.32","30","61","22","9","63","0","3","0"
"Blake Treinen","LAD","RP","48.0","48","2","3","3.94","1.29","21","45","17","6","48","0","2","0"
"John Schreiber","BOS","RP","64.0","64","3","0","4.08","1.34","29","61","25","7","64","0","3","0"
"Thyago Vieira","MIL","RP","44.0","50","2","0","3.89","1.25","19","38","17","6","44","0","2","0"
"Daniel Palencia","CHC","RP,SP","56.0","61","3","0","4.02","1.34","25","49","26","7","56","0","3","0"
"Tyler Alexander","TB","SP,RP","54.0","48","3","0","4.33","1.24","26","54","13","8","54","0","3","0"
"Austin Adams","NYM","RP","58.0","66","3","0","4.19","1.33","27","50","27","7","58","0","3","0"
"Steven Wilson","SD","RP","64.0","68","3","2","4.36","1.33","31","56","29","10","64","0","3","0"
"Ryne Stanek","","RP","56.0","62","3","0","4.18","1.32","26","49","25","8","56","0","3","0"
"Carlos Vargas","SEA","RP","51.0","52","3","0","3.71","1.37","21","46","24","5","51","0","2","0"
"Jackson Kowar","SEA","RP","56.0","57","3","0","4.02","1.34","25","51","24","7","56","0","3","0"
"Yency Almonte","LAD","RP","60.0","63","3","0","4.20","1.33","28","56","24","8","60","0","3","0"
"Jake Diekman","","RP","57.0","67","3","0","3.95","1.39","25","47","32","6","57","0","3","0"
"Wandy Peralta","","RP","55.0","53","3","0","3.76","1.38","23","52","24","6","55","0","3","0"
"Jesse Chavez","","RP","51.0","49","3","0","4.06","1.31","23","49","18","7","51","0","2","0"
"Victor Gonzalez","LAD","RP","54.0","53","3","0","3.83","1.37","23","51","23","6","54","0","2","0"
"Jorge Alcala","MIN","RP","58.0","60","3","0","4.19","1.33","27","54","23","8","58","0","3","0"
"Sam Moll","CIN","RP","58.0","62","3","1","4.03","1.38","26","53","27","7","58","0","3","0"
"Joely Rodriguez","","RP","54.0","51","3","0","3.83","1.37","23","51","23","6","54","0","3","0"
"Bennett Sousa","HOU","RP","58.0","58","3","0","4.03","1.36","26","54","25","7","58","0","3","0"
"Parker Mushinski","HOU","RP","48.0","46","3","0","3.94","1.33","21","45","19","6","48","0","2","0"
"Jake Latz","TEX","RP,SP","46.0","50","2","0","3.91","1.30","20","41","19","6","46","0","2","0"
"Joe Mantiply","ARI","RP,SP","54.0","45","3","0","4.00","1.33","24","55","17","6","54","0","3","0"
"Brent Headrick","MIN","RP,SP","56.0","54","3","0","4.34","1.30","27","54","19","8","41","3","3","0"
"Sean Newcomb","OAK","RP","60.0","62","3","0","4.05","1.38","27","52","31","7","60","0","3","0"
"Cole Sands","MIN","SP,RP","54.0","53","3","0","4.17","1.33","25","51","21","7","54","0","3","0"
"Collin McHugh","","RP","60.0","54","3","0","4.20","1.33","28","60","20","8","60","0","3","0"
"Sean Hjelle","SF","RP","76.0","59","4","0","4.14","1.39","35","81","25","8","61","3","4","0"
"Jacob Webb","BAL","RP","58.0","56","3","0","4.19","1.34","27","54","24","8","58","0","3","0"
"Chris Stratton","","RP","55.0","53","3","0","4.09","1.35","25","53","21","7","55","0","3","0"
"Phil Bickford","NYM","RP","62.0","65","3","0","4.35","1.34","30","57","26","9","62","0","3","0"
"Jay Jackson","","RP","50.0","50","2","0","4.14","1.28","23","47","17","7","50","0","2","0"
"Elvis Peguero","MIL","RP","60.0","56","3","0","4.05","1.37","27","58","24","7","60","0","3","0"
"Drew Rom","STL","SP","38.0","37","2","0","3.79","1.26","16","35","13","4","38","0","2","0"
"Andre Pallante","STL","SP,RP","62.0","48","3","0","3.77","1.40","26","63","24","5","62","0","3","0"
"Matt Krook","NYY","RP,SP","50.0","50","3","0","3.78","1.40","21","45","25","5","50","0","2","0"
"Kendall Graveman","HOU","RP","62.0","62","3","2","4.21","1.39","29","58","28","7","62","0","3","0"
"Tom Cosgrove","SD","RP","62.0","59","3","1","4.21","1.37","29","57","28","8","62","0","3","0"
"Stephen Kolek","SD","P","56.0","48","3","0","4.02","1.36","25","55","21","7","56","0","3","0"
"Robert Garcia","WSH","RP","61.0","61","3","0","4.13","1.38","28","56","28","8","61","0","3","0"
"Drew Smith","NYM","RP","63.0","66","3","1","4.43","1.35","31","58","27","10","63","0","3","0"
"Slade Cecconi","ARI","SP,RP","51.0","43","3","0","4.41","1.27","25","52","13","8","29","5","3","0"
"JT Chargois","MIA","SP,RP","62.0","58","3","1","4.21","1.37","29","60","25","7","62","0","3","0"
"Nick Sandlin","CLE","RP","60.0","61","3","0","4.20","1.37","28","54","28","8","60","0","3","0"
"Josh Walker","NYM","RP,SP","38.0","39","2","0","3.79","1.29","16","35","14","5","38","0","2","0"
"Brendan White","DET","RP","44.0","41","2","0","3.89","1.30","19","43","14","4","44","0","2","0"
"Tim Herrin","CLE","RP","35.0","37","2","0","3.60","1.31","14","31","15","4","35","0","2","0"
"Andrew Bellatti","PHI","RP","60.0","62","3","0","4.35","1.35","29","55","26","9","60","0","3","0"
"Ryan Borucki","PIT","RP","62.0","56","3","1","4.21","1.37","29","60","25","7","62","0","3","0"
"Darren McCaughan","SEA","SP,RP","56.0","45","3","0","4.50","1.27","28","58","13","9","41","3","3","0"
"Jake Brentz","KC","RP","54.0","59","3","0","4.00","1.41","24","48","28","6","54","0","3","0"
"Spencer Howard","SF","RP,SP","38.0","40","2","0","4.03","1.26","17","35","13","5","38","0","2","0"
"Eduard Bazardo","SEA","RP","44.0","41","2","0","4.09","1.27","20","42","14","6","44","0","2","0"
"Mike Baumann","BAL","SP,RP","48.0","47","2","0","3.94","1.33","21","44","20","6","48","0","2","0"
"Aaron Loup","","RP","53.0","47","3","0","4.08","1.36","24","52","20","6","53","0","3","0"
"John King","STL","RP","60.0","42","3","0","3.90","1.38","26","63","20","5","60","0","3","0"
"Huascar Brazoban","MIA","RP","48.0","51","2","0","3.94","1.35","21","43","22","5","48","0","2","0"
"Jose Hernandez","PIT","RP","52.0","53","3","0","4.15","1.37","24","48","23","6","52","0","3","0"
"Ty Adcock","SEA","RP","36.0","36","2","0","4.00","1.25","16","33","12","5","36","0","2","0"
"Kai-Wei Teng","SF","SP","62.0","64","3","0","4.21","1.39","29","58","28","7","47","3","3","0"
"Anthony Maldonado","MIA","RP","44.0","46","2","0","4.09","1.30","20","40","17","6","44","0","2","0"
"Miguel Castro","ARI","RP","63.0","61","3","1","4.29","1.38","30","59","28","7","63","0","3","0"
"Scott Alexander","","SP,RP","50.0","39","3","0","3.96","1.36","22","51","17","5","50","0","2","0"
"Chris Devenski","TB","RP","48.0","45","2","0","4.31","1.27","23","46","15","7","48","0","2","0"
"Bowden Francis","TOR","RP","47.0","47","2","0","4.40","1.26","23","44","15","8","40","2","2","0"
"Josh Taylor","KC","SP,RP","44.0","44","2","0","3.89","1.34","19","41","18","5","44","0","2","0"
"Keider Montero","DET","P","54.0","48","3","0","4.33","1.33","26","54","18","7","39","3","3","0"
"Nick Anderson","KC","RP","60.0","52","3","3","4.50","1.35","30","61","20","9","60","0","3","0"
"Matt Bush","","SP,RP","40.0","42","2","0","4.05","1.30","18","37","15","6","40","0","2","0"
"Osvaldo Bido","OAK","RP,SP","115.0","96","6","0","4.70","1.40","60","111","50","17","37","18","8","0"
"Jordan Weems","WSH","RP","62.0","62","3","0","4.35","1.37","30","58","27","9","62","0","3","0"
"Miguel Diaz","DET","RP,SP","58.0","54","3","0","4.19","1.38","27","56","24","7","58","0","3","0"
"Bryan Hudson","LAD","RP","38.0","40","2","0","3.79","1.34","16","35","16","4","38","0","2","0"
"Jose Cuas","CHC","RP","62.0","62","3","0","4.21","1.40","29","58","29","7","62","0","3","0"
"Jose Cisnero","","RP","50.0","52","2","0","4.14","1.34","23","45","22","6","50","0","2","0"
"Ryan Weathers","MIA","SP","55.0","50","3","0","4.25","1.36","26","54","21","8","41","3","3","0"
"Nick Robertson","BOS","RP,SP","44.0","45","2","0","4.09","1.32","20","41","17","5","44","0","2","0"
"Bryan Baker","BAL","RP","35.0","37","2","0","3.86","1.31","15","31","15","5","35","0","2","0"
"Grant Anderson","TEX","RP","58.0","55","3","0","4.34","1.36","28","56","23","8","58","0","3","0"
"Trent Thornton","SEA","RP","61.0","54","3","0","4.43","1.34","30","60","22","9","61","0","3","0"
"Shelby Miller","","RP","52.0","54","3","0","4.33","1.37","25","48","23","7","52","0","3","0"
"Trey Wingenter","","RP","40.0","43","2","0","4.05","1.33","18","36","17","5","40","0","2","0"
"Rich Hill","","RP,SP","86.0","72","5","0","4.71","1.38","45","88","31","13","16","16","6","0"
"Yerry Rodriguez","TEX","RP","38.0","40","2","0","4.03","1.32","17","34","16","5","38","0","2","0"
"Josh Staumont","KC","RP","32.0","37","2","0","3.94","1.31","14","27","15","4","32","0","2","0"
"Ryan Thompson","ARI","RP","58.0","48","3","0","4.19","1.38","27","59","21","6","58","0","3","0"
"Seth Martinez","HOU","RP","54.0","52","3","0","4.33","1.37","26","52","22","8","54","0","3","0"
"Jonathan Hernandez","TEX","RP","61.0","61","3","0","4.13","1.43","28","57","30","7","61","0","3","0"
"Brad Hand","","RP","52.0","51","3","0","4.33","1.37","25","49","22","7","52","0","3","0"
"Kyle Nelson","ARI","RP","48.0","48","2","0","4.13","1.35","22","45","20","6","48","0","2","0"
"Ryan Fernandez","STL","RP","52.0","44","3","0","4.33","1.35","25","51","19","7","52","0","3","0"
"Bryse Wilson","MIL","SP,RP","60.0","49","3","0","4.50","1.33","30","63","17","10","60","0","3","0"
"Kevin Kelly","TB","RP","44.0","38","2","0","4.09","1.32","20","44","14","5","44","0","2","0"
"Victor Arano","","RP","42.0","40","2","0","4.07","1.33","19","40","16","5","42","0","2","0"
"Yunior Marte","PHI","RP","48.0","46","2","0","4.13","1.35","22","45","20","6","48","0","2","0"
"Justin Wilson","","RP","46.0","45","2","0","4.11","1.35","21","43","19","6","46","0","2","0"
"Jalen Beeks","COL","SP,RP","58.0","58","3","0","4.34","1.40","28","58","23","7","58","0","3","0"
"Andre Jackson","PIT","RP,SP","56.0","54","3","0","4.34","1.39","27","53","25","7","56","0","3","0"
"Nick Ramirez","NYY","RP","58.0","44","3","0","4.34","1.36","28","60","19","8","58","0","3","0"
"Riley O'Brien","STL","RP","48.0","46","2","0","3.94","1.40","21","45","22","5","48","0","2","0"
"Erik Miller","SF","SP,RP","54.0","57","3","0","4.17","1.44","25","49","29","6","54","0","3","0"
"Michael Kelly","OAK","RP","40.0","39","2","0","4.05","1.35","18","37","17","5","40","0","2","0"
"Tyler Matzek","ATL","RP","54.0","56","3","0","4.33","1.41","26","50","26","7","54","0","2","0"
"Carmen Mlodzinski","PIT","RP,SP","65.0","60","3","1","4.43","1.40","32","64","27","8","65","0","3","0"
"Brent Suter","","RP","68.0","56","3","0","4.24","1.41","32","70","26","9","68","0","3","0"
"Trevor Gott","","RP","48.0","44","2","0","4.31","1.33","23","47","17","7","48","0","2","0"
"Jarlin Garcia","","RP","48.0","44","2","0","4.31","1.33","23","47","17","7","48","0","2","0"
"Manuel Rodriguez","TB","RP","35.0","35","2","0","3.86","1.37","15","32","16","4","35","0","2","0"
"Angel Felipe","OAK","RP","44.0","44","2","0","3.89","1.41","19","39","23","4","44","0","2","0"
"James Naile","STL","RP","56.0","40","3","0","4.18","1.39","26","59","19","6","56","0","3","0"
"Tejay Antone","CIN","SP,RP","50.0","51","2","0","4.32","1.36","24","47","21","7","50","0","2","0"
"Dylan Covey","PHI","RP","55.0","46","3","0","4.25","1.40","26","56","21","7","55","0","3","0"
"Glenn Otto","SD","RP,SP","38.0","37","2","0","4.26","1.32","18","35","15","5","38","0","2","0"
"Ian Gibaut","CIN","RP","60.0","58","3","1","4.50","1.40","30","59","25","9","60","0","3","0"
"Joan Adon","WSH","SP","84.0","71","4","0","4.50","1.42","42","84","35","11","48","8","5","0"
"Matt Canterino","MIN","SP","47.0","47","3","0","4.60","1.36","24","45","19","7","16","6","3","0"
"Matt Gage","HOU","RP","38.0","36","2","0","4.03","1.37","17","36","16","5","38","0","2","0"
"Luke Weaver","","RP,SP","68.0","58","4","0","4.76","1.37","36","71","22","11","13","13","5","0"
"Adrian Martinez","OAK","RP,SP","46.0","38","2","0","4.30","1.33","22","46","15","6","46","0","2","0"
"Jairo Iriarte","SD","SP","36.0","36","2","0","4.25","1.33","17","32","16","5","36","0","2","0"
"Jose A. Ferrer","WSH","RP","52.0","44","2","0","4.15","1.38","24","51","21","6","52","0","3","0"
"Justin Martinez","ARI","RP","35.0","41","2","0","3.86","1.43","15","29","21","3","35","0","2","0"
"Clayton Andrews","MIL","RP","31.0","33","2","0","4.06","1.35","14","28","14","4","31","0","2","0"
"Dillon Tate","BAL","RP","44.0","35","2","0","4.09","1.36","20","45","15","5","44","0","2","0"
"Ron Marinaccio","NYY","RP","54.0","58","3","0","4.50","1.41","27","48","28","8","54","0","3","0"
"Nick Vespi","BAL","RP","33.0","29","2","0","4.09","1.33","15","32","12","4","33","0","2","0"
"Colin Selby","PIT","RP,SP","44.0","46","2","0","4.09","1.41","20","40","22","5","44","0","2","0"
"Marc Church","TEX","RP","52.0","53","3","0","4.50","1.40","26","49","24","8","52","0","3","0"
"Brett Martin","","RP","41.0","34","2","0","3.95","1.39","18","41","16","5","41","0","2","0"
"Will Dion","CLE","P","30.0","27","2","0","4.20","1.30","14","29","10","4","23","2","2","0"
"Yoendrys Gomez","NYY","RP,SP","47.0","47","2","0","4.40","1.36","23","44","20","7","40","2","2","0"
"Grant Hartwig","NYM","RP","51.0","48","2","0","4.24","1.39","24","49","22","6","51","0","3","0"
"Chase Lee","TEX","RP","28.0","29","1","0","3.86","1.29","12","26","10","3","28","0","1","0"
"Alek Jacob","SD","RP","46.0","39","2","0","4.30","1.35","22","45","17","6","46","0","2","0"
"Lou Trivino","","RP","33.0","32","2","0","4.09","1.36","15","31","14","4","33","0","2","0"
"Mason Thompson","WSH","RP","58.0","48","3","0","4.34","1.41","28","58","24","7","58","0","3","0"
"Pierson Ohl","MIN","P","42.0","33","2","0","4.50","1.29","21","45","9","6","35","2","2","0"
"Anthony Bass","","RP","42.0","40","2","0","4.29","1.36","20","41","16","6","42","0","2","0"
"Daysbel Hernandez","ATL","RP","44.0","48","2","0","4.30","1.39","21","40","21","6","44","0","2","0"
"Caleb Kilian","CHC","RP,SP","61.0","48","3","0","4.43","1.39","30","64","21","8","31","6","4","0"
"Michael Rucker","CHC","RP","44.0","40","2","0","4.30","1.36","21","43","17","6","44","0","2","0"
"Vinny Nittoli","OAK","RP","38.0","33","2","0","4.26","1.34","18","37","14","5","38","0","2","0"
"Colby White","TB","RP","38.0","39","2","0","4.26","1.37","18","35","17","5","38","0","2","0"
"Francisco Perez","OAK","RP","52.0","50","2","0","4.15","1.42","24","47","27","6","52","0","3","0"
"Ethan Small","MIL","RP,SP","38.0","38","2","0","4.26","1.37","18","35","17","5","38","0","2","0"
"Buck Farmer","","RP","50.0","49","2","0","4.50","1.36","25","47","21","7","50","0","3","0"
"Connor Brogdon","PHI","RP","33.0","32","2","0","4.36","1.33","16","31","13","5","33","0","2","0"
"Brandon Walter","BOS","RP,SP","58.0","44","3","0","4.50","1.38","29","62","18","7","20","8","4","0"
"Wes Parsons","TOR","RP,SP","28.0","29","1","0","3.86","1.32","12","26","11","4","28","0","1","0"
"Guillermo Zuniga","STL","RP","44.0","44","2","0","4.30","1.39","21","40","21","6","44","0","2","0"
"Alex Reyes","","SP,RP","40.0","44","2","0","4.28","1.40","19","35","21","5","40","0","2","0"
"Zach Pop","TOR","RP","35.0","30","2","0","4.11","1.37","16","35","13","4","35","0","2","0"
"Luis Frias","ARI","RP","44.0","43","2","0","4.30","1.39","21","41","20","5","44","0","2","0"
"Corey Kluber","","RP,SP","105.0","79","6","0","5.06","1.37","59","115","29","19","19","19","7","0"
"Joey Estes","OAK","SP","85.0","65","4","0","4.87","1.36","46","87","29","15","32","11","6","0"
"Drew Rucinski","OAK","SP,RP","100.0","78","5","0","4.86","1.39","54","106","33","16","18","18","7","0"
"Kyle Nicolas","PIT","RP,SP","49.0","50","2","0","4.41","1.39","24","46","22","7","42","2","3","0"
"Brendon Little","TOR","RP","33.0","28","2","0","3.82","1.42","14","32","15","3","33","0","2","0"
"Shawn Dubin","HOU","RP,SP","30.0","31","2","0","4.20","1.37","14","28","13","4","23","2","1","0"
"Shane Drohan","CWS","SP","65.0","57","3","0","4.57","1.40","33","63","28","10","58","2","4","0"
"Isaiah Campbell","BOS","SP,RP","48.0","46","2","0","4.31","1.40","23","47","20","6","48","0","2","0"
"Amir Garrett","","RP","41.0","46","2","0","4.17","1.44","19","36","23","5","41","0","2","0"
"J.B. Bukauskas","MIL","RP","28.0","26","1","0","3.86","1.32","12","27","10","3","28","0","1","0"
"Greg Weissert","BOS","RP","36.0","36","2","0","4.25","1.39","17","34","16","4","36","0","2","0"
"Freddy Tarnok","OAK","RP","33.0","32","1","0","4.09","1.33","15","30","14","5","33","0","2","0"
"Landon Knack","LAD","SP","49.0","41","3","0","4.78","1.35","26","51","15","9","18","6","3","0"
"Sammy Peralta","CWS","RP,SP","51.0","42","2","0","4.41","1.37","25","51","19","7","51","0","3","0"
"Drew Pomeranz","","RP","41.0","42","2","0","4.39","1.39","20","38","19","6","41","0","2","0"
"Cole Sulser","NYM","RP","33.0","32","2","0","4.36","1.36","16","31","14","5","33","0","2","0"
"Max Kranick","PIT","RP","46.0","39","2","0","4.50","1.35","23","46","16","7","46","0","2","0"
"Elieser Hernandez","","SP,RP","23.0","24","1","0","4.30","1.22","11","21","7","4","23","0","1","0"
"Jordan Balazovic","MIN","RP,SP","48.0","43","2","0","4.31","1.40","23","47","20","6","48","0","2","0"
"Yerry De Los Santos","NYY","RP","34.0","31","2","0","4.24","1.38","16","33","14","4","34","0","2","0"
"Reed Garrett","NYM","RP","36.0","33","2","0","4.25","1.39","17","35","15","5","36","0","2","0"
"Derek Law","","RP,SP","48.0","42","2","0","4.31","1.40","23","48","19","6","48","0","2","0"
"Josh Winder","MIN","RP,SP","44.0","39","2","0","4.50","1.36","22","45","15","6","44","0","2","0"
"Hagen Danner","TOR","C,RP","21.0","22","1","0","3.86","1.29","9","19","8","3","21","0","1","0"
"Mason Englert","DET","RP,SP","38.0","32","2","0","4.50","1.34","19","39","12","6","38","0","2","0"
"George Soriano","MIA","RP","54.0","50","2","0","4.50","1.39","27","52","23","7","54","0","3","0"
"Dennis Santana","NYY","RP","32.0","32","2","0","4.22","1.41","15","30","15","4","32","0","2","0"
"Richard Bleier","CHC","RP","39.0","25","2","0","4.15","1.38","18","43","11","4","39","0","2","0"
"Matt Barnes","","RP","46.0","45","2","0","4.50","1.39","23","44","20","6","46","0","2","0"
"Jake Odorizzi","","SP","96.0","77","5","0","4.97","1.39","53","101","32","17","18","18","7","0"
"Jose Quijada","LAA","RP","25.0","29","1","0","3.96","1.36","11","22","12","3","25","0","1","0"
"Dominic Leone","","RP","48.0","48","2","0","4.50","1.40","24","46","21","7","48","0","2","0"
"Alex Speas","CWS","SP,RP","38.0","43","2","0","4.26","1.45","18","32","23","5","38","0","2","0"
"Calvin Faucher","MIA","RP,SP","33.0","32","2","0","4.36","1.39","16","32","14","4","33","0","2","0"
"Liam Hendriks","","RP","10.0","12","1","0","3.60","1.10","4","8","3","1","10","0","0","0"
"Devin Sweet","OAK","RP","36.0","31","2","0","4.50","1.36","18","35","14","5","36","0","2","0"
"Keegan Thompson","CHC","SP,RP","48.0","46","2","0","4.50","1.40","24","46","21","7","48","0","2","0"
"Ben Heller","PIT","RP","33.0","30","2","0","4.36","1.39","16","32","14","4","33","0","2","0"
"R.J. Dabovich","SF","RP","33.0","34","2","0","4.36","1.42","16","31","16","4","33","0","2","0"
"Alex Young","CIN","RP","52.0","46","2","0","4.50","1.40","26","53","20","8","52","0","3","0"
"Tyler Duffey","KC","RP","34.0","31","2","0","4.50","1.38","17","33","14","5","34","0","2","0"
"Cody Bolton","SEA","RP,SP","24.0","24","1","0","4.13","1.33","11","22","10","3","24","0","1","0"
"Luis F. Ortiz","PHI","RP","30.0","25","1","0","4.20","1.33","14","30","10","4","30","0","1","0"
"Matthew Boyd","","RP,SP","18.0","17","1","0","4.00","1.28","8","17","6","3","3","3","1","0"
"Josh Simpson","MIA","RP","17.0","18","1","0","3.71","1.35","7","15","8","2","17","0","1","0"
"Kolby Allard","","RP,SP","54.0","46","3","0","4.83","1.39","29","55","20","9","10","10","4","0"
"Hogan Harris","OAK","RP,SP","43.0","38","2","0","4.40","1.42","21","41","20","6","28","3","3","0"
"Drew VerHagen","","RP","58.0","52","3","0","4.66","1.43","30","58","25","8","58","0","3","0"
"Bryce Jarvis","ARI","RP,SP","42.0","37","2","0","4.50","1.40","21","42","17","5","35","2","2","0"
"Bryan Hoeing","MIA","RP,SP","33.0","25","2","0","4.36","1.39","16","36","10","4","26","2","2","0"
"John Curtiss","","RP","45.0","38","2","0","4.60","1.38","23","46","16","7","45","0","2","0"
"Kyle Keller","","RP","42.0","41","2","0","4.71","1.38","22","40","18","7","42","0","2","0"
"Zach McAllister","","RP","27.0","26","1","0","4.33","1.33","13","26","10","4","27","0","1","0"
"Bryan Shaw","","RP","49.0","44","2","0","4.41","1.43","24","48","22","6","49","0","3","0"
"Hunter Gaddis","CLE","SP","46.0","39","2","0","4.89","1.33","25","46","15","8","31","3","3","0"
"Andrew Wantz","LAA","RP,SP","46.0","45","2","0","4.70","1.39","24","45","19","8","46","0","2","0"
"Steven Cruz","KC","RP,SP","58.0","57","3","0","4.50","1.48","29","54","32","7","58","0","3","0"
"J.P. Feyereisen","LAD","RP","58.0","53","3","0","4.81","1.41","31","58","24","10","58","0","3","0"
"Brady Basso","OAK","SP","12.0","11","1","0","3.75","1.25","5","11","4","1","12","0","1","0"
"Connor Cooke","TOR","SP","17.0","18","1","0","4.24","1.29","8","15","7","2","17","0","1","0"
"Antoine Kelly","TEX","SP","33.0","33","2","0","4.36","1.45","16","31","17","4","33","0","2","0"
"Mason Montgomery","TB","SP","28.0","24","2","0","4.50","1.39","14","27","12","4","5","5","2","0"
"Carl Edwards Jr.","","RP","50.0","44","2","0","4.50","1.42","25","50","21","7","50","0","3","0"
"Jonathan Heasley","KC","RP,SP","35.0","28","2","0","4.63","1.37","18","37","11","5","35","0","2","0"
"Jackson Wolf","PIT","SP","39.0","32","2","0","4.62","1.38","20","41","13","6","24","3","2","0"
"Codi Heuer","","RP","48.0","42","2","0","4.50","1.42","24","48","20","7","48","0","2","0"
"Trevor Brigden","TB","RP","17.0","17","1","0","4.24","1.29","8","16","6","3","17","0","1","0"
"Johnny Cueto","","SP","128.0","89","7","0","5.06","1.40","72","143","36","23","23","23","9","0"
"Jose Ruiz","PHI","RP","21.0","21","1","0","4.29","1.33","10","19","9","3","21","0","1","0"
"Kenny Rosenberg","LAA","RP,SP","64.0","54","4","0","4.78","1.45","34","66","27","10","11","11","4","0"
"Roddery Munoz","PIT","SP","38.0","34","2","0","4.50","1.42","19","37","17","5","38","0","2","0"
"Hayden Juenger","TOR","SP","19.0","19","1","0","4.26","1.32","9","18","7","3","19","0","1","0"
"Tyson Miller","SEA","RP,SP","19.0","18","1","0","4.26","1.32","9","18","7","3","19","0","1","0"
"Nolan Clenney","NYM","RP","19.0","18","1","0","4.26","1.32","9","18","7","3","19","0","1","0"
"Xzavion Curry","CLE","RP,SP","64.0","51","3","0","4.92","1.38","35","66","22","11","43","5","4","0"
"Lyon Richardson","CIN","SP","33.0","34","2","0","4.64","1.42","17","31","16","5","18","3","2","0"
"Jackson Stephens","ATL","RP","24.0","22","1","0","4.13","1.38","11","24","9","3","24","0","1","0"
"Yohan Ramirez","CWS","RP","36.0","35","2","0","4.50","1.44","18","34","18","5","36","0","2","0"
"Logan Gillaspie","SD","RP","33.0","28","2","0","4.64","1.39","17","33","13","5","33","0","2","0"
"Dylan Coleman","HOU","RP","28.0","31","1","0","4.18","1.43","13","24","16","3","28","0","1","0"
"Julio Teheran","","SP","101.0","75","5","0","4.99","1.40","56","111","30","17","18","18","7","0"
"Peter Strzelecki","ARI","RP","38.0","35","2","0","4.74","1.39","20","37","16","5","38","0","2","0"
"Jimmy Lambert","CWS","RP","58.0","54","3","0","4.81","1.43","31","56","27","10","58","0","3","0"
"McKinley Moore","PHI","RP","24.0","26","1","0","4.13","1.42","11","21","13","3","24","0","1","0"
"Tucker Davidson","BAL","RP,SP","12.0","11","1","0","3.75","1.33","5","12","4","2","12","0","1","0"
"Matt Sauer","KC","SP","66.0","55","3","0","4.77","1.42","35","67","27","10","43","5","4","0"
"Kaleb Ort","MIA","RP","28.0","28","1","0","4.50","1.36","14","26","12","4","28","0","1","0"
"Ryan Loutos","STL","RP","36.0","29","2","0","4.50","1.42","18","36","15","4","36","0","2","0"
"Kolton Ingram","LAA","RP","40.0","38","2","0","4.50","1.45","20","38","20","5","40","0","2","0"
"Jeff Brigham","","RP","34.0","34","2","0","4.76","1.41","18","32","16","6","34","0","2","0"
"Carson Coleman","TEX","RP","35.0","34","2","0","4.63","1.43","18","34","16","5","35","0","2","0"
"Yosver Zulueta","TOR","SP,RP","24.0","24","1","0","4.13","1.42","11","22","12","3","24","0","1","0"
"Edgar Barclay","NYY","RP","17.0","17","1","0","4.24","1.35","8","16","7","3","17","0","1","0"
"Tyler Mattison","DET","RP,SP","19.0","19","1","0","4.26","1.37","9","17","9","2","19","0","1","0"
"Ryan Tepera","","RP","28.0","26","1","0","4.50","1.36","14","27","11","4","28","0","1","0"
"Simeon Woods Richardson","MIN","RP,SP","93.0","74","5","0","4.84","1.45","50","96","39","14","39","11","6","0"
"Oliver Ortega","HOU","RP","17.0","16","1","0","4.24","1.35","8","16","7","2","17","0","1","0"
"Jake Bird","COL","RP,SP","62.0","54","3","1","4.65","1.47","32","67","24","7","62","0","3","0"
"Jonathan Bowlan","KC","SP","39.0","31","2","0","4.62","1.41","20","41","14","6","24","3","2","0"
"Victor Mederos","LAA","RP,SP","19.0","18","1","0","4.26","1.37","9","18","8","3","19","0","1","0"
"Braxton Ashcraft","PIT","SP","19.0","18","1","0","4.26","1.37","9","19","7","3","19","0","1","0"
"Sam Bachman","LAA","RP,SP","33.0","30","2","0","4.36","1.48","16","32","17","4","33","0","2","0"
"Bailey Horn","CHC","RP","41.0","38","2","0","4.61","1.44","21","39","20","6","41","0","2","0"
"Jordan Leasure","CWS","RP","24.0","25","1","0","4.50","1.38","12","22","11","4","24","0","1","0"
"Chasen Shreve","","RP","22.0","21","1","0","4.50","1.36","11","21","9","3","22","0","1","0"
"Ricky Vanasco","LAD","SP,RP","28.0","27","1","0","4.50","1.39","14","27","12","4","28","0","1","0"
"Randy Dobnak","MIN","SP,RP","19.0","15","1","0","4.26","1.37","9","20","6","2","19","0","1","0"
"Tim Cate","WSH","SP","36.0","27","2","0","4.50","1.44","18","37","15","5","36","0","2","0"
"Gus Varland","LAD","RP","44.0","40","2","0","4.70","1.43","23","44","19","7","44","0","2","0"
"Corbin Martin","ARI","SP,RP","28.0","26","1","0","4.50","1.39","14","28","11","4","28","0","1","0"
"Garrett Hill","DET","SP,RP","28.0","26","1","0","4.50","1.39","14","27","12","4","28","0","1","0"
"Max Castillo","KC","SP,RP","28.0","21","1","0","4.50","1.36","14","30","8","4","28","0","1","0"
"Cody Laweryson","MIN","RP","24.0","22","1","0","4.50","1.38","12","24","9","4","24","0","1","0"
"Shane Greene","","RP","36.0","31","2","0","4.75","1.42","19","36","15","5","36","0","2","0"
"Jimmy Joyce","SEA","SP","9.0","7","1","0","4.00","1.33","4","9","3","1","2","2","1","0"
"Tommy Hunter","","RP","22.0","18","1","0","4.50","1.36","11","23","7","3","22","0","1","0"
"Ian Anderson","ATL","SP","15.0","14","1","0","4.20","1.40","7","15","6","2","8","2","1","0"
"Colton Gordon","HOU","SP","10.0","10","1","0","4.50","1.30","5","9","4","1","10","0","0","0"
"T.J. Brock","TOR","RP","12.0","12","1","0","4.50","1.33","6","11","5","2","12","0","1","0"
"Dan Altavilla","KC","RP","19.0","18","1","0","4.26","1.42","9","19","8","2","19","0","1","0"
"Tim Hill","","RP","49.0","33","2","0","4.41","1.45","24","53","18","6","49","0","2","0"
"Sean Boyle","NYY","RP","10.0","9","1","0","4.50","1.30","5","10","3","1","10","0","0","0"
"Ethan Roberts","CHC","RP","16.0","16","1","0","4.50","1.38","8","15","7","2","16","0","1","0"
"Anthony Veneziano","KC","RP,SP","100.0","77","5","0","4.86","1.45","54","105","40","14","32","15","7","0"
"Kade McClure","","SP,RP","24.0","19","1","0","4.50","1.38","12","25","8","3","24","0","1","0"
"Adam Cimber","LAA","RP","62.0","42","3","0","4.79","1.42","33","68","20","9","62","0","3","0"
"Mauricio Llovera","BOS","RP","31.0","28","1","0","4.65","1.39","16","31","12","4","31","0","2","0"
"Forrest Whitley","HOU","SP","24.0","23","1","0","4.50","1.42","12","23","11","3","24","0","1","0"
"Zack Kelly","BOS","RP","28.0","27","1","0","4.50","1.43","14","27","13","3","28","0","1","0"
"Harold Chirino","MIL","RP","24.0","22","1","0","4.50","1.42","12","24","10","3","24","0","1","0"
"Erik Sabrowski","CLE","P","19.0","19","1","0","4.26","1.47","9","18","10","2","19","0","1","0"
"Justin Slaten","BOS","RP,SP","53.0","51","2","0","4.75","1.45","28","52","25","8","53","0","3","0"
"Trey McLoughlin","NYM","RP","21.0","19","1","0","4.71","1.38","11","21","8","3","21","0","1","0"
"Carson Seymour","SF","SP","10.0","9","0","0","3.60","1.30","4","10","3","1","10","0","0","0"
"Daniel Robert","TEX","RP","12.0","12","1","0","4.50","1.42","6","12","5","2","12","0","1","0"
"Porter Hodge","CHC","SP","12.0","12","1","0","4.50","1.42","6","11","6","2","12","0","1","0"
"Lucas Gilbreath","COL","RP","48.0","49","2","0","4.69","1.48","25","47","24","6","48","0","3","0"
"Jake Cousins","CWS","RP","14.0","14","1","0","4.50","1.43","7","13","7","2","14","0","1","0"
"Grant Holmes","ATL","SP,RP","10.0","9","1","0","4.50","1.40","5","10","4","1","10","0","0","0"
"Adam Kloffenstein","STL","SP","10.0","9","1","0","4.50","1.40","5","10","4","1","10","0","0","0"
"Kelvin Caceres","LAA","RP","38.0","39","2","0","4.50","1.53","19","35","23","5","38","0","2","0"
"Evan Gates","SF","RP","12.0","11","1","0","4.50","1.42","6","12","5","2","12","0","1","0"
"Austin Pruitt","OAK","RP,SP","26.0","20","1","0","4.85","1.35","14","28","7","4","26","0","1","0"
"Christian Roa","CIN","SP","27.0","29","1","0","4.67","1.44","14","25","14","4","27","0","1","0"
"Jacob Barnes","","RP","24.0","19","1","0","4.50","1.42","12","25","9","3","24","0","1","0"
"Joe Jacques","BOS","RP,SP","24.0","19","1","0","4.50","1.42","12","25","9","3","24","0","1","0"
"Kevin Kopps","SD","RP,SP","19.0","16","1","0","4.26","1.47","9","19","9","2","19","0","1","0"
"Tyler Samaniego","PIT","RP","17.0","14","1","0","4.24","1.47","8","17","8","2","17","0","1","0"
"Zach McCambley","MIA","SP","12.0","10","1","0","4.50","1.42","6","12","5","2","12","0","1","0"
"Travis Kuhn","SEA","RP","14.0","12","1","0","4.50","1.43","7","14","6","2","14","0","1","0"
"Joe La Sorsa","WSH","RP","19.0","14","1","0","4.74","1.37","10","20","6","3","19","0","1","0"
"Jaime Barria","CLE","RP,SP","51.0","38","2","0","4.94","1.39","28","54","17","9","36","3","3","0"
"Kyle Crick","NYM","RP","28.0","27","1","0","4.50","1.46","14","27","14","4","28","0","1","0"
"Hunter McMahon","MIN","P","12.0","9","1","0","4.50","1.42","6","13","4","1","12","0","1","0"
"Penn Murfee","ATL","RP","17.0","16","1","0","4.76","1.41","9","17","7","2","17","0","1","0"
"Austin Cox","KC","RP,SP","14.0","11","1","0","4.50","1.43","7","15","5","2","14","0","1","0"
"Noah Syndergaard","","SP","106.0","71","5","0","5.18","1.38","61","120","26","18","19","19","8","0"
"Casey Legumina","CIN","SP,RP","42.0","37","2","0","4.93","1.43","23","43","17","7","42","0","2","0"
"Adam Oller","","SP,RP","24.0","21","1","0","4.88","1.38","13","24","9","4","24","0","1","0"
"Dane Acker","TEX","SP","19.0","18","1","0","4.74","1.42","10","18","9","3","19","0","1","0"
"Janson Junk","MIL","P,SP","30.0","22","1","0","4.80","1.37","16","33","8","5","23","2","2","0"
"Zak Kent","TEX","SP","15.0","13","1","0","4.80","1.40","8","16","5","2","8","2","1","0"
"Mark Melancon","","RP","44.0","31","2","0","4.50","1.48","22","48","17","5","44","0","2","0"
"Patrick Monteverde","MIA","SP","28.0","23","1","0","4.82","1.39","15","29","10","4","21","2","2","0"
"Vince Velasquez","","SP,RP","34.0","31","2","0","5.03","1.44","19","35","14","6","6","6","2","0"
"Logan Sawyer","STL","RP","17.0","14","1","0","4.76","1.41","9","17","7","2","17","0","1","0"
"Jose Marte","","RP","12.0","12","1","0","4.50","1.50","6","11","7","2","12","0","1","0"
"Conor Grammes","ARI","RP","12.0","12","1","0","4.50","1.50","6","11","7","1","12","0","1","0"
"Victor Vodnik","COL","SP,RP","38.0","37","2","0","4.74","1.50","20","38","19","5","38","0","2","0"
"Chris Murphy","BOS","RP,SP","63.0","52","3","0","4.86","1.46","34","65","27","9","25","8","4","0"
"Wil Jensen","SF","SP","21.0","18","1","0","4.71","1.43","11","22","8","3","21","0","1","0"
"Andrew Magno","DET","RP","17.0","15","1","0","4.24","1.53","8","17","9","2","17","0","1","0"
"Sam Coonrod","","RP","42.0","36","2","0","4.71","1.48","22","42","20","6","42","0","2","0"
"Thaddeus Ward","WSH","RP,SP","44.0","38","2","0","4.70","1.48","23","44","21","6","44","0","2","0"
"Michael McGreevy","STL","SP","18.0","11","1","0","4.50","1.44","9","21","5","2","3","3","1","0"
"Justin Jarvis","NYM","SP","26.0","24","1","0","4.85","1.42","14","26","11","4","19","2","2","0"
"Dominic Hamel","NYM","SP","9.0","8","1","0","5.00","1.44","5","9","4","1","2","2","1","0"
"Joel Kuhnel","HOU","RP","19.0","14","1","0","4.74","1.42","10","21","6","3","19","0","1","0"
"Evan Reifert","TB","RP","28.0","28","1","0","4.50","1.50","14","26","16","4","28","0","1","0"
"Michael Mercado","PHI","SP","10.0","10","0","0","4.50","1.30","5","9","4","2","10","0","1","0"
"Chris Wright","SF","RP","19.0","19","1","0","4.74","1.47","10","17","11","3","19","0","1","0"
"Justin Yeager","MIL","RP","19.0","19","1","0","4.74","1.47","10","18","10","3","19","0","1","0"
"Trevor Williams","WSH","SP,RP","127.0","95","6","0","5.10","1.42","72","139","41","23","44","19","9","0"
"Mychal Givens","","RP","49.0","44","2","0","4.78","1.47","26","49","23","8","49","0","3","0"
"RJ Petit","DET","RP","12.0","9","1","0","4.50","1.50","6","13","5","2","12","0","1","0"
"Cam Sanders","CHC","RP","32.0","32","1","0","4.50","1.50","16","30","18","4","32","0","2","0"
"Jeurys Familia","","RP","20.0","18","1","0","4.50","1.50","10","20","10","3","20","0","1","0"
"Bryan Mata","BOS","SP","63.0","57","3","0","4.71","1.51","33","63","32","8","40","5","4","0"
"Justin Hagenman","BOS","RP","10.0","9","0","0","4.50","1.30","5","10","3","1","10","0","1","0"
"Jack Leftwich","CLE","SP","10.0","9","0","0","4.50","1.30","5","10","3","1","10","0","1","0"
"Zack Weiss","BOS","RP","19.0","18","1","0","4.74","1.47","10","19","9","3","19","0","1","0"
"Braydon Fisher","LAD","RP,SP","19.0","18","1","0","4.74","1.47","10","18","10","3","19","0","1","0"
"Erasmo Ramirez","TB","RP","10.0","8","0","0","4.50","1.30","5","10","3","1","10","0","1","0"
"Drew Carlton","SD","RP","10.0","8","0","0","4.50","1.30","5","10","3","2","10","0","0","0"
"Nick Wittgren","","RP","37.0","28","2","0","4.86","1.46","20","40","14","6","37","0","2","0"
"Ty Blach","","RP,SP","71.0","46","4","0","4.94","1.45","39","81","22","11","13","13","5","0"
"Will Klein","KC","RP","33.0","31","2","0","4.64","1.55","17","32","19","4","33","0","2","0"
"Jimmy Nelson","","SP,RP","28.0","28","1","0","4.82","1.46","15","26","15","4","28","0","1","0"
"Austin Schulfer","MIN","RP","17.0","14","1","0","4.76","1.47","9","18","7","2","17","0","1","0"
"Nick Avila","SF","RP","17.0","14","1","0","4.76","1.47","9","18","7","2","17","0","1","0"
"Aidan Anderson","","P","17.0","14","1","0","4.76","1.47","9","18","7","3","17","0","1","0"
"Andre Granillo","STL","RP","21.0","19","1","0","4.71","1.48","11","20","11","3","21","0","1","0"
"David Parkinson","PHI","SP","24.0","19","1","0","4.88","1.42","13","25","9","4","17","2","1","0"
"Taylor Lehman","PHI","RP","19.0","16","1","0","4.74","1.47","10","19","9","3","19","0","1","0"
"Austin Warren","LAA","RP","21.0","18","1","0","4.71","1.48","11","22","9","3","21","0","1","0"
"Blair Calvo","DET","RP","21.0","18","1","0","4.71","1.48","11","21","10","2","21","0","1","0"
"Ryan Bergert","SD","SP","18.0","15","1","0","5.00","1.44","10","18","8","3","3","3","1","0"
"Moises Lugo","SD","RP","6.0","6","0","0","4.50","1.33","3","5","3","1","6","0","0","0"
"Matt Bowman","","RP","21.0","17","1","0","4.71","1.48","11","22","9","3","21","0","1","0"
"Richard Fitts","BOS","SP","18.0","14","1","0","5.00","1.44","10","20","6","3","3","3","1","0"
"Tyler Phillips","PHI","SP","6.0","5","0","0","4.50","1.33","3","6","2","1","6","0","0","0"
"Carson Spiers","CIN","SP","46.0","39","2","0","5.09","1.43","26","48","18","8","39","2","3","0"
"Matt Foster","CWS","RP","10.0","9","0","0","4.50","1.40","5","10","4","2","10","0","1","0"
"Zach Davies","","SP","110.0","84","6","0","4.99","1.47","61","119","43","18","21","21","8","0"
"River Ryan","LAD","P","9.0","7","1","0","5.00","1.56","5","10","4","2","2","2","1","0"
"Amos Willingham","WSH","RP","46.0","36","2","0","4.89","1.46","25","48","19","7","46","0","3","0"
"Nathan Webb","BAL","RP","24.0","20","1","0","4.88","1.46","13","24","11","4","24","0","1","0"
"Conner Loeprich","BAL","RP","10.0","8","0","0","4.50","1.40","5","10","4","2","10","0","1","0"
"Logan Gragg","STL","SP","25.0","17","1","0","5.04","1.40","14","27","8","4","25","0","1","0"
"Sem Robberse","STL","SP","9.0","6","1","0","5.00","1.56","5","10","4","1","2","2","1","0"
"Ryan Jensen","MIA","SP","21.0","19","1","0","4.71","1.52","11","21","11","2","21","0","1","0"
"Evan Justice","COL","RP","35.0","36","2","0","4.89","1.54","19","35","19","5","35","0","2","0"
"Morgan McSweeney","BAL","RP","17.0","14","1","0","4.76","1.53","9","17","9","3","17","0","1","0"
"Bradley Hanner","CLE","RP","17.0","14","1","0","4.76","1.53","9","17","9","2","17","0","1","0"
"Randy Labaut","CLE","RP","12.0","10","1","0","5.25","1.50","7","12","6","2","12","0","1","0"
"Spencer Arrighetti","HOU","SP","18.0","16","1","0","5.00","1.50","10","19","8","3","3","3","1","0"
"Randy Rodriguez","SF","RP,SP","28.0","27","1","0","4.82","1.50","15","26","16","4","28","0","2","0"
"Jose Castillo","ARI","RP","6.0","6","0","0","4.50","1.50","3","6","3","1","6","0","0","0"
"Owen White","TEX","RP,SP","61.0","47","3","0","5.02","1.46","34","65","24","10","30","6","4","0"
"Enoli Paredes","MIL","RP","10.0","10","0","0","4.50","1.50","5","9","6","1","10","0","1","0"
"Riley Martin","CHC","P","10.0","10","0","0","4.50","1.50","5","9","6","1","10","0","1","0"
"Nick Nelson","PHI","RP","63.0","46","3","0","4.86","1.48","34","66","27","9","33","6","4","0"
"Caleb Freeman","CWS","RP","6.0","5","0","0","4.50","1.50","3","6","3","1","6","0","0","0"
"J.C. Flowers","PIT","RP","6.0","5","0","0","4.50","1.50","3","6","3","1","6","0","0","0"
"Stevie Emanuels","OAK","P","8.0","7","0","0","4.50","1.50","4","8","4","1","8","0","0","0"
"Chris Rodriguez","ARI","SP,RP","10.0","9","0","0","4.50","1.50","5","10","5","1","10","0","1","0"
"Andre Scrubb","NYM","RP","10.0","9","0","0","4.50","1.50","5","10","5","1","10","0","1","0"
"Mitchell Parker","WSH","SP","28.0","25","1","0","4.82","1.50","15","28","14","4","13","3","2","0"
"Alex Mauricio","NYY","RP","19.0","16","1","0","5.21","1.47","11","20","8","3","19","0","1","0"
"Deivi Garcia","CWS","RP,SP","62.0","57","3","0","5.08","1.48","35","60","32","11","62","0","3","0"
"Declan Cronin","CWS","RP","33.0","22","1","0","4.64","1.48","17","35","14","4","33","0","2","0"
"Jose Urena","","SP","61.0","42","3","0","4.87","1.48","33","67","23","9","11","11","4","0"
"Nick Nastrini","CWS","SP","92.0","83","4","0","5.09","1.46","52","92","42","17","16","16","7","0"
"Eli Villalobos","MIA","RP","10.0","8","0","0","4.50","1.50","5","10","5","1","10","0","1","0"
"Tanner Myatt","NYY","RP","12.0","11","1","0","5.25","1.58","7","12","7","2","12","0","1","0"
"Brad Boxberger","","RP","54.0","46","2","0","5.00","1.46","30","55","24","8","54","0","3","0"
"Nick Dombkowski","PIT","RP","10.0","7","0","0","4.50","1.50","5","11","4","2","10","0","1","0"
"Juan Mejia","COL","P","12.0","10","1","0","5.25","1.58","7","13","6","2","12","0","1","0"
"Matt Festa","","RP","52.0","45","3","0","5.19","1.48","30","53","24","8","14","8","4","0"
"Taylor Dollard","SEA","SP","9.0","7","0","0","5.00","1.44","5","10","3","2","2","2","1","0"
"Justin Armbruester","BAL","SP","9.0","7","0","0","5.00","1.44","5","10","3","2","2","2","1","0"
"Chris Flexen","","SP,RP","53.0","38","3","0","5.09","1.47","30","59","19","9","10","10","4","0"
"Luis Guerrero","BOS","RP","21.0","20","1","0","5.14","1.52","12","21","11","3","21","0","1","0"
"Andrew Bash","TOR","P","10.0","8","0","0","5.40","1.40","6","10","4","2","10","0","1","0"
"Dugan Darnell","COL","RP","17.0","15","1","0","5.29","1.53","10","18","8","3","17","0","1","0"
"Dallas Keuchel","","SP","95.0","62","5","0","4.64","1.53","49","107","38","12","18","18","6","0"
"Daniel Duarte","CIN","RP","46.0","41","2","0","4.89","1.52","25","46","24","7","46","0","2","0"
"Griff McGarry","PHI","SP","9.0","8","0","0","5.00","1.56","5","9","5","1","2","2","1","0"
"Cristian Mena","CWS","SP","18.0","15","1","0","5.50","1.50","11","19","8","3","3","3","1","0"
"Grant Gambrell","BOS","SP","9.0","7","0","0","5.00","1.56","5","10","4","1","2","2","1","0"
"Yonny Chirinos","","RP,SP","89.0","59","5","0","5.06","1.47","50","100","31","14","16","16","6","0"
"Eric Torres","LAA","RP","17.0","17","1","0","5.29","1.59","10","16","11","3","17","0","1","0"
"Lane Ramsey","CWS","RP","44.0","39","2","0","5.11","1.50","25","43","23","7","44","0","2","0"
"Holden Powell","WSH","RP","17.0","14","1","0","5.29","1.59","10","18","9","3","17","0","1","0"
"Brett Kerry","LAA","SP","9.0","7","0","0","6.00","1.44","6","10","3","2","2","2","1","0"
"Geoff Hartlieb","COL","RP","21.0","17","1","0","5.14","1.57","12","23","10","3","21","0","1","0"
"Sean Reynolds","SD","RP","21.0","17","1","0","5.14","1.57","12","21","12","3","21","0","1","0"
"Angel Chivilli","COL","P","6.0","5","0","0","6.00","1.67","4","7","3","1","6","0","0","0"
"Anthony Molina","COL","RP","44.0","31","2","0","5.32","1.45","26","51","13","8","44","0","2","0"
"Stephen Jones","COL","RP","24.0","20","1","0","5.25","1.54","14","26","11","4","24","0","1","0"
"Jake Woodford","","RP,SP","79.0","55","4","0","5.01","1.49","44","88","30","12","15","15","6","0"
"Blake Walston","ARI","SP","18.0","12","1","0","5.50","1.56","11","20","8","3","3","3","1","0"
"Chase Anderson","","SP","94.0","72","5","0","5.27","1.46","55","99","38","17","18","18","7","0"
"Noah Skirrow","PHI","RP,SP","9.0","6","0","0","6.00","1.56","6","10","4","2","2","2","1","0"
"Nick Mears","COL","RP","60.0","60","3","0","5.10","1.55","34","60","33","9","60","0","3","0"
"Adam Kolarek","","RP","52.0","37","2","0","4.67","1.56","27","56","25","6","52","0","3","0"
"Chih-Jung Liu","BOS","SP","18.0","14","1","0","5.50","1.61","11","20","9","3","3","3","1","0"
"Matt Koch","","RP","28.0","21","1","0","5.46","1.50","17","32","10","5","28","0","2","0"
"Luke Albright","ARI","SP","9.0","7","0","0","6.00","1.67","6","10","5","1","2","2","1","0"
"Chad Kuhl","","RP,SP","79.0","65","4","0","5.24","1.49","46","82","36","14","15","15","6","0"
"Mason Erla","LAA","SP","9.0","6","0","0","6.00","1.67","6","11","4","2","2","2","1","0"
"Tanner Gordon","COL","SP","18.0","12","1","0","6.00","1.56","12","22","6","4","3","3","1","0"
"Cole Winn","TEX","SP","39.0","34","2","0","5.31","1.56","23","40","21","7","24","3","2","0"
"Levi Stoudt","CIN","SP","39.0","30","2","0","5.54","1.51","24","43","16","8","32","2","2","0"
"Riley Pint","COL","RP","33.0","32","1","0","4.91","1.64","18","33","21","4","33","0","2","0"
"Gavin Hollowell","COL","RP","54.0","49","2","0","5.33","1.50","32","57","24","9","54","0","3","0"
"Edgar Navarro","CWS","RP","28.0","22","1","0","5.14","1.61","16","29","16","4","28","0","2","0"
"Ryan Rolison","COL","SP","18.0","13","1","0","6.00","1.61","12","22","7","3","3","3","1","0"
"Joe Rock","COL","SP","37.0","28","2","0","5.59","1.54","23","42","15","6","6","6","3","0"
"Madison Bumgarner","","SP","80.0","58","4","0","5.40","1.48","48","89","29","15","15","15","6","0"
"Collin Snider","KC","RP","48.0","33","2","0","5.06","1.60","27","53","24","6","48","0","3","0"
"Brad Keller","","SP,RP","62.0","47","3","0","5.08","1.60","35","66","33","8","11","11","4","0"
"Dakota Hudson","","RP,SP","99.0","60","5","0","5.00","1.54","55","113","39","13","18","18","7","0"
"Jackson Rutledge","WSH","SP","97.0","69","4","0","5.38","1.49","58","105","40","17","22","16","7","0"
"Jeff Criswell","COL","SP","46.0","35","2","0","5.87","1.57","30","52","20","9","8","8","4","0"
"Justin Dunn","","SP","63.0","48","3","0","5.71","1.54","40","67","30","12","11","11","5","0"
"Adam Plutko","","SP,RP","55.0","37","2","0","5.89","1.53","36","62","22","12","10","10","4","0"
"Noah Davis","COL","RP,SP","90.0","66","4","0","6.00","1.60","60","103","41","17","32","13","7","0"