Name,"Team","G","AB","PA","H","1B","2B","3B","HR","R","RBI","BB","IBB","SO","HBP","SF","SH","GDP","SB","CS","AVG","playerid"
"Howie Kendrick","Nationals","121","334","370","115","74","23","1","17","61","62","27","1","49","4","5","0","11","2","1",".344","4229"
"Tim Anderson","White Sox","123","498","518","167","117","32","0","18","81","56","15","0","109","3","2","0","12","17","5",".335","15172"
"Luis Arraez","Twins","92","326","366","109","84","20","1","4","54","28","36","1","29","1","3","0","2","2","2",".334","18568"
"Donovan Solano","Giants","81","215","228","71","53","13","1","4","27","23","10","0","49","1","2","0","4","0","1",".330","8623"
"Christian Yelich","Brewers","130","489","580","161","85","29","3","44","100","97","80","16","118","8","3","0","8","30","2",".329","11477"
"Ketel Marte","Diamondbacks","144","569","628","187","110","36","9","32","97","92","53","2","86","4","2","0","7","10","2",".329","13613"
"DJ LeMahieu","Yankees","145","602","655","197","136","33","2","26","109","102","46","0","90","2","4","1","14","5","2",".327","9874"
"Anthony Rendon","Nationals","146","545","646","174","93","44","3","34","117","126","80","8","86","12","9","0","13","5","1",".319","12861"
"Jeff McNeil","Mets","133","510","567","162","100","38","1","23","83","75","35","2","75","21","1","0","5","5","6",".318","15362"
"Fernando Tatis Jr.","Padres","84","334","372","106","65","13","6","22","61","53","30","1","110","5","3","0","4","16","6",".317","19709"
"Wilmer Flores","Diamondbacks","89","265","285","84","57","18","0","9","31","37","15","0","31","4","1","0","9","0","0",".317","5827"
"Yoan Moncada","White Sox","132","511","559","161","97","34","5","25","83","79","40","2","154","4","3","1","1","10","3",".315","17232"
"David Freese","Dodgers","79","162","186","51","27","13","0","11","35","29","23","0","44","1","0","0","7","0","0",".315","9549"
"Nolan Arenado","Rockies","155","588","662","185","111","31","2","41","102","118","62","11","93","4","8","0","14","3","2",".315","9777"
"Giovanny Urshela","Yankees","132","442","476","139","84","34","0","21","73","74","25","1","87","5","4","0","13","1","1",".314","10681"
"Charlie Blackmon","Rockies","140","580","634","182","101","42","7","32","112","86","40","1","104","9","5","0","11","2","5",".314","7859"
"Bryan Reynolds","Pirates","134","491","546","154","97","37","4","16","83","68","46","0","121","6","3","0","9","3","2",".314","19326"
"Yordan Alvarez","Astros","87","313","369","98","45","26","0","27","58","78","52","4","94","2","2","0","9","0","0",".313","19556"
"Michael Brantley","Astros","148","575","637","179","115","40","2","22","88","90","51","3","66","7","4","0","21","3","2",".311","4106"
"Bo Bichette","Blue Jays","46","196","212","61","32","18","0","11","32","21","14","0","50","1","1","0","2","4","4",".311","19612"
"Rafael Devers","Red Sox","156","647","702","201","111","54","4","32","129","115","48","7","119","4","2","1","8","8","8",".311","17350"
"Nelson Cruz","Twins","120","454","521","141","74","26","0","41","81","108","56","8","131","7","3","0","14","0","1",".311","2434"
"Xander Bogaerts","Red Sox","155","614","698","190","105","52","0","33","110","117","76","2","122","2","6","0","11","4","2",".309","12161"
"Kevin Newman","Pirates","130","493","531","152","114","20","6","12","61","64","28","2","62","7","1","2","5","16","8",".308","17696"
"J.D. Davis","Mets","140","410","453","126","81","22","1","22","65","57","38","2","97","3","2","0","14","3","0",".307","16219"
"Hanser Alberto","Orioles","139","524","550","160","125","21","2","12","62","51","16","1","50","4","3","3","9","4","4",".305","11902"
"Cody Bellinger","Dodgers","156","558","660","170","86","34","3","47","121","115","95","21","108","3","4","0","10","15","5",".305","15998"
"J.D. Martinez","Red Sox","146","575","657","175","104","33","2","36","98","105","72","9","138","4","5","0","19","2","0",".304","6184"
"Victor Reyes","Tigers","69","276","292","84","60","16","5","3","29","25","14","0","64","0","2","0","5","9","3",".304","15487"
"Corey Dickerson","- - -","78","260","279","79","37","28","2","12","33","59","16","4","56","0","3","0","4","1","0",".304","10762"
"Tommy Edman","Cardinals","92","326","349","99","64","17","7","11","59","36","16","0","61","7","0","0","3","15","1",".304","19470"
"Keston Hiura","Brewers","84","314","348","95","51","23","2","19","51","49","25","1","107","8","1","0","6","9","3",".303","20003"
"Whit Merrifield","Royals","162","681","735","206","139","41","10","16","105","74","45","5","126","5","4","0","8","20","10",".302","11281"
"David Dahl","Rockies","100","374","413","113","65","28","5","15","67","61","28","0","110","4","5","2","3","4","4",".302","13744"
"Reese McGuire","Blue Jays","30","97","105","29","17","7","0","5","14","11","7","0","18","0","0","0","1","0","0",".299","15674"
"Jose Altuve","Astros","124","500","548","149","88","27","3","31","89","74","41","0","82","3","3","1","19","6","5",".298","5417"
"Yuli Gurriel","Astros","144","564","612","168","95","40","2","31","85","104","37","2","65","5","6","0","12","5","3",".298","19198"
"Trea Turner","Nationals","122","521","569","155","94","37","5","19","96","57","43","2","113","3","2","0","10","35","5",".298","16252"
"Brock Holt","Red Sox","87","259","295","77","58","14","2","3","38","31","28","1","57","4","4","0","4","1","0",".297","9345"
"Hunter Pence","Rangers","83","286","316","85","49","17","1","18","53","59","26","0","69","2","2","0","2","6","1",".297","8252"
"Alex Bregman","Astros","156","554","690","164","84","37","2","41","122","112","119","2","83","9","8","0","9","5","1",".296","17678"
"Ozzie Albies","Braves","160","640","702","189","114","43","8","24","102","86","54","6","112","4","4","0","2","15","4",".295","16556"
"Matt Joyce","Braves","129","200","238","59","42","10","0","7","32","23","38","0","45","0","0","0","3","0","0",".295","3353"
"Starling Marte","Pirates","132","539","586","159","99","31","6","23","97","82","25","1","94","16","4","2","15","25","6",".295","9241"
"Freddie Freeman","Braves","158","597","692","176","102","34","2","38","113","121","87","11","127","6","2","0","17","6","3",".295","5361"
"Mookie Betts","Red Sox","150","597","706","176","102","40","5","29","135","80","97","6","101","3","9","0","11","16","3",".295","13611"
"Jorge Polanco","Twins","153","631","704","186","117","40","7","22","107","79","60","2","116","4","7","2","11","4","3",".295","13152"
"Tommy La Stella","Angels","80","292","321","86","62","8","0","16","49","44","20","0","28","3","0","0","8","0","0",".295","12371"
"Alex Verdugo","Dodgers","106","343","377","101","65","22","2","12","43","44","26","1","49","2","6","0","8","4","1",".294","17027"
"Trevor Story","Rockies","145","588","656","173","95","38","5","35","111","85","58","0","174","7","3","0","3","23","8",".294","12564"
"Nick Solak","Rangers","33","116","135","34","22","6","1","5","19","17","15","1","29","4","0","0","2","2","0",".293","19294"
"Anthony Rizzo","Cubs","146","512","613","150","91","29","3","27","89","94","71","3","86","27","3","0","15","5","2",".293","3473"
"George Springer","Astros","122","479","556","140","78","20","3","39","96","96","67","1","113","6","4","0","12","6","2",".292","12856"
"Mike Trout","Angels","134","470","600","137","63","27","2","45","110","104","110","14","120","16","4","0","5","11","2",".291","10155"
"Harold Castro","Tigers","97","354","369","103","84","10","4","5","30","38","9","0","86","0","4","2","6","4","2",".291","14691"
"Trey Mancini","Orioles","154","602","679","175","100","38","2","35","106","97","63","3","143","9","5","0","22","1","0",".291","15149"
"Austin Meadows","Rays","138","530","591","154","85","29","7","33","83","89","54","6","131","7","0","0","3","12","7",".291","15672"
"Eric Sogard","- - -","110","396","442","115","77","23","2","13","59","40","38","2","63","2","3","3","4","8","0",".290","7927"
"David Fletcher","Angels","154","596","653","173","133","30","4","6","83","49","55","2","64","0","1","1","8","8","3",".290","17992"
"Justin Turner","Dodgers","135","479","549","139","88","24","0","27","80","67","51","1","88","14","5","0","11","2","0",".290","5235"
"Nicholas Castellanos","- - -","151","615","664","178","90","58","3","27","100","73","41","1","143","5","3","0","12","2","2",".289","11737"
"Tyler Naquin","Indians","89","274","294","79","50","19","0","10","34","34","14","2","66","2","2","2","8","4","2",".288","13359"
"Ramon Laureano","Athletics","123","434","481","125","72","29","0","24","79","67","27","0","123","11","8","1","7","13","2",".288","17128"
"Jose Iglesias","Reds","146","504","530","145","110","21","3","11","62","59","20","3","70","3","2","1","17","6","6",".288","10231"
"Wilson Ramos","Mets","141","473","524","136","103","19","0","14","52","73","44","5","69","4","3","0","16","1","0",".288","1433"
"Amed Rosario","Mets","157","616","655","177","125","30","7","15","75","72","31","2","124","3","3","2","13","19","10",".287","15518"
"Shohei Ohtani","Angels","106","384","425","110","67","20","5","18","51","62","33","1","110","2","4","0","6","12","3",".286","19755"
"Ryan Braun","Brewers","144","459","508","131","76","31","2","22","70","75","34","1","105","8","3","0","15","11","1",".285","3410"
"Nick Markakis","Braves","116","414","469","118","82","25","2","9","61","62","47","1","59","2","6","0","11","2","0",".285","5930"
"Marcus Semien","Athletics","162","657","747","187","104","43","7","33","123","92","87","2","102","2","1","0","11","10","8",".285","12533"
"Cameron Maybin","Yankees","82","239","269","68","40","17","0","11","48","32","30","0","72","0","0","0","5","9","6",".285","5223"
"Kolten Wong","Cardinals","148","478","549","136","96","25","4","11","61","59","47","5","83","13","5","6","2","24","4",".285","12532"
"Francisco Lindor","Indians","143","598","654","170","96","40","2","32","101","74","46","9","98","3","6","1","13","22","5",".284","12916"
"Jose Abreu","White Sox","159","634","693","180","108","38","1","33","85","123","36","4","152","13","10","0","24","2","2",".284","15676"
"Miguel Rojas","Marlins","132","483","526","137","102","29","1","5","52","46","32","2","62","5","5","1","15","9","5",".284","7802"
"Danny Santana","Rangers","130","474","511","134","77","23","6","28","81","81","25","2","151","6","5","0","8","21","6",".283","10322"
"Dominic Smith","Mets","89","177","197","50","29","10","0","11","35","25","19","0","44","1","0","0","5","1","2",".282","15653"
"Juan Soto","Nationals","150","542","659","153","82","32","5","34","110","110","108","3","132","3","6","0","11","12","1",".282","20123"
"Avisail Garcia","Rays","125","489","530","138","91","25","2","20","61","72","31","2","125","7","3","0","15","10","4",".282","5760"
"Miguel Cabrera","Tigers","136","493","549","139","106","21","0","12","41","59","48","4","108","3","5","0","18","0","0",".282","1744"
"Kris Bryant","Cubs","147","543","634","153","86","35","1","31","108","77","74","1","145","15","2","0","10","4","0",".282","15429"
"Carlos Santana","Indians","158","573","686","161","96","30","1","34","110","93","108","12","108","3","2","0","13","4","0",".281","2396"
"Garrett Cooper","Marlins","107","381","421","107","75","16","1","15","52","50","33","0","110","5","2","0","10","0","0",".281","15279"
"Austin Romine","Yankees","73","228","240","64","44","12","0","8","29","35","10","0","50","0","1","1","7","1","1",".281","5491"
"Javier Baez","Cubs","138","531","561","149","78","38","4","29","89","85","28","3","156","0","2","0","16","11","7",".281","12979"
"Melky Cabrera","Pirates","133","378","397","106","76","22","1","7","43","47","17","3","41","1","0","1","14","2","0",".280","4022"
"Ronald Acuna Jr.","Braves","156","626","715","175","110","22","2","41","127","101","76","4","188","9","1","0","8","37","9",".280","18401"
"Jean Segura","Phillies","144","576","618","161","108","37","4","12","79","60","30","1","73","8","3","1","11","10","2",".280","5933"
"Cesar Hernandez","Phillies","161","612","667","171","123","31","3","14","77","71","45","4","100","6","4","0","9","9","2",".279","10556"
"Hunter Dozier","Royals","139","523","586","146","81","29","10","26","75","84","55","2","148","3","5","0","9","2","2",".279","15117"
"Adam Eaton","Nationals","151","566","656","158","111","25","7","15","103","49","65","0","106","13","3","9","8","15","3",".279","11205"
"Leury Garcia","White Sox","140","577","618","161","123","27","3","8","93","40","21","0","139","6","3","11","6","15","5",".279","5913"
"Carlos Correa","Astros","75","280","321","78","40","16","1","21","42","59","35","0","75","2","4","0","8","1","0",".279","14162"
"Daniel Murphy","Rockies","132","438","478","122","73","35","1","13","56","78","32","1","74","2","4","0","10","1","1",".279","4316"
"Gleyber Torres","Yankees","144","546","604","152","88","26","0","38","96","90","48","3","129","3","6","1","10","5","2",".278","16997"
"Bryan Holaday","Marlins","43","115","129","32","22","6","0","4","12","12","11","2","21","1","1","1","5","0","1",".278","11287"
"Omar Narvaez","Mariners","132","428","482","119","85","12","0","22","63","55","47","1","92","4","3","0","5","0","0",".278","13338"
"Adam Frazier","Pirates","152","554","608","154","104","33","7","10","80","50","40","4","75","9","1","4","6","5","5",".278","15223"
"Lourdes Gurriel Jr.","Blue Jays","84","314","343","87","46","19","2","20","52","50","20","0","86","5","3","1","4","6","4",".277","19238"
"Josh Bell","Pirates","143","527","613","146","69","37","3","37","94","116","74","13","118","5","7","0","11","0","1",".277","13145"
"Mike Tauchman","Yankees","87","260","296","72","40","18","1","13","46","47","34","0","71","1","1","0","9","6","0",".277","15274"
"Mike Freeman","Indians","75","177","213","49","37","8","0","4","27","24","22","0","61","4","4","6","2","1","2",".277","11241"
"Colin Moran","Pirates","149","466","503","129","85","30","1","13","46","80","30","4","117","3","4","0","13","0","1",".277","16909"
"Christian Vazquez","Red Sox","138","482","521","133","83","26","1","23","66","72","33","3","101","0","3","3","17","4","2",".276","9774"
"Alex Dickerson","- - -","68","174","190","48","26","13","3","6","29","28","13","1","42","2","1","0","5","1","1",".276","12649"
"Eddie Rosario","Twins","137","562","590","155","94","28","1","32","91","109","22","2","86","0","6","0","10","3","1",".276","12155"
"Jordan Luplow","Indians","85","225","261","62","31","15","1","15","42","38","33","0","61","2","1","0","7","3","2",".276","16424"
"Harold Ramirez","Marlins","119","421","446","116","82","20","3","11","54","50","18","1","91","5","1","0","8","2","1",".276","14387"
"Josh Reddick","Astros","141","501","550","138","102","19","3","14","57","56","36","1","66","0","9","1","9","5","2",".275","3892"
"J.T. Realmuto","Phillies","145","538","593","148","84","36","3","25","92","83","41","2","123","5","8","0","12","9","1",".275","11739"
"Elvis Andrus","Rangers","147","600","648","165","122","27","4","12","81","72","34","1","96","4","10","0","16","31","8",".275","8709"
"David Peralta","Diamondbacks","99","382","423","105","61","29","3","12","48","57","35","3","87","5","1","0","9","0","0",".275","2136"
"Dee Gordon","Mariners","117","393","421","108","87","12","6","3","36","34","18","1","61","1","6","3","8","22","5",".275","8203"
"Raimel Tapia","Rockies","138","426","447","117","80","23","5","9","54","44","21","0","100","0","0","0","2","9","3",".275","14350"
"Jonathan Villar","Orioles","162","642","714","176","114","33","5","24","111","73","61","0","176","4","4","2","8","40","9",".274","10071"
"Mauricio Dubon","- - -","30","106","111","29","20","5","0","4","12","9","5","0","20","0","0","0","3","3","1",".274","16530"
"Jon Berti","Marlins","73","256","287","70","49","14","1","6","52","24","24","0","73","6","1","0","2","17","3",".273","12037"
"Tommy Pham","Rays","145","567","654","155","99","33","2","21","77","68","81","4","123","5","1","0","22","25","4",".273","2967"
"James McCann","White Sox","118","439","476","120","75","26","1","18","62","60","30","1","137","6","0","1","10","4","1",".273","12859"
"Mitch Garver","Twins","93","311","359","85","37","16","1","31","70","67","41","0","87","5","2","0","5","0","0",".273","15161"
"Mark Canha","Athletics","126","410","497","112","67","16","3","26","80","58","67","1","107","18","2","0","10","3","2",".273","11445"
"Tom Murphy","Mariners","76","260","281","71","40","12","1","18","32","40","19","0","87","1","1","0","0","2","0",".273","13499"
"Michael Brosseau","Rays","51","132","142","36","23","7","0","6","17","16","7","0","39","2","0","1","3","1","0",".273","19683"
"Aaron Judge","Yankees","102","378","447","103","57","18","1","27","75","55","64","4","141","3","1","0","11","3","2",".272","15640"
"Ehire Adrianza","Twins","84","202","236","55","39","8","3","5","34","22","20","1","40","6","4","2","2","0","2",".272","8418"
"Mike Yastrzemski","Giants","107","371","411","101","55","22","3","21","64","55","32","1","107","4","3","1","4","2","4",".272","14854"
"Willson Contreras","Cubs","105","360","409","98","54","18","2","24","57","64","38","2","102","9","2","0","4","1","2",".272","11609"
"Corey Seager","Dodgers","134","489","541","133","69","44","1","19","82","87","44","3","98","4","4","0","8","1","0",".272","13624"
"Vladimir Guerrero Jr.","Blue Jays","123","464","514","126","83","26","2","15","52","69","46","0","91","2","2","0","17","0","1",".272","19611"
"Aledmys Diaz","Astros","69","210","247","57","35","12","1","9","36","40","26","1","28","5","6","0","10","2","0",".271","15937"
"Eugenio Suarez","Reds","159","575","662","156","83","22","2","49","87","103","70","4","189","11","6","0","12","3","2",".271","12552"
"Phillip Ervin","Reds","94","236","260","64","39","11","7","7","30","23","18","0","63","4","2","0","4","4","3",".271","14738"
"Starlin Castro","Marlins","162","636","676","172","115","31","4","22","68","86","28","2","111","3","9","0","23","2","2",".270","4579"
"Tim Lopes","Mariners","41","111","128","30","22","7","0","1","11","12","15","0","29","1","1","0","1","6","3",".270","14137"
"Brandon Lowe","Rays","82","296","327","80","44","17","2","17","42","51","25","0","113","5","1","0","1","5","0",".270","18882"
"Yadier Molina","Cardinals","113","419","452","113","79","24","0","10","45","57","23","0","58","5","5","0","14","6","0",".270","7007"
"Jordy Mercer","Tigers","74","256","271","69","44","16","0","9","24","22","13","1","57","2","0","0","4","0","0",".270","6547"
"Jose Martinez","Cardinals","128","334","373","90","65","13","2","10","45","42","35","0","82","2","2","0","14","3","0",".269","7996"
"Oscar Mercado","Indians","115","438","482","118","75","25","3","15","70","54","28","0","84","5","4","7","9","15","4",".269","16375"
"Jesse Winker","Reds","113","338","384","91","56","17","2","16","51","38","38","2","60","8","0","0","10","0","2",".269","13590"
"Austin Nola","Mariners","79","238","267","64","41","12","1","10","37","31","23","1","63","4","1","1","8","1","0",".269","15941"
"Eduardo Escobar","Diamondbacks","158","636","699","171","97","29","10","35","94","118","50","3","130","3","10","0","8","5","1",".269","6153"
"Ildemaro Vargas","Diamondbacks","92","201","211","54","38","9","1","6","25","24","9","0","24","0","1","0","6","1","0",".269","13324"
"Willie Calhoun","Rangers","83","309","337","83","47","14","1","21","51","48","23","0","53","3","2","0","5","0","0",".269","17838"
"Myles Straw","Astros","56","108","128","29","23","4","2","0","27","7","19","0","24","0","0","1","2","8","1",".269","17620"
"Willians Astudillo","Twins","58","190","204","51","38","9","0","4","28","21","5","0","8","5","4","0","6","0","0",".268","15608"
"Pablo Sandoval","Giants","108","272","296","73","36","23","0","14","42","41","18","2","67","1","3","2","8","1","0",".268","5409"
"Nomar Mazara","Rangers","116","429","469","115","68","27","1","19","69","66","28","2","108","6","6","0","5","4","1",".268","14553"
"Yairo Munoz","Cardinals","88","172","181","46","36","7","1","2","20","13","7","0","37","1","1","0","5","8","3",".267","16313"
"Yandy Diaz","Rays","79","307","347","82","47","20","1","14","53","38","35","1","61","1","4","0","9","2","2",".267","16578"
"Eloy Jimenez","White Sox","122","468","504","125","74","18","2","31","69","79","30","0","134","4","2","0","11","0","0",".267","17484"
"Matt Olson","Athletics","127","483","547","129","67","26","0","36","73","91","51","7","138","12","1","0","11","0","0",".267","14344"
"Jon Jay","White Sox","47","165","182","44","36","8","0","0","12","9","8","0","30","3","1","5","1","0","0",".267","5227"
"Adam Duvall","Braves","41","120","130","32","17","4","1","10","17","19","7","0","39","2","1","0","0","0","0",".267","10950"
"Yasiel Puig","- - -","149","555","611","148","92","30","2","24","76","84","44","1","133","8","4","0","13","19","7",".267","14225"
"Clint Frazier","Yankees","69","225","246","60","34","14","0","12","31","38","16","1","70","2","3","0","2","1","2",".267","15983"
"Victor Caratini","Cubs","95","244","279","65","43","11","0","11","31","34","29","0","59","3","3","0","6","1","0",".266","14968"
"A.J. Pollock","Dodgers","86","308","342","82","51","15","1","15","49","47","23","1","74","7","4","0","7","5","1",".266","9256"
"Alex Gordon","Royals","150","556","633","148","103","31","1","13","77","76","51","4","100","19","6","1","13","5","3",".266","5209"
"Andrew Benintendi","Red Sox","138","541","615","144","86","40","5","13","72","68","59","1","140","7","5","3","6","10","3",".266","17901"
"Adam Haseley","Phillies","67","222","242","59","40","14","0","5","30","26","14","1","60","5","0","1","7","4","0",".266","19878"
"Francisco Mejia","Padres","79","226","244","60","39","11","2","8","27","22","13","1","56","4","1","0","6","1","1",".265","16403"
"Matt Beaty","Dodgers","99","249","268","66","37","19","1","9","36","46","17","2","33","2","0","0","6","5","0",".265","17710"
"Eric Hosmer","Padres","160","619","667","164","111","29","2","22","72","99","40","3","163","3","5","0","12","0","3",".265","3516"
"Jorge Soler","Royals","162","589","679","156","74","33","1","48","95","117","73","3","178","10","4","0","16","3","1",".265","14221"
"Shin-Soo Choo","Rangers","151","563","660","149","92","31","2","24","93","61","78","3","165","18","1","0","6","15","1",".265","3174"
"Jose Osuna","Pirates","95","261","285","69","39","20","0","10","41","36","18","0","48","1","4","0","6","0","0",".264","12937"
"Kurt Suzuki","Nationals","85","280","309","74","46","11","0","17","37","63","20","1","36","6","3","0","10","0","1",".264","8259"
"Ian Happ","Cubs","58","140","156","37","18","7","1","11","25","30","15","0","39","0","1","0","1","2","0",".264","17919"
"Andrelton Simmons","Angels","103","398","424","105","79","19","0","7","47","40","24","1","37","2","0","0","21","10","2",".264","10847"
"Marwin Gonzalez","Twins","114","425","463","112","78","19","0","15","52","55","31","2","98","6","1","0","7","1","0",".264","5497"
"Luke Voit","Yankees","118","429","510","113","70","21","1","21","72","62","71","2","142","9","1","0","12","0","0",".263","14811"
"Shed Long","Mariners","42","152","168","40","22","12","1","5","21","15","16","0","40","0","0","0","1","3","3",".263","16542"
"Nathaniel Lowe","Rays","50","152","169","40","25","8","0","7","24","19","13","0","50","2","2","0","4","0","0",".263","19566"
"Stephen Vogt","Giants","99","255","280","67","31","24","2","10","30","40","20","1","66","1","4","0","1","3","1",".263","5000"
"Adalberto Mondesi","Royals","102","415","443","109","70","20","10","9","58","62","19","0","132","0","6","3","6","43","7",".263","13769"
"Tyler O'Neill","Cardinals","60","141","151","37","26","6","0","5","18","16","10","0","53","0","0","0","3","1","0",".262","15711"
"Chris Taylor","Dodgers","124","366","414","96","51","29","4","12","52","52","37","3","115","4","5","2","6","8","0",".262","13757"
"Jorge Alfaro","Marlins","130","431","465","113","80","14","1","18","44","57","22","1","154","10","2","0","12","4","4",".262","12180"
"Byron Buxton","Twins","87","271","295","71","27","30","4","10","48","46","19","1","68","2","1","2","3","14","3",".262","14161"
"Tony Wolters","Rockies","121","359","411","94","74","17","2","1","42","42","36","5","68","8","6","2","9","0","1",".262","11470"
"Jacob Stallings","Pirates","71","191","210","50","39","5","0","6","26","13","16","5","40","2","0","1","3","0","0",".262","13723"
"Brian Goodwin","Angels","136","413","458","108","59","29","3","17","65","47","38","2","129","3","3","1","3","7","3",".262","12858"
"Brian Anderson","Marlins","126","459","520","120","66","33","1","20","57","66","44","1","114","14","3","0","15","5","1",".261","18289"
"Neil Walker","Marlins","115","337","381","88","60","19","1","8","37","38","42","1","77","1","1","0","8","3","0",".261","7539"
"Ji-Man Choi","Rays","127","410","487","107","66","20","2","19","54","63","64","2","108","6","7","0","7","2","3",".261","5452"
"Joey Votto","Reds","142","525","608","137","89","32","1","15","79","47","76","2","123","4","3","0","14","5","0",".261","4314"
"Anthony Santander","Orioles","93","380","405","99","58","20","1","20","46","59","19","0","86","2","3","1","1","1","2",".261","14551"
"Freddy Galvis","- - -","147","557","589","145","93","28","1","23","67","70","28","1","145","1","2","1","14","4","2",".260","6609"
"Bryce Harper","Phillies","157","573","682","149","77","36","1","35","98","114","99","11","178","6","4","0","10","15","3",".260","11579"
"Ben Zobrist","Cubs","47","150","176","39","33","5","0","1","24","17","23","0","24","1","2","0","6","0","0",".260","7435"
"Adam Jones","Diamondbacks","137","485","528","126","84","25","1","16","66","67","31","2","101","8","3","0","15","2","1",".260","6368"
"Lorenzo Cain","Brewers","148","562","623","146","105","30","0","11","75","48","50","0","106","6","4","0","14","18","8",".260","9077"
"Brad Miller","- - -","79","154","170","40","20","6","1","13","26","25","15","0","45","1","0","0","2","2","0",".260","12775"
"Paul Goldschmidt","Cardinals","161","597","682","155","95","25","1","34","97","97","78","2","166","2","3","0","11","3","1",".260","9218"
"Peter Alonso","Mets","161","597","693","155","70","30","2","53","103","120","72","6","183","21","3","0","13","1","0",".260","19251"
"Asdrubal Cabrera","- - -","131","447","514","116","72","25","1","18","69","91","57","2","103","3","7","0","9","4","0",".260","4962"
"Charlie Culberson","Braves","108","135","144","35","23","5","2","5","14","20","6","0","44","1","1","1","5","0","1",".259","3298"
"Christian Walker","Diamondbacks","152","529","603","137","81","26","1","29","86","73","67","6","155","6","1","0","11","8","1",".259","13419"
"Mike Ford","Yankees","50","143","163","37","18","7","0","12","30","25","17","2","28","3","0","0","0","0","0",".259","15585"
"Josh Donaldson","Braves","155","549","659","142","72","33","0","37","96","94","100","2","155","8","2","0","13","4","2",".259","5038"
"Kevin Pillar","- - -","161","611","645","158","97","37","3","21","83","88","18","4","89","9","7","0","15","14","5",".259","12434"
"Aristides Aquino","Reds","56","205","225","53","26","8","0","19","31","47","16","2","60","2","2","0","5","7","0",".259","15482"
"Jose Trevino","Rangers","40","120","126","31","20","9","0","2","18","13","3","0","27","0","2","1","6","0","0",".258","16725"
"Scott Kingery","Phillies","126","458","500","118","61","34","4","19","64","55","34","1","147","5","2","1","3","15","4",".258","17975"
"Jake Cave","Twins","72","198","228","51","30","11","2","8","28","25","21","0","71","8","1","0","5","0","0",".258","14477"
"David Bote","Cubs","127","303","356","78","50","17","0","11","47","41","44","4","93","7","2","0","11","5","1",".257","14593"
"Ryan Zimmerman","Nationals","52","171","190","44","29","9","0","6","20","27","17","0","39","0","2","0","4","0","0",".257","4220"
"Michael Conforto","Mets","151","549","648","141","78","29","1","33","90","92","84","5","149","10","5","0","11","7","2",".257","16376"
"Buster Posey","Giants","114","405","445","104","73","24","0","7","43","38","34","1","71","4","1","1","18","0","0",".257","9166"
"Robinson Cano","Mets","107","390","423","100","59","28","0","13","46","39","25","3","69","5","3","0","16","0","0",".256","3269"
"Jonathan Schoop","Twins","121","433","464","111","64","23","1","23","61","59","20","1","116","10","1","0","13","1","1",".256","11265"
"Nick Senzel","Reds","104","375","414","96","60","20","4","12","55","42","30","0","101","3","1","0","6","14","5",".256","19293"
"Andrew McCutchen","Phillies","59","219","262","56","33","12","1","10","45","29","43","0","55","0","0","0","1","2","1",".256","9847"
"Manny Machado","Padres","156","587","661","150","95","21","2","32","81","85","65","3","128","6","3","0","24","5","3",".256","11493"
"Jose Ramirez","Indians","129","482","542","123","64","33","3","23","68","83","52","3","74","2","6","0","8","24","4",".255","13510"
"Ian Desmond","Rockies","140","443","482","113","58","31","4","20","64","65","34","1","119","2","2","1","12","3","3",".255","6885"
"Victor Robles","Nationals","155","546","617","139","86","33","3","17","86","65","35","3","140","25","5","6","6","28","9",".255","18363"
"Mike Moustakas","Brewers","143","523","584","133","67","30","1","35","80","87","53","5","98","6","2","0","12","3","0",".254","4892"
"Willy Adames","Rays","152","531","584","135","89","25","1","20","69","52","46","1","153","3","1","3","9","4","2",".254","15986"
"Evan Longoria","Giants","129","453","508","115","74","19","2","20","59","69","43","1","112","7","5","0","14","3","1",".254","9368"
"Michael Chavis","Red Sox","95","347","382","88","59","10","1","18","46","58","31","2","127","4","0","0","11","2","1",".254","17321"
"Nick Ahmed","Diamondbacks","158","556","625","141","83","33","6","19","79","82","52","2","113","4","12","1","15","8","2",".254","12147"
"Erik Gonzalez","Pirates","53","142","156","36","30","4","1","1","15","6","9","3","37","1","1","3","5","4","1",".254","13369"
"C.J. Cron","Twins","125","458","499","116","67","24","0","25","51","78","29","3","107","10","2","0","13","0","0",".253","12546"
"Joey Gallo","Rangers","70","241","297","61","23","15","1","22","54","49","52","4","114","2","1","1","0","4","2",".253","14128"
"Will Smith","Dodgers","54","170","196","43","19","9","0","15","30","42","18","1","52","5","3","0","3","2","0",".253","19197"
"Domingo Santana","Mariners","121","451","507","114","72","20","1","21","63","69","50","1","164","2","2","0","11","8","3",".253","10348"
"Yolmer Sanchez","White Sox","149","496","555","125","99","20","4","2","59","43","44","1","117","5","3","7","7","5","4",".252","11602"
"Max Kepler","Twins","134","524","596","132","64","32","0","36","98","90","60","0","99","8","4","0","5","1","5",".252","12144"
"Wilmer Difo","Nationals","43","131","144","33","29","2","0","2","15","8","12","3","29","0","0","1","2","0","1",".252","14320"
"Matt Duffy","Rays","46","147","169","37","28","8","0","1","12","12","19","0","29","2","1","0","4","0","1",".252","13836"
"Mitch Moreland","Red Sox","91","298","335","75","38","17","1","19","48","58","34","0","74","1","2","0","12","1","0",".252","3086"
"Jason Heyward","Cubs","147","513","589","129","84","20","4","21","78","62","68","5","110","5","3","0","12","8","3",".251","4940"
"Kevan Smith","Angels","67","191","211","48","31","12","0","5","21","20","16","0","37","3","1","0","8","2","0",".251","12284"
"Curt Casali","Reds","84","207","236","52","35","9","0","8","24","32","25","1","59","1","3","0","1","0","0",".251","12510"
"Travis d'Arnaud","- - -","103","351","391","88","56","16","0","16","52","69","32","0","85","2","6","0","4","0","1",".251","7739"
"Todd Frazier","Mets","133","447","499","112","70","19","2","21","63","67","40","1","106","12","0","0","9","1","2",".251","785"
"Dansby Swanson","Braves","127","483","545","121","75","26","3","17","77","65","51","2","124","5","5","1","7","10","5",".251","18314"
"Max Muncy","Dodgers","141","487","589","122","64","22","1","35","101","98","90","1","149","8","4","0","5","4","1",".251","13301"
"Brett Gardner","Yankees","141","491","550","123","62","26","7","28","86","74","52","0","108","4","3","0","6","10","2",".251","9927"
"Ryan Goins","White Sox","52","144","163","36","27","6","1","2","13","10","17","1","44","1","0","1","7","0","1",".250","9807"
"Marco Hernandez","Red Sox","61","148","155","37","28","7","0","2","18","11","3","0","42","3","0","1","1","1","2",".250","13154"
"Ryan McMahon","Rockies","141","480","539","120","73","22","1","24","70","83","56","1","160","1","1","1","14","5","1",".250","15112"
"Tim Locastro","Diamondbacks","91","212","250","53","38","12","2","1","38","17","14","0","44","22","1","1","1","17","0",".250","15124"
"Kyle Schwarber","Cubs","155","529","610","132","62","29","3","38","82","92","70","5","156","5","6","0","6","2","3",".250","16478"
"Delino DeShields","Rangers","118","357","408","89","66","15","4","4","42","32","38","0","100","3","2","8","8","24","6",".249","11379"
"Stephen Piscotty","Athletics","93","357","393","89","58","17","1","13","46","44","29","0","84","3","3","1","13","2","0",".249","13367"
"Pedro Severino","Orioles","96","305","341","76","50","13","0","13","37","44","29","0","73","4","2","1","5","3","1",".249","14523"
"Brian McCann","Braves","85","277","316","69","48","9","0","12","28","45","31","1","53","2","6","0","10","0","0",".249","4810"
"Josh Naylor","Padres","94","253","279","63","40","15","0","8","29","32","25","1","64","0","1","0","4","1","1",".249","18839"
"Franmil Reyes","- - -","150","494","548","123","67","19","0","37","69","81","47","1","156","0","7","0","15","0","0",".249","14566"
"Joc Pederson","Dodgers","149","450","514","112","57","16","3","36","83","74","50","2","111","12","2","0","4","1","1",".249","11899"
"Matt Chapman","Athletics","156","583","670","145","70","36","3","36","102","91","73","0","147","11","3","0","12","1","1",".249","16505"
"Niko Goodrum","Tigers","112","423","472","105","61","27","5","12","61","45","46","1","138","1","2","0","7","12","3",".248","12092"
"Brandon Dixon","Tigers","118","391","420","97","58","20","4","15","41","52","21","0","136","4","4","0","5","5","1",".248","15214"
"Cesar Puello","- - -","44","125","147","31","22","5","0","4","14","18","10","1","38","11","0","1","2","0","0",".248","7216"
"Greg Garcia","Padres","134","311","372","77","56","13","4","4","52","31","53","1","83","5","2","1","4","0","2",".248","10951"
"Ben Gamel","Brewers","134","311","356","77","52","18","0","7","47","33","40","2","104","3","2","0","0","2","2",".248","12160"
"Garrett Hampson","Rockies","105","299","327","74","53","9","4","8","40","27","24","1","88","0","2","2","2","15","3",".247","19262"
"Eric Thames","Brewers","149","396","459","98","48","23","2","25","67","61","51","4","140","10","2","0","0","3","2",".247","3711"
"Miguel Sano","Twins","105","380","439","94","39","19","2","34","76","79","55","0","159","3","1","0","5","0","1",".247","12164"
"Ender Inciarte","Braves","65","199","230","49","31","11","2","5","30","24","26","2","41","4","1","0","1","7","1",".246","4922"
"Cheslor Cuthbert","Royals","87","309","330","76","53","14","0","9","24","40","19","1","67","2","0","0","14","1","0",".246","10473"
"Yasmani Grandal","Brewers","153","513","632","126","70","26","2","28","79","77","109","2","139","5","5","0","16","5","1",".246","11368"
"Dawel Lugo","Tigers","77","273","288","67","46","11","4","6","28","26","8","1","59","3","4","0","8","0","0",".245","14713"
"Carson Kelly","Diamondbacks","111","314","365","77","40","19","0","18","46","47","48","10","79","2","1","0","11","0","0",".245","13620"
"Tyler Wade","Yankees","43","94","108","23","17","3","1","2","16","11","11","0","28","1","0","2","0","7","0",".245","15730"
"Jason Kipnis","Indians","121","458","511","112","71","23","1","17","52","65","40","2","88","2","6","5","7","7","2",".245","9776"
"Albert Pujols","Angels","131","491","545","120","75","22","0","23","55","93","43","1","68","3","8","0","21","3","0",".244","1177"
"Joe Panik","- - -","142","438","491","107","79","21","2","5","50","39","43","2","47","4","4","2","6","4","2",".244","11936"
"Dustin Garneau","- - -","35","86","101","21","13","5","0","3","14","14","10","0","22","4","0","0","1","0","0",".244","9433"
"Edwin Encarnacion","- - -","109","418","486","102","50","18","0","34","81","86","58","1","103","7","3","0","4","0","1",".244","2151"
"Renato Nunez","Orioles","151","541","599","132","77","24","0","31","72","90","44","1","143","10","4","0","9","1","1",".244","14503"
"Adam Engel","White Sox","89","227","248","55","37","10","2","6","26","26","14","0","78","6","0","1","5","3","3",".242","15082"
"Gregory Polanco","Pirates","42","153","167","37","22","8","1","6","23","17","12","1","49","1","0","0","4","3","1",".242","12907"
"Adeiny Hechavarria","- - -","84","203","221","49","27","12","1","9","34","33","14","0","48","3","1","0","3","3","1",".241","10459"
"Marcell Ozuna","Cardinals","130","485","549","117","64","23","1","29","80","89","62","2","114","1","1","0","21","12","2",".241","10324"
"Elias Diaz","Pirates","101","303","332","73","57","14","0","2","31","28","23","0","56","2","3","1","11","0","0",".241","11680"
"Dwight Smith Jr.","Orioles","101","357","392","86","54","16","3","13","46","53","26","0","82","4","4","1","8","5","1",".241","13473"
"Robbie Grossman","Athletics","138","420","482","101","71","21","3","6","57","38","59","2","86","1","2","0","7","9","4",".240","5254"
"Chad Pinder","Athletics","124","341","370","82","48","21","0","13","45","47","20","0","88","5","3","1","11","0","1",".240","15191"
"Nicky Lopez","Royals","103","379","402","91","65","22","2","2","44","30","18","0","51","1","0","4","5","1","1",".240","19339"
"Jose Peraza","Reds","141","376","403","90","64","18","2","6","37","33","17","0","58","8","2","0","9","7","6",".239","13593"
"Kyle Seager","Mariners","106","393","443","94","51","19","1","23","55","63","44","0","86","4","2","0","12","2","2",".239","9785"
"Wil Myers","Padres","155","435","490","104","63","22","1","18","58","53","51","0","168","2","1","1","12","16","7",".239","10047"
"Roberto Perez","Indians","119","389","449","93","59","9","1","24","46","63","45","1","127","4","4","7","12","0","0",".239","2900"
"Josh Phegley","Athletics","106","314","342","75","45","18","0","12","44","62","15","0","63","6","5","2","11","0","1",".239","9308"
"Dexter Fowler","Cardinals","150","487","574","116","72","24","1","19","69","67","74","1","142","8","4","1","6","8","5",".238","4062"
"Cam Gallagher","Royals","45","126","142","30","20","7","0","3","14","12","11","0","28","3","1","1","3","0","1",".238","12981"
"Austin Slater","Giants","68","168","192","40","23","9","3","5","20","21","22","1","59","2","0","0","1","1","0",".238","16153"
"D.J. Stewart","Orioles","44","126","142","30","20","6","0","4","15","15","14","1","26","1","1","0","3","1","2",".238","17766"
"Luis Rengifo","Angels","108","357","406","85","57","18","3","7","44","33","40","0","93","5","3","1","6","2","5",".238","19858"
"Brian Dozier","Nationals","135","416","482","99","59","20","0","20","54","50","61","2","105","4","1","0","11","3","4",".238","9810"
"Robinson Chirinos","Astros","114","366","437","87","47","22","1","17","57","58","51","1","125","13","5","2","11","1","2",".238","3142"
"Didi Gregorius","Yankees","82","324","344","77","45","14","2","16","47","61","17","1","53","1","2","0","5","2","1",".238","6012"
"Isiah Kiner-Falefa","Rangers","65","202","222","48","34","12","1","1","23","21","14","0","49","4","1","1","9","3","0",".238","16512"
"Addison Russell","Cubs","82","215","241","51","37","4","1","9","25","23","20","2","58","3","2","1","7","2","0",".237","14106"
"Tim Beckham","Mariners","88","304","328","72","35","21","1","15","39","47","21","0","102","3","0","0","7","1","3",".237","7949"
"Josh VanMeter","Reds","95","228","260","54","32","13","1","8","33","23","29","0","56","2","1","0","5","9","3",".237","15170"
"Enrique Hernandez","Dodgers","130","414","460","98","61","19","1","17","57","64","36","3","97","6","4","0","9","4","0",".237","10472"
"Ryon Healy","Mariners","47","169","187","40","17","16","0","7","24","26","13","0","40","1","4","0","1","0","0",".237","15447"
"Albert Almora Jr.","Cubs","130","339","363","80","56","11","1","12","41","32","16","4","62","1","2","5","8","2","1",".236","14109"
"Jesus Aguilar","- - -","131","314","369","74","50","12","0","12","39","50","43","0","81","2","7","0","12","0","0",".236","11342"
"Aaron Hicks","Yankees","59","221","255","52","30","10","0","12","41","36","31","0","72","0","3","0","2","1","2",".235","5297"
"JaCoby Jones","Tigers","88","298","333","70","37","19","3","11","39","26","27","2","94","6","1","1","6","7","2",".235","14818"
"Cavan Biggio","Blue Jays","100","354","430","83","48","17","2","16","66","48","71","0","123","2","2","0","0","14","0",".234","19252"
"Maikel Franco","Phillies","123","389","428","91","57","17","0","17","48","56","36","19","61","0","3","0","14","0","0",".234","12179"
"Brandon Belt","Giants","156","526","616","123","71","32","3","17","76","57","83","3","127","3","4","0","6","4","3",".234","10264"
"Steven Duggar","Giants","73","261","281","61","43","12","2","4","26","28","16","0","78","1","3","0","1","1","4",".234","17719"
"Ty France","Padres","69","184","201","43","27","8","1","7","20","24","9","0","49","7","1","0","8","0","2",".234","17982"
"Manuel Margot","Padres","151","398","441","93","59","19","3","12","59","37","38","1","88","2","0","3","6","20","4",".234","14712"
"Gerardo Parra","- - -","119","274","301","64","40","14","1","9","38","48","19","3","59","5","2","1","7","8","3",".234","8553"
"Paul DeJong","Cardinals","159","583","664","136","74","31","1","30","97","78","62","1","149","13","6","0","15","9","5",".233","18015"
"Christin Stewart","Tigers","104","369","416","86","50","25","1","10","32","40","34","3","103","7","6","0","4","0","1",".233","17714"
"Jake Marisnick","Astros","120","292","318","68","39","16","3","10","46","34","17","0","95","6","0","3","6","10","3",".233","11339"
"Johan Camargo","Braves","98","232","248","54","34","12","1","7","31","32","15","2","43","0","0","1","5","1","0",".233","14950"
"Martin Prado","Marlins","104","245","260","57","46","9","0","2","26","15","12","0","41","0","3","0","10","0","0",".233","3312"
"Rio Ruiz","Orioles","127","370","413","86","59","13","2","12","35","46","40","0","88","0","2","1","12","0","1",".232","14103"
"Gary Sanchez","Yankees","106","396","446","92","45","12","1","34","62","77","40","3","125","9","1","0","3","0","1",".232","11442"
"Jonathan Lucroy","- - -","101","293","328","68","49","10","1","8","30","36","27","1","51","5","3","0","17","0","0",".232","7870"
"Randal Grichuk","Blue Jays","151","586","628","136","71","29","5","31","75","80","35","0","163","5","2","0","20","2","1",".232","10243"
"Jason Castro","Twins","79","237","275","55","33","9","0","13","39","30","33","0","88","3","1","1","0","0","0",".232","8722"
"Kole Calhoun","Angels","152","552","632","128","65","29","1","33","92","74","70","7","162","7","2","0","14","4","1",".232","11200"
"Cory Spangenberg","Brewers","32","95","102","22","16","2","2","2","11","10","6","1","36","0","0","1","1","3","0",".232","12294"
"Joey Wendle","Rays","75","238","263","55","37","13","2","3","32","19","14","0","47","8","3","0","4","8","3",".231","13853"
"Tucker Barnhart","Reds","114","316","364","73","48","14","0","11","32","40","44","7","83","2","1","1","5","1","0",".231","10200"
"Trent Grisham","Brewers","51","156","183","36","22","6","2","6","24","24","20","0","48","4","3","0","3","1","0",".231","18564"
"Teoscar Hernandez","Blue Jays","125","417","464","96","49","19","2","26","58","65","45","1","153","1","1","0","8","6","3",".230","13066"
"Jarrod Dyson","Diamondbacks","130","400","452","92","72","11","2","7","65","27","47","0","86","2","2","1","1","30","4",".230","4866"
"Willi Castro","Tigers","30","100","110","23","15","6","1","1","10","8","6","0","34","2","1","1","4","0","1",".230","17338"
"Kyle Farmer","Reds","97","183","197","42","27","6","0","9","22","27","10","1","59","3","1","0","1","4","1",".230","14813"
"Greg Allen","Indians","89","231","256","53","37","9","3","4","30","27","11","1","53","9","1","4","3","8","2",".229","16623"
"Charlie Tilson","White Sox","54","144","157","33","27","5","0","1","16","12","10","1","38","3","0","0","1","4","0",".229","12983"
"Tyler Flowers","Braves","85","271","310","62","37","11","3","11","36","34","31","3","105","6","2","0","8","0","0",".229","9134"
"Hernan Perez","Brewers","91","232","246","53","34","11","0","8","29","18","11","0","66","0","1","2","9","5","1",".228","5751"
"Kevin Kiermaier","Rays","129","447","480","102","61","20","7","14","60","55","26","2","104","5","1","1","8","19","5",".228","11038"
"Brandon Crawford","Giants","147","500","560","114","77","24","2","11","58","59","53","5","117","3","4","0","10","3","2",".228","5343"
"Manny Pina","Brewers","76","158","179","36","21","8","0","7","10","25","16","1","50","4","1","0","1","0","0",".228","2829"
"Eduardo Nunez","Red Sox","60","167","174","38","29","7","0","2","13","20","4","0","27","0","2","1","6","5","1",".228","6848"
"Mallex Smith","Mariners","134","510","566","116","82","19","9","6","70","37","42","0","141","11","1","2","7","46","9",".227","13608"
"Logan Forsythe","Rangers","101","317","367","72","47","17","1","7","38","39","44","0","100","3","2","0","8","2","0",".227","7185"
"Rowdy Tellez","Blue Jays","111","370","409","84","44","19","0","21","49","54","29","3","116","7","3","0","9","1","1",".227","15679"
"Rhys Hoskins","Phillies","160","570","705","129","62","33","5","29","86","85","116","6","173","11","6","0","10","2","2",".226","16472"
"Austin Riley","Braves","80","274","297","62","32","11","1","18","41","49","16","3","108","5","2","0","4","0","2",".226","18360"
"Joey Rickard","- - -","68","168","189","38","24","9","2","3","14","10","18","1","50","3","0","0","1","4","2",".226","13277"
"J.P. Crawford","Mariners","93","345","396","78","46","21","4","7","43","46","43","0","83","2","3","3","4","5","3",".226","15491"
"Matt Carpenter","Cardinals","129","416","492","94","57","20","2","15","59","46","63","0","129","7","5","1","3","6","1",".226","8090"
"Matt Adams","Nationals","111","310","333","70","36","14","0","20","42","56","20","1","115","2","1","0","7","0","0",".226","9393"
"Nick Martini","- - -","32","93","109","21","15","4","1","1","8","7","14","0","26","1","1","0","0","0","0",".226","12005"
"Jake Bauers","Indians","117","372","423","84","55","16","1","12","46","43","45","0","115","3","3","0","3","3","3",".226","15194"
"Scooter Gennett","- - -","42","133","139","30","21","7","0","2","15","11","2","0","41","2","2","0","1","0","0",".226","10339"
"Guillermo Heredia","Rays","89","204","231","46","28","13","0","5","31","20","18","0","60","6","1","2","4","2","2",".225","18721"
"Steve Wilkerson","Orioles","119","329","361","74","44","18","2","10","41","35","22","0","108","7","2","1","5","3","3",".225","16041"
"Travis Demeritte","Tigers","48","169","186","38","26","7","2","3","24","10","14","0","63","1","1","1","3","3","0",".225","15958"
"Austin Dean","Marlins","64","178","189","40","20","14","0","6","17","21","9","1","47","0","1","1","5","0","2",".225","18288"
"Jackie Bradley Jr.","Red Sox","147","494","567","111","59","28","3","21","69","62","56","3","155","12","2","3","6","8","6",".225","12984"
"Luis Urias","Padres","71","215","249","48","35","8","1","4","27","24","25","0","56","9","0","0","8","0","1",".223","16622"
"Sean Rodriguez","Phillies","76","112","139","25","16","5","0","4","24","12","19","0","41","3","1","4","2","1","1",".223","6589"
"Yan Gomes","Nationals","97","314","358","70","42","16","0","12","36","43","38","6","84","5","1","0","7","2","0",".223","9627"
"Orlando Arcia","Brewers","152","494","546","110","78","16","1","15","51","59","43","5","109","1","6","2","15","8","5",".223","13185"
"Chris Iannetta","Rockies","52","144","164","32","16","10","0","6","20","21","18","3","54","1","1","0","9","0","0",".222","8267"
"Odubel Herrera","Phillies","39","126","139","28","16","10","1","1","12","16","11","0","33","1","1","0","0","2","2",".222","11476"
"Kevin Plawecki","Indians","60","158","174","35","22","10","0","3","13","17","12","0","31","3","1","0","4","0","1",".222","13807"
"Ryan Cordell","White Sox","97","217","247","48","33","8","0","7","22","24","19","0","69","3","2","6","2","3","1",".221","15181"
"Brandon Nimmo","Mets","69","199","254","44","24","11","1","8","34","29","46","2","71","5","3","1","1","3","0",".221","12927"
"Ronny Rodriguez","Tigers","84","276","294","61","32","12","3","14","29","43","13","0","82","0","5","0","5","3","1",".221","11875"
"Khris Davis","Athletics","133","481","533","106","72","11","0","23","61","73","47","3","146","3","2","0","11","0","0",".220","9112"
"Russell Martin","Dodgers","83","209","249","46","35","5","0","6","29","20","30","3","60","8","2","0","1","1","0",".220","4616"
"Jace Peterson","Orioles","29","100","108","22","16","3","1","2","14","11","6","0","24","1","1","0","1","4","1",".220","12325"
"Mitch Haniger","Mariners","63","246","283","54","25","13","1","15","46","32","30","1","81","5","2","0","3","4","0",".220","14274"
"Ronald Guzman","Rangers","87","256","295","56","26","20","0","10","34","36","32","1","87","3","4","0","7","1","2",".219","14388"
"Billy Hamilton","- - -","119","316","353","69","53","14","2","0","41","15","32","1","87","0","2","3","1","22","6",".218","10199"
"Jurickson Profar","Athletics","139","459","518","100","54","24","2","20","65","67","48","2","75","8","3","0","12","9","1",".218","10815"
"Brandon Drury","Blue Jays","120","418","447","91","54","21","1","15","43","41","25","0","113","1","3","0","6","0","1",".218","11615"
"Josh Rojas","Diamondbacks","41","138","157","30","21","7","0","2","17","16","18","0","41","1","0","0","3","4","2",".217","19734"
"Ian Kinsler","Padres","87","258","281","56","35","12","0","9","28","22","19","0","54","3","1","0","5","2","4",".217","6195"
"Jay Bruce","- - -","98","310","333","67","24","17","0","26","43","59","19","0","82","1","3","0","5","1","0",".216","9892"
"Hunter Renfroe","Padres","140","440","494","95","42","19","1","33","64","64","46","1","154","2","6","0","6","5","0",".216","15464"
"Sam Travis","Red Sox","59","144","157","31","20","4","1","6","17","16","11","2","36","1","1","0","6","2","0",".215","16263"
"Gordon Beckham","Tigers","83","223","240","48","27","13","2","6","29","15","13","0","68","4","0","0","6","3","1",".215","9015"
"Billy McKinney","Blue Jays","84","251","276","54","27","14","1","12","37","28","19","0","73","2","2","2","0","0","2",".215","15654"
"Bubba Starling","Royals","56","186","197","40","29","7","0","4","26","12","9","0","56","1","0","1","4","2","0",".215","13356"
"Justin Upton","Angels","63","219","256","47","27","8","0","12","34","40","32","0","78","0","5","0","5","1","1",".215","5222"
"Matt Wieters","Cardinals","67","168","183","36","21","4","0","11","15","27","12","0","47","1","2","0","3","1","1",".214","4298"
"Andrew Knapp","Phillies","74","136","160","29","18","9","0","2","12","8","18","2","51","3","0","3","2","0","0",".213","14942"
"Martin Maldonado","- - -","105","333","374","71","40","19","0","12","46","27","32","1","86","6","1","2","11","0","0",".213","6887"
"Juan Lagares","Mets","133","258","285","55","37","12","1","5","38","27","22","4","75","2","1","2","8","4","1",".213","5384"
"Roman Quinn","Phillies","44","108","122","23","15","3","1","4","18","11","12","0","34","1","0","1","2","8","0",".213","13546"
"Francisco Cervelli","- - -","48","141","160","30","18","8","1","3","15","12","13","0","41","5","0","1","7","1","0",".213","5275"
"Daniel Robertson","Rays","74","207","237","44","32","9","1","2","23","19","24","0","59","6","0","0","10","2","2",".213","14145"
"Tony Kemp","- - -","110","245","279","52","31","9","4","8","31","29","23","1","47","6","4","1","4","4","4",".212","14894"
"Cole Tucker","Pirates","56","147","159","31","16","10","3","2","16","13","10","1","40","1","0","1","2","0","0",".211","17326"
"Matt Thaiss","Angels","53","147","164","31","16","7","0","8","17","23","17","0","52","0","0","0","4","0","0",".211","19318"
"Meibrys Viloria","Royals","42","133","148","28","20","7","0","1","7","15","10","0","44","0","4","1","4","0","1",".211","17109"
"John Hicks","Tigers","95","319","333","67","39","15","0","13","29","35","13","0","109","0","1","0","7","1","1",".210","12547"
"Chance Sisco","Orioles","59","167","198","35","20","7","0","8","29","20","22","0","61","9","0","0","5","0","1",".210","15694"
"Welington Castillo","White Sox","72","230","251","48","24","12","0","12","19","41","16","0","74","3","2","0","8","0","0",".209","3256"
"Richie Martin Jr.","Orioles","120","283","309","59","42","8","3","6","29","23","14","0","83","6","1","5","6","10","1",".208","17736"
"Tyler White","- - -","83","240","279","50","33","14","0","3","18","23","36","0","78","0","3","0","7","0","0",".208","15564"
"Daniel Vogelbach","Mariners","144","462","558","96","49","17","0","30","73","76","92","2","149","2","2","0","4","0","0",".208","14130"
"Justin Smoak","Blue Jays","121","414","500","86","48","16","0","22","54","61","79","3","106","6","1","0","11","0","0",".208","9054"
"Danny Jansen","Blue Jays","107","347","384","72","46","12","1","13","41","43","31","1","79","4","1","1","8","0","1",".207","16535"
"Alex Avila","Diamondbacks","63","164","201","34","17","8","0","9","22","24","36","7","68","1","0","0","8","1","0",".207","7476"
"Dylan Moore","Mariners","113","247","282","51","26","14","2","9","31","28","25","0","93","9","0","1","6","11","9",".206","18042"
"Yonathan Daza","Rockies","44","97","105","20","18","1","1","0","7","3","7","0","21","0","1","0","2","1","0",".206","15794"
"Rougned Odor","Rangers","145","522","581","107","46","30","1","30","77","93","52","2","178","5","1","1","4","11","9",".205","12282"
"Harrison Bader","Cardinals","128","347","406","71","42","14","3","12","54","39","46","4","117","10","2","1","3","11","3",".205","18030"
"Jeimer Candelario","Tigers","94","335","386","68","41","17","2","8","33","32","43","1","99","7","1","0","3","3","1",".203","13621"
"Austin Barnes","Dodgers","75","212","242","43","25","12","1","5","28","25","23","3","56","5","2","0","8","3","0",".203","12158"
"Pablo Reyes","Pirates","71","143","157","29","18","7","2","2","18","19","13","0","36","1","0","0","0","1","1",".203","16357"
"Grayson Greiner","Tigers","58","208","224","42","31","5","1","5","18","19","13","0","70","1","1","1","5","0","0",".202","17062"
"Carlos Gonzalez","- - -","45","145","166","29","23","3","0","3","21","10","18","1","52","1","2","0","3","0","3",".200","7287"
"Rosell Herrera","Marlins","63","105","119","21","13","6","0","2","10","11","11","1","27","2","0","1","2","4","1",".200","11611"
"Leonys Martin","Indians","65","236","264","47","31","7","0","9","32","19","21","0","78","4","0","3","1","4","5",".199","11846"
"Yonder Alonso","- - -","121","292","335","58","35","13","0","10","34","37","39","3","70","2","2","0","13","0","1",".199","2530"
"Humberto Arteaga","Royals","41","122","135","24","20","4","0","0","11","4","8","0","28","2","0","3","2","1","1",".197","13595"
"Jose Rondon","- - -","56","143","157","28","22","3","0","3","10","9","11","0","38","2","0","1","4","0","0",".196","14140"
"Ryan O'Hearn","Royals","105","328","370","64","36","13","1","14","32","38","39","1","99","1","2","0","7","0","1",".195","16442"
"Kendrys Morales","- - -","53","170","201","33","28","2","1","2","16","12","26","0","26","4","1","0","6","0","0",".194","8610"
"Jake Lamb","Diamondbacks","78","187","226","36","20","8","2","6","26","30","32","1","55","5","2","0","4","1","0",".193","13329"
"Sandy Leon","Red Sox","65","172","191","33","25","3","0","5","14","19","13","0","47","1","1","4","0","0","0",".192","5273"
"Tomas Nido","Mets","50","136","144","26","17","5","0","4","9","14","7","2","37","0","0","1","4","0","0",".191","13755"
"J.T. Riddle","Marlins","51","132","139","25","13","6","0","6","15","12","5","1","42","2","0","0","3","0","0",".189","17642"
"Tyler Austin","- - -","89","154","179","29","14","5","1","9","30","24","24","1","67","0","1","0","2","2","0",".188","11850"
"Derek Dietrich","Reds","113","251","306","47","18","8","2","19","41","43","28","2","74","25","1","0","2","1","1",".187","10542"
"Zack Collins","White Sox","27","86","102","16","9","3","1","3","10","12","14","1","39","1","0","0","1","0","0",".186","19181"
"Derek Fisher","- - -","57","146","167","27","15","4","1","7","23","17","21","0","57","0","0","0","3","5","1",".185","16192"
"Curtis Granderson","Marlins","138","317","363","58","28","17","1","12","44","34","41","1","98","3","2","0","3","0","3",".183","4747"
"Chris Davis","Orioles","105","307","352","55","34","9","0","12","26","36","39","1","139","3","3","0","6","0","0",".179","9272"
"Austin Hedges","Padres","102","312","347","55","35","9","0","11","28","36","27","3","109","5","1","2","3","1","0",".176","12976"
"Josh Harrison","Tigers","36","137","147","24","15","7","1","1","10","8","6","0","27","2","2","0","0","4","2",".175","8202"
"Jedd Gyorko","- - -","62","92","101","16","13","1","0","2","6","9","9","0","24","0","0","0","3","2","0",".174","10816"
"Isan Diaz","Marlins","49","179","201","31","19","5","2","5","17","23","19","0","59","2","1","0","2","0","3",".173","17922"
"Daniel Descalso","Cubs","82","168","194","29","21","5","1","2","20","15","23","0","57","0","1","1","3","2","1",".173","8392"
"Lewis Brinson","Marlins","75","226","248","39","29","9","1","0","15","15","13","1","74","6","1","2","8","1","1",".173","14352"
"Justin Bour","Angels","52","151","170","26","13","5","0","8","18","26","17","0","52","1","1","0","7","0","0",".172","9744"
"Lucas Duda","Royals","39","105","119","18","10","4","0","4","7","15","11","1","32","1","2","0","3","0","0",".171","2502"
"Mark Reynolds","Rockies","78","135","162","23","12","7","0","4","13","20","22","0","57","2","3","0","3","2","0",".170","7619"
"Jung Ho Kang","Pirates","65","172","185","29","11","7","1","10","15","24","11","0","60","1","1","0","4","0","0",".169","17182"
"Keon Broxton","- - -","100","204","228","34","24","4","0","6","24","16","20","0","104","1","2","1","5","10","6",".167","9253"
"Mike Zunino","Rays","90","266","289","44","24","10","1","9","30","32","20","0","98","3","0","0","4","0","0",".165","13265"
"Jeff Mathis","Rangers","88","228","244","36","25","9","0","2","17","12","15","1","87","0","1","0","2","1","0",".158","3448"
"Travis Shaw","Brewers","86","230","270","36","24","5","0","7","22","16","36","3","89","4","0","0","5","0","0",".157","11982"
"Mac Williamson","- - -","40","128","144","20","15","1","0","4","13","17","14","0","44","2","0","0","3","2","1",".156","14158"
"Luke Maile","Blue Jays","45","119","129","18","13","2","1","2","9","9","8","0","33","0","0","2","1","1","0",".151","13355"
"Nick Williams","Phillies","67","106","112","16","10","4","0","2","9","5","4","0","43","2","0","0","1","0","0",".151","14330"
"Chris Owings","- - -","67","180","196","25","15","6","1","3","13","14","14","0","78","2","0","0","2","5","2",".139","10030"
"Max Stassi","- - -","51","132","147","18","16","1","0","1","7","5","12","0","49","1","2","0","3","0","0",".136","10059"
"Jake Rogers","Tigers","35","112","128","14","7","3","0","4","11","8","13","0","51","1","0","2","3","0","0",".125","19452"
"Zack Cozart","Angels","38","97","107","12","10","2","0","0","4","7","5","0","16","2","3","0","2","0","0",".124","2616"
